# Kennung Breite Laenge Hoehe_ft Bahnrichtung Bahnlaenge_m (aus FlightGears apt.dat)
00CA 35.34900 -116.89300 3038 40 1886
00FL 27.23300 -80.97500 35 120 1247
00IL 41.98200 -89.56000 840 180 763
00IS 40.02600 -89.12600 820 90 488
00KS 38.73100 -94.93100 1100 170 793
00MN 46.29800 -95.70600 1365 60 899
00NC 36.08200 -78.37400 348 50 808
00TS 32.60600 -97.24300 670 10 366
00UT 37.25000 -112.82800 6138 110 1057
00XS 33.03500 -101.93400 3110 170 450
01FL 28.78600 -81.16000 19 180 915
01II 39.88200 -86.50700 950 180 641
01KS 38.54400 -97.00300 1485 180 732
01LA 32.63900 -91.77700 90 90 610
01LL 38.12300 -89.46500 555 20 610
01MT 48.79500 -114.88600 3141 130 1523
01NC 34.47800 -77.58200 65 180 610
01NE 40.84700 -100.65400 3000 100 824
01OH 41.28300 -83.15300 665 90 763
01OK 35.29800 -98.63700 1525 170 805
01OR 43.11900 -121.05400 4346 70 1464
01PN 40.92900 -77.74100 960 60 519
01TX 32.38900 -96.87700 610 90 214
02AK 61.87800 -150.09500 190 150 671
02CL 34.76500 -119.06000 5160 160 915
02CO 37.64700 -106.04700 7615 170 814
02GA 34.20400 -83.43100 884 80 458
02II 40.06200 -86.21200 925 100 336
02IL 40.80000 -89.98600 650 180 717
02KS 39.22300 -96.05800 1170 110 564
02MO 39.05000 -91.03700 650 80 671
02NC 35.18000 -81.64700 830 150 732
02ND 48.80500 -98.52400 1600 180 763
02NE 41.07200 -96.90400 1550 90 397
02OH 41.37600 -83.08800 614 90 839
02OI 41.80200 -80.56800 950 90 458
02OR 45.68200 -121.32000 705 90 610
02TX 32.23500 -97.40200 700 140 534
02VA 38.44000 -77.85800 320 180 915
02WA 47.15600 -122.09400 690 160 808
02WI 45.03500 -92.65600 920 180 671
02XS 30.14600 -97.66400 510 20 458
03AZ 31.43300 -110.09500 4275 90 1081
03CO 40.21700 -104.74900 4950 130 1219
03FD 30.82900 -85.73400 115 90 610
03II 37.96100 -87.77900 465 180 305
03IL 41.40600 -87.81700 750 180 793
03KY 37.78900 -87.54300 385 30 702
03LL 39.34100 -88.29400 635 90 488
03MA 42.39400 -72.55500 150 120 488
03MO 37.88700 -93.13300 1010 150 671
03NC 34.10400 -77.90900 35 90 839
03ND 48.63000 -97.82900 1045 170 793
03NE 41.54400 -99.33200 2430 10 671
03NY 40.96100 -72.71900 95 160 610
03OH 41.41600 -83.02000 580 50 671
03OK 36.04300 -96.16100 890 180 366
03OR 45.85500 -117.49000 3340 70 900
03VA 38.66700 -77.58300 250 140 686
03WA 47.41200 -117.37000 2440 180 854
03WI 44.02500 -88.88100 880 180 458
04CA 34.56400 -117.68300 3020 80 1521
04CL 33.08200 -116.44500 2310 80 580
04FD 29.92200 -82.90300 45 170 427
04FL 29.23900 -81.22700 30 90 915
04II 41.13200 -84.99400 765 180 418
04IL 40.63500 -89.00700 755 180 519
04IS 40.17900 -88.57300 728 90 671
04KY 37.13700 -85.79100 710 150 519
04LA 32.27700 -93.40600 275 180 793
04LL 42.13600 -88.29400 750 90 1129
04MA 42.81200 -71.14200 200 160 641
04MI 42.53700 -84.62900 880 180 610
04MN 47.98700 -94.69200 1195 100 763
04MO 39.30500 -91.45100 767 180 793
04MS 32.94400 -90.83700 100 170 1039
04ND 46.73000 -97.44000 1064 170 619
04NE 41.15600 -101.29900 3035 180 774
04NJ 39.59500 -75.23900 155 80 1068
04NV 35.75200 -115.66800 2620 20 988
04NY 42.25500 -73.69700 250 20 1586
04OH 41.24500 -81.10000 1080 180 671
04OI 41.41700 -83.79700 665 180 763
04OR 44.75100 -120.20400 1500 90 458
04TX 31.73400 -97.37100 565 120 610
04WA 47.58000 -117.43800 2345 180 549
04WI 42.52300 -88.02000 760 90 549
05AK 61.67000 -149.18600 629 30 462
05CL 38.61300 -122.39700 618 100 1127
05CO 40.21900 -104.98300 4978 180 808
05II 41.02800 -85.00000 795 90 549
05IL 41.15700 -88.02100 635 100 793
05IS 39.72600 -89.26800 605 90 610
05LA 32.26800 -91.69800 76 180 671
05MN 44.63100 -93.07300 920 180 805
05ND 47.20500 -97.47200 1208 180 519
05NE 41.72400 -98.31000 2010 150 492
05OI 41.28800 -81.96600 830 90 610
05OK 35.85600 -97.56800 1075 170 671
05OR 45.44400 -117.35500 3500 110 793
05TA 29.81100 -96.26500 276 170 519
05TS 33.13200 -97.35900 750 170 519
05TX 32.13200 -97.40500 608 150 633
05UT 37.03800 -110.32100 4838 140 1205
05VA 37.22700 -78.41900 445 180 610
05WI 42.65100 -88.74900 958 90 549
05XS 33.07600 -91.54400 105 10 793
06FA 26.90800 -80.33900 28 90 2131
06II 40.02000 -86.03900 767 20 793
06IL 41.40000 -90.99300 700 90 428
06IS 40.55000 -91.27400 695 180 793
06MO 39.23500 -94.80600 755 150 908
06NC 34.82700 -78.93500 163 90 793
06ND 46.74900 -101.67500 2180 80 854
06OH 41.50900 -80.59600 1160 90 732
06OI 39.73500 -84.38600 915 90 688
06OR 45.46400 -123.08000 850 180 305
06TA 30.90600 -97.11700 480 180 580
06TE 30.31200 -95.03100 129 80 761
06TS 32.12400 -96.18300 350 130 1037
06WI 45.66300 -92.45300 1075 90 458
07FA 25.32200 -80.27700 8 40 1373
07FD 30.42100 -83.28400 90 180 607
07IL 41.49300 -88.20600 590 90 732
07KS 37.73700 -96.93600 1330 180 610
07KY 38.08100 -85.69700 532 110 610
07LL 38.72300 -87.74400 445 180 549
07MI 43.86400 -85.02900 1065 90 886
07MN 44.05500 -95.91400 1680 90 793
07MO 38.65800 -93.61800 880 170 1678
07MT 48.43000 -106.55200 2762 100 4105
07NC 34.83200 -80.75400 625 80 610
07ND 47.15700 -102.06700 1875 100 482
07NY 40.87400 -73.03800 80 180 671
07OK 34.63700 -99.03400 1322 170 732
07OR 45.42300 -122.62000 250 170 366
07PA 40.15900 -75.49400 315 50 549
07TA 29.23900 -95.34800 30 60 671
07TE 27.71700 -97.51400 39 40 1541
07TS 30.62800 -97.57300 690 170 763
07VA 36.82200 -78.78400 350 160 488
07WI 42.96500 -88.39400 990 90 458
08AK 60.86900 -162.27400 17 150 602
08FD 27.36900 -80.77300 65 180 1262
08FL 27.08100 -81.33000 103 30 763
08GA 31.42000 -81.28900 12 30 1525
08IL 41.57700 -89.79800 643 90 671
08KS 39.03800 -97.58000 1250 170 824
08MA 42.29300 -71.49700 360 40 305
08MS 34.66000 -89.87400 345 70 1133
08NC 36.07200 -80.46600 750 180 976
08ND 47.32800 -102.09800 1900 170 397
08NE 42.43200 -97.08400 1467 110 965
08NY 42.78000 -74.58200 1508 130 784
08OH 41.29100 -80.56900 1230 90 915
08OR 42.84300 -121.11600 4990 180 854
08TE 29.98000 -98.74500 1447 160 948
08TS 26.89200 -98.50900 420 150 1037
08TX 32.85900 -97.75100 1040 90 641
08VA 37.55400 -79.75200 1000 90 458
08WI 43.04200 -90.35300 1225 140 549
09AK 57.53300 -153.98400 77 30 824
09CL 39.11000 -121.05900 2275 10 928
09CO 38.05600 -103.65900 4180 90 991
09FA 27.25200 -81.41300 130 180 1483
09FD 28.67500 -82.08800 71 180 808
09FL 30.90200 -87.17800 250 90 755
09GA 31.11100 -83.68800 230 90 732
09II 38.44700 -86.44800 880 90 488
09KS 38.71000 -95.13900 970 170 763
09LL 42.47100 -88.74400 1000 170 702
09MA 42.30500 -71.50900 403 90 610
09MN 44.77600 -95.66400 1060 180 817
09MO 37.37900 -93.36600 1210 90 403
09NC 35.33200 -79.03200 310 160 732
09NE 41.33500 -96.19200 1250 180 549
09OH 40.35000 -80.90900 1240 110 610
09OK 36.35100 -95.86500 700 10 763
09PA 40.82500 -77.99100 1780 60 702
09TS 29.48200 -103.17100 3100 90 1278
09TX 30.74000 -102.03200 2522 90 1586
09VA 36.97500 -80.49500 2375 50 336
09WI 44.00000 -91.30800 705 180 763
0AK0 64.39300 -146.86500 889 130 400
0AK1 61.61800 -149.32100 463 80 671
0AK2 71.05700 -154.76000 11 40 763
0AK3 62.03700 -150.49500 250 140 275
0AK6 61.80500 -147.94800 1800 110 519
0AL1 30.44700 -87.65800 97 170 805
0AL5 31.03500 -87.25500 247 150 671
0AL9 34.85000 -87.63600 590 90 671
0AR1 35.09500 -93.20600 370 90 732
0AR2 35.27100 -90.35000 217 180 854
0AR3 35.89900 -93.26400 2160 90 610
0AR7 33.95300 -91.18100 150 180 671
0AS0 33.66000 -111.62200 1560 60 915
0AZ1 32.30500 -111.32600 2130 30 991
0AZ2 33.78300 -113.64100 1930 120 1051
0AZ4 32.97900 -112.28900 1505 10 885
0AZ5 33.86900 -112.60300 2080 170 610
0CA1 34.98900 -120.46200 190 80 763
0CA3 34.58900 -120.01700 570 100 641
0CA4 34.62100 -120.07100 660 60 1098
0CA5 33.14400 -116.74700 3100 110 427
0CA8 33.43100 -116.84400 2500 90 686
0CA9 35.59900 -120.33900 1140 160 1027
0CL1 34.56900 -117.56100 3042 70 1025
0CL3 32.63400 -116.89700 490 50 732
0CL6 34.69500 -118.28600 2410 90 580
0CL8 35.59000 -117.63900 2490 60 1068
0CO1 40.03000 -105.12500 5170 180 763
0CO2 38.85400 -106.93800 8980 110 1218
0CO3 39.89500 -104.54400 5373 180 1281
0CO5 39.26700 -108.86800 4724 70 778
0CO6 38.21400 -108.21700 8000 20 1373
0CO8 40.21100 -105.01300 5010 170 610
0CO9 37.65900 -106.03800 7613 90 793
0FD0 29.26700 -81.23600 40 90 1220
0FD3 29.36500 -82.15000 82 180 763
0FD7 28.47100 -82.24400 90 110 756
0FD8 28.97600 -81.73900 125 90 384
0FD9 30.65000 -86.11100 290 40 602
0GA0 33.35300 -84.36800 800 10 656
0GA1 34.48000 -82.90000 693 130 610
0GA2 34.37700 -82.95000 720 80 793
0GA3 33.77300 -85.06100 1287 180 610
0GA4 33.81000 -83.50600 736 180 610
0GA6 33.73600 -83.82100 780 150 641
0GA7 33.68700 -85.00200 1080 150 915
0GA8 30.88400 -83.41800 200 30 915
0GA9 32.71200 -84.03300 505 70 1129
0IA3 42.43500 -92.33200 883 90 702
0IA5 40.87500 -93.26300 1060 170 610
0IA6 41.66300 -92.29000 920 180 793
0IA8 42.22800 -91.75100 895 180 390
0ID2 44.44600 -113.78500 5600 110 1979
0II0 40.26000 -85.25600 955 90 458
0II1 40.42800 -86.15600 816 90 397
0II2 41.45700 -86.12700 820 90 397
0II3 40.62800 -86.04200 810 90 732
0II4 41.39700 -84.83800 850 90 397
0II5 40.66300 -86.85700 705 180 732
0II6 41.64100 -85.83400 810 60 915
0II7 39.79200 -85.78600 900 180 763
0II8 41.32300 -87.47600 740 10 427
0II9 39.53600 -86.57700 755 180 488
0IL2 40.84400 -88.04800 642 10 726
0IL3 40.15900 -87.67500 696 180 549
0IL7 41.87700 -88.83500 870 180 805
0IL8 41.87000 -88.72400 890 180 488
0IL9 41.85500 -88.79200 880 90 854
0IN1 38.50200 -87.59800 400 150 610
0IN2 40.83200 -85.08600 835 90 885
0IN3 41.11700 -86.67100 704 90 671
0IN4 41.12600 -84.94400 750 140 744
0IN5 38.32900 -86.03600 800 90 366
0IN9 37.99300 -87.95600 390 90 732
0IS4 39.76600 -88.67100 670 180 736
0IS5 38.93600 -89.62800 595 120 488
0KS0 38.63700 -95.92600 1180 170 793
0KS1 39.22000 -95.33800 1100 170 702
0KS2 38.56300 -95.31000 1045 170 732
0KS3 38.56900 -95.36800 1120 150 610
0KS4 38.80600 -95.60000 1090 10 534
0KS5 38.60600 -94.92500 920 180 763
0KS6 37.45300 -97.32200 1240 90 700
0KS7 37.69600 -97.88600 1450 180 610
0KS9 37.51400 -96.92400 1330 50 915
0KY1 36.76600 -86.62400 504 100 973
0KY4 37.56700 -87.08200 427 180 511
0KY5 36.81100 -86.37900 600 70 854
0KY7 36.63300 -88.99900 360 180 671
0KY8 37.11900 -83.74000 850 120 702
0LA1 30.23300 -90.97400 15 170 915
0LA2 30.28100 -90.96300 17 180 671
0LL2 40.73900 -90.38500 700 90 793
0LL5 40.11000 -88.08200 675 90 680
0LL6 41.69800 -88.61200 710 90 793
0LL8 40.83100 -88.37800 660 180 610
0MD1 39.18600 -75.79800 75 80 915
0MD2 38.28900 -76.87100 16 120 671
0MD4 39.27000 -76.18800 47 180 793
0MD6 39.37900 -77.10800 750 50 549
0MI1 44.14000 -84.44400 940 90 1068
0MI2 44.52200 -83.68700 850 90 610
0MI3 44.63800 -84.48400 1000 40 1129
0MI4 46.26600 -87.38600 1120 180 915
0MI6 46.39100 -85.18400 800 180 671
0MI7 46.34900 -87.78900 1446 180 747
0MI8 44.89700 -84.30300 1275 50 824
0MN1 44.26300 -94.07400 1020 90 610
0MN5 44.30300 -94.91700 1033 180 854
0MN6 43.66200 -92.40900 1365 90 763
0MN8 45.13600 -92.86300 990 90 503
0MO0 38.41200 -93.85300 775 120 514
0MO1 38.54400 -94.09800 920 80 641
0MO2 37.78500 -90.78100 950 10 366
0MO3 38.43900 -94.59600 1000 50 549
0MO5 40.13100 -92.10000 780 180 549
0MO6 40.11700 -92.27000 850 90 549
0MO8 39.14400 -90.73700 437 170 793
0MS0 32.47200 -88.62000 453 40 976
0MS1 31.42300 -90.90600 200 50 702
0MS2 31.54500 -89.39200 300 180 702
0MS5 33.39500 -90.91700 120 180 824
0MS7 34.34300 -89.14700 346 90 641
0MS8 33.70500 -91.16500 154 180 1220
0MS9 33.80300 -89.03200 300 120 976
0MU0 37.23900 -91.09500 784 160 930
0MU1 37.24700 -94.17700 1027 90 610
0MU4 39.61700 -92.87000 800 110 519
0MU7 38.87900 -94.13900 1070 180 793
0MU8 37.44000 -89.75900 582 160 244
0NA1 46.24500 -97.04200 1045 80 610
0NA2 46.76800 -96.92900 910 170 488
0NA3 46.90600 -97.09900 913 170 793
0NA4 46.80500 -97.91100 1480 80 839
0NA5 48.00400 -99.56300 1580 170 671
0NA6 46.97400 -102.30500 2080 80 1068
0NA7 47.40100 -101.07300 1935 80 793
0NA8 47.87800 -101.14600 2150 170 793
0NA9 46.75200 -103.80400 2750 130 671
0NC8 35.75300 -80.73700 830 30 702
0ND0 47.93300 -99.40100 1550 170 793
0ND2 47.17200 -96.84400 877 90 580
0ND6 46.05500 -99.92000 2020 80 488
0ND7 46.46200 -100.10500 1961 180 793
0NE0 41.84700 -101.95700 3815 50 603
0NE1 42.40600 -101.94400 3760 90 776
0NE2 41.86500 -101.92100 3791 50 702
0NE5 41.02500 -102.02000 3528 140 849
0NE6 40.43800 -98.07100 1765 170 1015
0NJ5 40.88800 -74.70800 1040 150 641
0NJ6 39.31600 -74.63800 8 90 900
0NK0 42.33400 -78.79300 1690 110 427
0NK1 43.36500 -76.22100 450 180 641
0NK2 42.98300 -74.02200 800 100 915
0NK3 42.69900 -77.79500 600 160 824
0NK6 42.44000 -76.09000 1280 140 442
0NK9 43.01000 -75.83000 1050 90 519
0NY0 43.69800 -73.97800 1040 140 915
0NY1 43.13700 -73.65400 260 30 415
0NY2 43.34100 -75.36300 840 90 763
0NY3 43.31500 -74.93500 1440 130 488
0NY4 42.95500 -78.55100 750 10 549
0NY7 43.03500 -74.18600 940 40 610
0NY8 42.99700 -74.24900 800 90 519
0OH2 39.97400 -83.91200 1080 180 723
0OH4 40.34600 -82.78100 1155 80 549
0OH5 39.44100 -84.04800 936 70 999
0OH6 39.60000 -84.02000 775 40 244
0OH7 40.14600 -84.17200 1000 90 671
0OH8 40.18500 -84.25800 900 30 915
0OH9 40.07100 -83.23200 943 60 336
0OI2 39.36200 -83.42000 940 140 671
0OI4 41.32600 -81.16500 1250 170 610
0OI6 41.84200 -80.64400 860 180 793
0OI9 38.89500 -83.11500 830 100 336
0OK0 35.68700 -97.43300 1169 180 732
0OK1 34.65300 -97.40200 1056 180 976
0OK3 35.62600 -98.52400 1420 160 1504
0OK4 34.65800 -96.25600 730 40 717
0OK5 35.88600 -97.40100 1070 180 610
0OK6 35.80500 -97.38600 1220 180 732
0OK8 36.29600 -97.59300 1140 170 763
0OK9 36.20900 -96.63800 1016 10 915
0OR1 44.50100 -119.37400 4130 20 503
0OR3 42.02000 -121.70700 4090 100 595
0OR5 42.50400 -122.85800 1345 90 519
0OR6 42.83800 -117.62900 3387 160 885
0OR7 44.85700 -123.26400 275 160 580
0OR8 42.48500 -122.87100 1260 70 763
0OR9 45.59500 -121.54900 1626 160 580
0PA0 40.32500 -75.24100 670 10 747
0PA3 41.75100 -76.76100 1207 170 389
0PA4 40.24000 -76.72500 380 180 462
0PA6 40.62900 -77.85200 760 50 519
0PA7 39.88300 -75.41600 180 40 366
0PA9 41.20600 -77.23000 547 90 702
0PN0 41.43700 -80.16800 1290 40 610
0PN2 41.07400 -80.07400 1247 120 656
0PN5 41.77900 -79.60300 1761 90 732
0PN6 40.16700 -77.99400 1138 50 528
0PN8 41.61500 -79.68500 1560 50 610
0PN9 41.71800 -79.67500 1645 140 549
0PS0 41.36800 -79.34200 1560 10 671
0PS3 40.48900 -76.76800 800 60 388
0PS4 41.00600 -78.56400 1980 60 732
0PS7 40.52100 -76.84900 720 80 580
0SD0 45.42900 -100.89400 2142 150 915
0SD3 45.27000 -103.22400 2872 90 1129
0SD6 44.28600 -101.82300 2580 140 763
0SD7 43.52200 -101.73200 2775 140 610
0SD8 43.78600 -100.29500 1900 150 885
0TA1 34.21700 -101.98000 3552 180 610
0TA2 34.21100 -101.92600 3487 90 1220
0TA3 30.30400 -102.14200 2650 70 763
0TA4 32.50000 -96.27200 395 150 531
0TA7 30.15700 -103.90600 4702 50 1585
0TA8 33.84500 -95.40800 410 180 817
0TE4 31.08500 -96.21700 501 160 917
0TE5 27.44200 -99.18800 516 170 1833
0TE7 30.26000 -98.62300 1515 170 1924
0TN0 35.67900 -86.89700 810 170 534
0TN2 35.65500 -84.18700 920 50 366
0TN5 35.86700 -86.50200 600 90 717
0TN6 36.18300 -84.10100 1125 80 320
0TS1 33.10100 -97.27300 650 170 534
0TS2 32.94800 -97.32900 820 10 183
0TS4 30.09400 -96.79500 410 180 549
0TS7 32.83700 -98.12500 978 180 854
0TS8 26.15200 -97.88300 81 180 278
0TS9 30.01400 -97.73900 600 40 384
0TX0 32.42300 -97.71500 714 140 854
0TX1 32.35900 -97.67600 710 180 1070
0TX5 33.02600 -97.12000 635 170 549
0TX6 29.50800 -97.99900 550 140 671
0TX7 32.94800 -97.15300 700 50 686
0TX8 33.18300 -96.04400 570 170 549
0TX9 33.25000 -96.12100 540 90 702
0VA1 37.23500 -79.58800 900 140 610
0VA2 37.79800 -79.76900 1020 140 610
0VA3 37.69600 -77.09700 150 40 671
0VA4 36.95300 -79.88000 1219 170 641
0VA5 37.69000 -77.66500 280 40 1190
0VA7 37.52300 -77.82200 425 90 397
0VA9 37.44600 -76.45400 8 20 305
0WA1 46.62000 -122.82600 350 160 610
0WA2 46.58700 -123.10600 254 180 721
0WA5 46.88900 -122.38200 750 180 610
0WI1 45.50400 -92.14600 1255 40 958
0WI2 43.19800 -88.33600 910 30 793
0WI4 43.82900 -89.35900 810 80 988
0WI5 42.79300 -87.89400 755 90 610
0WI6 42.87400 -88.16000 805 90 397
0WI7 44.13400 -88.50300 760 90 641
0WI8 43.14100 -88.47200 885 90 427
0WI9 42.93500 -89.33900 931 180 793
0XA4 28.00300 -98.88500 331 150 1528
0XA5 28.68900 -98.38700 320 130 1159
0XS1 29.28900 -96.35100 129 140 458
0XS2 30.55200 -100.53900 2342 40 1129
0XS6 30.50500 -98.14700 800 170 915
0XS7 29.19800 -100.28100 1067 130 1810
0XS8 29.07900 -100.37900 958 120 976
10AZ 33.36600 -112.62400 860 80 1032
10CL 35.36900 -119.19900 347 90 702
10CO 39.45900 -102.21300 4000 170 915
10FD 30.58900 -85.07400 140 100 813
10GA 33.32800 -84.30000 910 150 641
10LA 30.25000 -92.09600 35 180 654
10MO 38.91200 -91.70500 839 180 610
10ND 47.19000 -102.36100 2200 90 549
10OH 41.40500 -82.63000 617 160 427
10OK 35.17000 -97.21700 1175 170 793
10OR 45.78800 -123.23300 1000 20 305
10TS 29.55400 -98.10300 980 160 275
10VA 37.38400 -78.81500 785 50 549
10WA 47.55200 -117.41400 2310 180 671
10WI 45.11900 -88.19000 850 180 641
1104 43.28500 2.21200 581 110 800
11AK 64.00100 -145.50900 1190 80 732
11CA 36.67300 -119.72500 300 70 549
11CL 34.62900 -117.66300 2885 70 1792
11FL 30.04700 -81.88100 50 180 915
11II 39.34700 -86.03100 710 180 1252
11KS 39.11900 -95.14900 1090 40 610
11LL 40.72000 -88.76300 720 180 686
11MA 41.80600 -70.75900 60 40 366
11MO 38.90500 -91.63500 820 180 641
11ND 47.42900 -102.38400 2190 170 857
11NE 42.44600 -103.92000 4650 90 407
11NY 42.20900 -76.45300 969 90 488
11OH 40.66200 -82.85800 1080 60 610
11OK 35.07500 -97.38300 1150 180 580
11OR 43.39200 -123.28900 510 50 678
11TS 31.65500 -96.41300 526 20 723
11TX 33.67000 -96.69100 840 170 610
11WA 47.52200 -117.47400 2320 30 732
11XS 29.74300 -98.45200 1087 160 869
12AR 35.18300 -92.33500 314 180 980
12CA 38.10900 -121.17200 70 70 549
12FL 28.73100 -81.63600 69 180 1037
12II 39.85600 -84.97700 1020 90 763
12IL 41.20000 -88.01900 620 90 397
12KY 38.46200 -85.17200 853 130 763
12MI 43.05400 -83.49200 820 180 565
12MO 38.57800 -93.59900 990 50 915
12NC 34.87200 -76.35600 20 10 1109
12NE 41.91000 -103.70000 3985 170 585
12OH 39.83600 -84.33500 940 170 314
12OK 35.53700 -97.45600 1070 20 1020
12OR 42.95100 -117.28600 4273 60 671
12PA 40.19100 -75.61600 315 160 412
12TS 32.91100 -97.97700 1050 170 488
12TX 30.82400 -98.08100 1235 160 610
12WA 47.51900 -117.46500 2313 30 473
12XS 34.95800 -91.83700 253 180 747
13AK 61.65000 -149.88800 350 90 299
13CO 40.04400 -105.11300 5050 180 549
13GA 31.37100 -83.75700 350 160 1037
13IL 41.04200 -90.89800 570 90 610
13KS 37.70100 -97.11000 1325 170 610
13KY 37.70800 -87.15600 407 180 610
13MA 42.04500 -72.65000 180 100 686
13MO 37.67400 -91.70900 1260 40 610
13NC 35.02600 -77.26400 27 10 1297
13ND 47.49100 -97.62300 1115 170 671
13OH 41.32700 -84.29800 728 180 686
13OR 43.74200 -122.43000 1680 120 595
13PN 40.45500 -75.30600 550 120 268
13TS 27.45700 -98.93100 830 110 915
13TX 30.53200 -100.45600 2350 70 824
13WA 48.25900 -122.43700 145 160 534
13WI 43.69600 -89.00400 920 90 744
13XS 34.93500 -92.19400 311 90 406
14AK 61.50100 -149.16700 300 180 397
14AZ 31.90600 -111.12900 4025 60 1331
14CO 38.09600 -104.91400 6000 50 763
14FD 29.94900 -81.49400 23 90 763
14FL 30.86600 -87.18100 240 90 610
14KY 38.17600 -84.37100 985 130 683
14LA 30.83700 -91.50800 53 180 885
14MI 42.85100 -85.56900 750 90 305
14MO 39.05000 -94.32000 900 90 580
14MS 32.34400 -89.04000 400 30 1065
14NC 34.50900 -77.55000 60 10 1644
14ND 46.20500 -102.90600 2810 140 647
14NY 42.13700 -76.38500 1140 180 458
14OH 40.66600 -83.44400 930 20 610
14OI 40.91800 -82.11800 1050 70 763
14OK 35.80700 -97.93400 1105 170 671
14PA 40.28900 -75.65900 350 180 397
14TA 29.90100 -98.40400 1180 160 458
14TS 27.43000 -98.60800 532 160 1847
14TX 30.29200 -98.17500 1150 160 610
14VA 39.22600 -77.74700 790 10 580
14WA 48.23500 -122.45500 10 30 534
14WI 45.17700 -91.51800 1000 180 580
14XS 30.80600 -97.27500 430 10 549
15AR 34.82900 -90.54600 220 140 763
15AZ 33.75000 -114.47700 290 170 1220
15FD 30.65600 -85.53100 260 10 668
15FL 30.15900 -82.66600 125 90 1081
15GA 32.68200 -82.48300 328 120 763
15IL 41.80000 -89.27300 836 180 702
15IS 40.29200 -88.36500 730 90 805
15KS 38.43400 -96.08800 1200 180 702
15KY 38.15800 -84.30600 910 110 775
15MA 41.42300 -70.91100 10 120 259
15MO 40.39500 -92.56700 997 160 700
15NE 40.28500 -98.83000 1990 30 831
15PA 41.59200 -75.35500 1400 10 488
15TA 30.25900 -99.94800 1125 160 976
15TX 32.30600 -98.32500 1550 170 473
15VA 38.72000 -77.90000 450 20 595
15WA 48.27500 -122.35700 125 160 610
15WI 42.92800 -89.42300 978 90 793
1651 45.46300 0.15600 613 130 354
16AK 61.59800 -149.35400 324 90 391
16CO 40.91200 -105.08900 5860 70 1068
16FD 29.40500 -81.50100 20 90 1037
16FL 30.72900 -87.20200 200 180 915
16II 41.18700 -86.93500 710 170 793
16IL 42.06700 -88.83700 830 90 610
16IS 37.57500 -89.01100 720 30 671
16KS 37.94200 -100.78400 2850 10 854
16KY 38.44700 -83.12400 1070 170 732
16MI 42.88700 -83.86900 820 90 397
16MO 38.40400 -91.16000 755 40 580
16NC 36.19600 -76.67000 31 10 793
16NE 40.56600 -96.49200 1390 180 1520
16OI 40.12900 -84.58300 1038 180 793
16OK 35.46500 -97.20200 1160 30 549
16TA 30.92700 -103.78100 3500 180 1708
16TS 32.22500 -95.31800 420 170 458
16TX 32.26200 -98.11000 1300 50 580
16WA 47.84400 -117.69700 1854 60 462
16XS 33.08500 -97.36000 800 170 909
1751 45.62100 -0.85100 82 130 313
17CL 37.08900 -122.27500 125 140 397
17FL 29.28700 -82.12000 100 90 2191
17II 41.45000 -86.51500 706 90 793
17IL 41.41200 -89.20700 675 90 528
17IS 41.75700 -88.94900 950 90 514
17KS 38.50600 -95.67700 1000 180 763
17KY 37.39700 -87.25900 440 170 610
17LL 40.15800 -88.41000 725 180 610
17MO 38.98500 -91.54000 825 80 915
17NC 34.46900 -78.33100 23 150 641
17OH 41.23900 -82.27000 855 180 885
17OI 39.22800 -83.32000 750 130 586
17OK 36.52700 -97.75900 1142 170 464
17OR 43.26700 -123.11300 980 130 702
17TX 32.45300 -98.25500 1100 170 978
17WI 43.04000 -88.89300 885 180 763
17XS 32.17000 -98.43900 1422 10 1923
18AZ 33.81600 -111.90400 2568 60 1237
18FD 30.85400 -86.67200 250 90 895
18GA 33.69600 -83.65900 750 160 793
18II 40.12400 -86.06800 855 180 793
18KS 37.37400 -97.10700 1270 170 763
18MN 46.23700 -94.59800 1283 90 793
18MO 36.96600 -93.17000 1380 180 793
18NC 35.88800 -81.61400 1160 30 229
18NE 40.51000 -97.61400 1640 40 1077
18NY 42.01400 -74.05100 500 50 610
18OH 41.25600 -82.14800 800 90 793
18OI 41.42700 -82.98300 575 180 769
18OR 44.27500 -120.79700 3130 120 519
18PA 41.54200 -77.31000 1800 130 641
18PN 40.06400 -77.69500 733 50 500
18TA 30.14200 -99.74600 2330 160 1375
18TE 32.58500 -95.07200 390 80 1549
18TX 32.95700 -96.22900 545 160 1068
18XS 33.80300 -101.03400 3000 170 732
19AK 59.96800 -141.67100 50 50 1046
19AZ 34.60900 -111.86600 3370 170 994
19CL 34.70700 -117.35300 2510 10 1159
19GA 33.42700 -84.50300 868 140 915
19IL 41.51100 -89.23000 798 180 580
19IS 38.29600 -88.56200 430 90 789
19KY 38.70900 -84.60000 940 180 610
19LL 41.26000 -87.92000 650 180 592
19NC 36.06800 -77.92400 195 170 732
19ND 47.73300 -98.49400 1458 80 793
19NY 42.40900 -77.96300 1650 170 763
19OH 41.17100 -82.05900 915 180 549
19OK 35.72900 -95.97900 940 40 412
19OR 45.11000 -121.22900 2000 70 763
19PA 41.11600 -76.52100 750 30 153
19TA 32.82600 -96.41900 567 150 946
19TX 31.24300 -97.51400 690 170 976
19VA 36.88800 -82.29800 1720 180 488
19WA 45.72300 -121.88700 972 150 702
19WI 45.19200 -92.05700 1180 180 671
1AK1 67.37600 -152.01900 840 130 686
1AK2 62.40200 -146.01500 2125 130 354
1AK4 60.52400 -150.75800 200 70 641
1AK7 61.25100 -149.32200 660 100 412
1AL2 33.24600 -86.60100 580 50 885
1AL4 30.54500 -87.56300 180 90 732
1AL5 30.63600 -87.75000 170 90 397
1AL8 33.61400 -86.47500 730 170 610
1AR0 35.39400 -91.13700 221 30 1247
1AR1 34.53100 -91.87200 215 180 763
1AR2 34.98700 -91.55500 208 90 805
1AR3 34.97700 -91.52600 208 180 794
1AR4 36.01800 -94.02200 1240 90 671
1AR5 35.21600 -94.31900 544 90 488
1AR6 35.50200 -92.20100 1000 60 793
1AR8 35.32600 -94.18900 420 90 488
1AR9 34.81700 -92.00200 250 120 458
1AUS -28.59700 153.54800 20 50 1220
1AZ0 33.10100 -112.27400 1261 90 1373
1AZ2 33.41500 -112.18200 1015 170 732
1AZ8 35.29900 -114.37600 3750 130 793
1AZ9 32.58300 -110.85800 3886 60 1296
1CA1 35.47300 -119.72900 575 110 1716
1CA4 33.87300 -114.52700 300 160 686
1CA6 32.76800 -116.72400 2650 150 714
1CD2 40.16700 -104.79800 4925 80 912
1CL1 34.79300 -118.28200 2433 60 885
1CL2 34.94100 -118.17200 2610 30 580
1CO2 38.16100 -108.34400 6842 50 763
1CO3 40.71100 -104.79600 5225 140 1525
1CO4 38.58000 -107.95900 5560 170 1007
1CO5 38.01600 -103.70900 4260 80 1147
1CO7 38.55100 -105.99300 7480 60 183
1CO8 39.52700 -104.66100 6295 40 671
1FD0 30.71900 -85.02400 130 180 702
1FD2 30.61900 -83.30700 100 90 604
1FD4 26.44100 -81.61000 29 30 1220
1GA0 31.63500 -81.33100 10 30 1144
1GA2 33.18100 -84.75000 870 170 927
1GA4 32.32800 -81.75900 180 90 610
1GA5 30.93600 -83.38500 211 170 1022
1GA6 33.01100 -84.11200 800 160 549
1GA8 31.18300 -83.22800 225 170 915
1GA9 33.76000 -83.65000 830 140 610
1IA0 40.90000 -94.79100 1300 170 610
1IA4 41.05700 -94.39500 1290 180 305
1IA6 40.88300 -95.48600 1134 20 434
1IA9 43.06800 -93.90800 1192 90 976
1II0 39.57700 -85.59100 910 90 519
1II2 40.61600 -84.83800 850 90 610
1II3 38.95900 -87.39400 500 180 488
1II4 38.12500 -86.16400 665 90 320
1II5 41.24500 -86.50400 730 10 580
1II8 39.81400 -85.82100 870 70 366
1II9 39.98900 -87.34000 655 180 671
1IL1 39.24200 -89.42700 653 10 641
1IL2 40.34500 -89.47100 660 180 403
1IL4 38.41700 -90.13500 631 60 793
1IL5 41.33600 -90.79100 770 90 488
1IL6 41.86500 -89.44200 786 180 427
1IL8 40.93200 -87.60000 665 90 775
1IN0 40.13300 -85.23400 1040 10 580
1IN1 39.48900 -86.65300 750 180 214
1IN5 38.28800 -87.38200 545 180 671
1IS3 39.72800 -89.06400 620 90 695
1IS4 42.13500 -89.82800 916 90 610
1IS5 41.65400 -89.00400 900 130 488
1IS6 39.01700 -88.53900 550 180 626
1KS1 38.46200 -95.22600 1005 170 610
1KS3 39.30500 -96.76000 1350 40 336
1KS5 39.16500 -96.09600 950 180 671
1KS6 38.86300 -97.53700 1204 180 763
1KS7 37.66900 -101.01800 3028 180 1068
1KS8 38.51600 -100.99900 3038 90 763
1KY7 37.83500 -84.18100 910 180 610
1KY8 39.08000 -84.75900 845 40 549
1L50 30.22900 -90.88300 14 170 1211
1LA0 30.02100 -92.52800 6 170 854
1LA1 29.97800 -90.43700 10 20 1220
1LA3 30.02500 -92.83400 4 180 1220
1LA5 30.79900 -92.06300 40 80 580
1LL0 41.32800 -88.60200 625 50 418
1LL2 41.30400 -88.63600 500 180 854
1LL6 42.23000 -89.73800 877 180 503
1LL7 41.35000 -89.77700 690 90 610
1LL8 40.78600 -87.55800 680 180 598
1MA5 42.27900 -71.55000 432 110 427
1MD1 38.56900 -76.28900 4 90 488
1MD3 39.30700 -75.98900 75 30 549
1MD8 39.68100 -77.10000 580 60 580
1MI1 46.70000 -88.99700 1100 180 610
1MI3 45.19600 -84.32900 880 90 1185
1MI4 45.83900 -87.32600 880 90 534
1MI5 42.60300 -83.86400 955 90 747
1MI6 46.38000 -84.31500 675 90 702
1MI7 44.31900 -84.06900 857 150 549
1MI8 44.85000 -83.63700 785 140 793
1MI9 46.47400 -87.35100 660 170 351
1MN0 46.04700 -96.54700 980 170 793
1MN1 45.97700 -96.56500 1000 170 793
1MN5 44.84400 -93.74500 1000 90 824
1MN8 44.52800 -93.33100 1111 120 854
1MO0 39.48500 -94.78200 1000 20 724
1MO2 38.55000 -94.48000 825 90 641
1MO3 39.93700 -94.07600 940 150 992
1MO4 39.88800 -93.86400 800 180 732
1MO6 36.84300 -90.72300 737 170 1525
1MO7 40.36200 -91.97500 750 180 488
1MO8 38.24900 -92.80300 800 180 805
1MO9 37.47500 -93.85300 1040 10 915
1MS0 33.60000 -90.78500 129 40 702
1MS2 32.93900 -89.93300 240 40 732
1MS6 34.79800 -89.91800 262 100 915
1MS8 32.94600 -88.58700 260 130 1921
1MS9 31.00900 -90.97100 300 40 839
1MU0 37.16300 -93.56500 1260 20 804
1MU2 39.44500 -94.66600 800 120 427
1MU4 38.65500 -93.78100 840 150 793
1MY1 45.98600 -96.20300 1033 90 1368
1NA0 48.73200 -97.89500 1142 80 793
1NA2 46.85300 -102.21300 2430 70 671
1NA4 46.59500 -103.52000 2420 90 930
1NA5 46.62500 -99.45500 1950 80 702
1NA7 46.57900 -101.52100 1890 60 519
1NA8 46.69000 -100.10000 1795 80 686
1NA9 47.03400 -102.49900 2120 110 488
1NC0 35.72500 -79.94300 460 160 702
1NC3 36.18000 -76.15200 7 90 610
1NC5 35.93300 -78.35200 360 90 610
1NC6 35.05900 -80.45300 535 150 854
1NC7 35.72900 -76.67300 18 40 1220
1NC8 35.23400 -79.58800 580 90 1159
1NC9 35.44900 -81.42800 1030 80 366
1ND0 46.18800 -102.51800 2550 90 915
1ND1 46.18000 -102.55100 2541 90 671
1ND2 47.38500 -97.71900 1240 90 793
1ND3 46.65200 -97.00800 945 150 824
1ND6 45.97100 -98.17800 1325 170 885
1ND7 46.82600 -97.26700 943 180 610
1ND9 46.94500 -100.94700 1645 90 1220
1NE0 42.31400 -100.41400 2860 140 763
1NE1 41.28100 -100.05400 2880 50 732
1NE2 41.32800 -99.91900 2700 140 616
1NE5 41.40800 -96.28700 1280 130 414
1NE6 41.33800 -102.77800 4100 90 580
1NK0 42.29500 -74.54900 1600 30 529
1NK5 41.36000 -74.52600 600 60 366
1NK6 44.42000 -73.75100 840 30 732
1NK7 43.47000 -75.25300 1200 150 854
1NK8 42.19100 -75.84500 940 90 610
1NY0 42.88100 -76.00000 1383 20 549
1NY1 43.54600 -76.11200 430 180 961
1NY2 43.61600 -76.16600 360 90 549
1NY3 43.56400 -76.03200 560 180 671
1NY4 44.61700 -73.91700 1520 100 915
1NY5 41.64100 -73.74400 625 180 479
1NY7 41.70600 -74.06400 450 40 656
1NY8 42.79700 -76.58200 1020 180 610
1NY9 43.26800 -76.18900 400 180 549
1OH1 40.30400 -83.97600 1057 180 641
1OH2 40.47200 -83.67800 1260 20 793
1OH3 41.38900 -82.76900 640 90 1037
1OH4 40.55500 -84.39100 885 90 732
1OH7 39.99600 -81.86500 905 170 549
1OH8 39.86500 -83.63600 1160 50 549
1OH9 38.93400 -83.40500 862 80 976
1OI1 41.42600 -81.06800 1191 60 778
1OI6 39.77000 -84.41900 978 90 403
1OI7 41.15800 -82.57000 925 90 641
1OI9 40.17700 -84.29800 990 90 660
1OK0 35.89200 -96.28000 775 180 600
1OK1 35.82300 -97.80600 1160 180 549
1OK2 35.10200 -97.47000 1163 170 805
1OK3 34.58000 -97.81400 1194 170 1154
1OK5 34.98000 -99.23000 1563 180 793
1OK6 35.72400 -97.20500 1020 170 458
1OK7 34.80300 -97.48200 1035 180 717
1OK8 35.73300 -97.54200 1085 170 732
1OK9 33.97400 -97.09300 843 10 671
1OR0 43.48200 -124.20600 320 40 549
1OR3 45.59100 -123.01500 207 60 930
1OR4 45.60500 -123.02900 210 90 610
1OR5 45.48600 -120.22900 1550 50 549
1OR6 45.36900 -122.55100 540 160 641
1OR7 45.28800 -122.46100 720 70 763
1PA0 41.13300 -77.20400 800 90 702
1PA3 40.45100 -75.20200 520 120 366
1PA6 39.82800 -75.72600 345 120 488
1PA8 40.52000 -75.23400 520 140 549
1PA9 40.66600 -76.68500 700 90 412
1PN1 41.33200 -80.42000 1060 180 458
1PS4 40.86000 -78.26300 1620 90 854
1PS9 40.40600 -75.37100 590 180 537
1RSU -23.53200 133.68600 2352 210 2835
1SD0 45.32700 -101.74300 2350 160 793
1SD3 43.23300 -97.16000 1325 80 1617
1SD4 44.86900 -102.42000 2552 130 671
1SD5 43.76300 -98.80000 1659 180 1312
1SD6 43.11300 -103.23000 3500 170 549
1SD8 45.04800 -96.55700 1175 90 671
1TA2 34.65400 -101.50100 3383 170 915
1TA4 31.46100 -95.29800 420 150 702
1TA5 32.94200 -103.00600 3625 80 1098
1TA7 32.61900 -95.87100 515 140 793
1TE1 28.25400 -99.82100 650 130 1220
1TN0 36.25000 -86.30300 570 180 793
1TN2 36.44400 -83.11700 1250 60 915
1TN4 36.14500 -84.09500 870 140 244
1TN6 35.97400 -84.15900 1000 130 458
1TS0 29.67100 -94.67400 8 90 702
1TS1 29.91500 -95.99400 165 170 610
1TS3 29.49700 -94.95100 16 10 145
1TS6 28.27400 -99.93900 825 130 1220
1TS8 32.29000 -100.72200 2275 180 610
1TX0 33.06000 -96.13100 540 10 595
1TX1 31.85200 -98.41600 1130 10 976
1TX2 33.71500 -100.15400 1808 50 793
1TX3 33.42100 -100.54700 1870 40 1220
1TX4 30.43200 -97.97200 900 150 732
1TX5 34.13000 -101.91400 3483 90 1037
1TX6 31.69700 -98.10100 1210 70 915
1TX7 32.80900 -100.18400 1845 170 702
1TX8 34.37300 -102.08400 3655 170 854
1TX9 32.63400 -95.16200 335 180 793
1VA0 37.62700 -77.74900 255 30 549
1VA1 36.73400 -80.45400 2950 80 915
1VA3 37.65600 -78.94700 650 40 534
1VA5 37.26900 -76.39300 3 20 427
1VA7 36.66400 -78.72300 413 10 549
1VA8 36.86400 -78.41400 485 130 914
1VA9 38.43100 -77.47200 255 40 610
1WA2 46.52000 -122.89400 450 80 671
1WA6 47.55900 -121.87000 140 70 897
1WA9 48.53800 -123.04600 150 150 641
1WI0 42.64300 -89.31400 850 90 519
1WI1 43.93200 -88.70700 800 40 732
1WI2 43.36500 -87.89100 705 90 579
1WI3 43.85200 -89.11700 787 180 549
1WI6 42.84000 -88.07000 825 90 915
1WI7 44.02200 -89.10000 805 90 549
1WI9 42.91700 -88.86700 800 180 595
1XA2 28.37000 -97.67100 190 130 2440
1XS0 29.92700 -98.48200 1170 160 1098
1XS2 30.38400 -97.42700 532 180 641
1XS3 29.68600 -99.28900 1460 120 671
1XS4 30.45600 -97.25700 530 150 549
1XS6 31.12200 -97.31600 652 10 592
1XS7 29.45100 -102.83600 1857 100 763
1XS8 29.64000 -100.37700 1640 160 1375
1XS9 28.40100 -98.22100 250 170 1220
2021 42.36400 9.52000 50 40 375
2051 41.36800 9.26000 9 40 639
20FD 30.43000 -83.57700 100 170 936
20FL 27.04500 -82.04900 25 120 1159
20GA 33.75700 -84.89300 1110 100 1308
20IS 42.50000 -89.79400 777 150 610
20KS 37.67900 -96.88600 1340 170 714
20MO 39.36200 -94.31700 860 170 915
20NC 35.59000 -81.05700 1020 30 610
20ND 47.65600 -100.89200 1900 160 580
20NY 43.32300 -78.57400 350 90 671
20OH 41.14300 -82.03300 1055 90 683
20OK 36.32900 -95.64700 700 170 763
20OR 45.32800 -122.44200 600 170 805
20TS 29.80800 -99.07000 1420 30 580
20TX 32.87000 -96.22900 500 130 1020
20VA 38.08100 -77.49300 245 80 793
20WA 46.82500 -123.03800 174 70 549
20WI 44.02000 -89.07700 800 140 549
20XS 32.83800 -96.37800 495 180 549
21AK 62.07500 -150.06800 250 160 702
21AZ 34.35600 -109.97500 6066 120 1221
21FD 30.69500 -85.31400 100 90 689
21KY 37.53600 -85.73900 780 30 519
21MO 39.49900 -94.17800 995 10 610
21NC 35.93100 -78.13500 250 70 610
21ND 48.58200 -100.86100 1450 80 763
21NE 40.00900 -97.77300 1670 180 628
21OI 39.12700 -84.09700 905 70 808
21TX 33.50000 -94.09900 350 90 854
21VA 37.30100 -75.93500 40 10 549
21WI 44.88400 -92.77800 1000 90 610
22AK 70.41500 -150.37900 5 30 763
22FD 25.60900 -80.48000 10 90 793
22FL 30.60400 -85.14000 150 180 580
22GA 34.42900 -85.05800 620 80 714
22II 37.92000 -87.76100 370 180 686
22IL 42.41400 -90.40200 820 150 580
22IS 40.72600 -91.07500 535 90 909
22LA 30.99700 -91.88600 48 80 946
22LL 41.31000 -88.86100 600 180 763
22MO 37.26100 -92.37100 1285 70 732
22ND 48.58800 -100.94000 1470 80 763
22NE 40.29400 -97.79900 1643 180 702
22OI 41.15200 -80.84100 950 180 763
22OR 44.94500 -122.76300 790 160 610
22PN 41.28100 -80.28500 1315 100 702
22TA 29.34700 -98.66300 690 150 1403
22TS 31.51500 -97.50300 840 10 689
22WA 47.82400 -118.68700 2360 160 854
22XS 31.37800 -97.66900 720 150 1069
23AK 61.35900 -155.44400 552 90 450
23CA 41.62300 -122.77000 2860 50 854
23FD 27.55400 -80.66200 27 180 1525
23FL 27.12700 -81.80700 50 90 915
23II 40.00400 -85.97000 830 90 915
23IS 40.32600 -90.83100 570 90 488
23KS 39.06900 -94.95100 950 50 458
23KY 37.22900 -88.32200 500 50 793
23LA 30.63100 -90.08300 185 100 732
23MI 44.57300 -85.89200 825 70 458
23MN 43.64100 -92.02500 1240 90 458
23MO 38.22500 -94.49700 770 170 1037
23ND 47.08100 -101.27500 2110 80 1216
23NY 42.27800 -77.34200 1700 40 580
23PA 40.49800 -75.14600 500 180 549
23TA 33.48500 -96.45700 705 10 610
23TS 29.42700 -100.73900 1110 170 1007
23TX 31.25400 -97.52200 700 180 976
23VA 37.55900 -78.62200 490 150 549
23XS 31.36300 -97.67400 720 150 672
24AR 34.20100 -90.95200 200 180 764
24CL 36.09700 -119.54700 205 140 2112
24FL 30.49500 -87.09100 16 90 961
24KS 37.85900 -97.82200 1523 90 763
24KY 37.21400 -87.43100 415 180 671
24MI 42.80000 -85.37600 810 90 763
24MO 38.13200 -92.83800 760 70 854
24NC 35.12700 -80.47900 550 90 763
24NE 42.38700 -102.44000 3827 90 702
24NY 43.06700 -77.96400 690 100 763
24OH 40.88000 -81.29400 1197 90 488
24OI 40.08100 -83.89700 1200 180 610
24PA 40.51700 -75.17300 540 140 765
24TA 31.21700 -95.82800 315 170 763
24TX 32.49400 -98.38400 1092 180 1281
24VA 37.28800 -76.00300 14 90 610
24WI 45.09800 -92.67400 990 180 549
25CA 33.17800 -116.79600 3375 60 702
25GA 33.65900 -84.66600 750 90 610
25IL 39.51700 -89.86300 680 90 805
25KS 39.68600 -99.12900 1700 170 683
25LL 40.75600 -88.22300 694 180 747
25MI 43.91400 -83.27700 600 30 732
25NC 35.63800 -79.71100 560 180 947
25NE 41.72600 -103.51300 4000 80 732
25OH 40.91300 -81.26400 1050 90 732
25OI 41.42500 -80.87800 865 180 610
25OR 42.12800 -121.45900 4120 160 766
25TA 29.83700 -94.97300 35 80 1095
25TS 36.10100 -102.41600 3961 170 2008
25VA 37.81700 -77.10600 50 90 610
25WA 48.57800 -119.07000 2608 90 793
26AR 35.21700 -91.81300 400 100 915
26CA 38.42800 -121.17500 100 90 671
26FD 27.05400 -81.84800 50 180 619
26GA 33.33600 -84.91600 760 90 366
26IL 42.12300 -89.37300 741 180 671
26LL 42.00900 -88.72100 830 90 580
26MI 42.92400 -85.38300 624 90 824
26NC 36.22100 -80.71600 1003 10 458
26ND 47.71200 -103.64600 2180 130 610
26OH 40.87300 -81.29600 1180 30 494
26OK 35.88500 -96.00400 700 180 610
26OR 45.43900 -122.52800 640 160 275
26TX 33.76800 -100.01800 1692 30 659
26WI 45.70300 -91.30500 1336 160 915
26XS 30.11100 -98.46200 1420 10 610
27AZ 33.92500 -113.16700 2206 170 1178
27CA 34.56500 -117.08100 3260 70 885
27CO 39.54500 -105.31700 8040 170 580
27FL 30.95300 -85.42200 122 100 854
27GA 33.65800 -85.01200 1050 70 381
27IS 38.15100 -88.67300 530 130 549
27KS 39.13200 -101.72000 3650 130 915
27LL 38.37800 -90.31900 400 100 717
27MI 43.37300 -83.49000 705 90 610
27ND 46.32500 -97.04200 1048 170 610
27OH 40.95000 -83.68000 830 180 787
27OI 41.41300 -81.28700 1200 90 854
27PN 40.68000 -77.16400 750 60 519
27WA 48.32500 -122.31800 236 70 366
27WI 44.81000 -92.71600 950 140 671
27XS 29.84400 -95.95000 180 170 1251
2834 48.59400 1.53600 480 150 522
28AK 61.80900 -147.86600 1875 60 663
28CL 35.02900 -117.71400 2400 60 1010
28FL 29.44500 -81.58300 40 180 732
28II 37.97800 -86.06200 453 130 1220
28IL 42.09400 -89.42000 910 10 763
28IN 38.64000 -87.43700 540 140 702
28KS 38.54300 -95.16000 1010 10 671
28KY 36.57300 -88.31400 525 10 641
28MI 44.87100 -85.79400 624 20 793
28MO 37.97500 -93.82400 790 100 991
28ND 48.57000 -99.44700 1591 170 488
28NE 42.44400 -97.29900 1750 120 417
28NJ 39.63300 -75.21900 145 180 1007
28OH 41.70700 -84.00300 743 180 793
28OK 35.50600 -98.04100 1400 170 702
28OR 45.48000 -122.23600 790 120 305
28PA 40.24900 -75.44700 330 50 549
28TA 27.84400 -98.72700 665 140 3145
28TS 32.90900 -97.59400 802 180 915
28TX 34.08300 -99.45600 1275 180 610
28WA 45.73200 -122.73500 30 140 427
28WI 44.60400 -92.05200 790 90 915
29AK 64.05200 -145.42200 1250 120 541
29AZ 32.90000 -112.90700 737 30 1674
29GA 33.38700 -84.63200 808 180 549
29II 41.66200 -86.80900 750 150 488
29IL 41.07200 -89.81400 718 180 645
29IN 41.07900 -85.38600 863 180 595
29KS 38.48600 -97.01200 1470 170 793
29MI 42.60000 -84.45400 910 90 641
29MN 46.03200 -96.36300 990 170 915
29MO 39.35200 -94.51900 1000 170 366
29ND 47.10300 -98.88400 1533 90 839
29NE 40.76400 -101.18200 3150 140 496
29OH 40.68700 -81.30500 1020 100 442
29OK 36.30600 -97.31700 1120 170 1240
29OR 45.03500 -122.95700 180 160 763
29PA 40.55600 -75.64700 500 80 683
29TA 29.68800 -95.94200 110 90 488
29TX 34.09800 -99.36800 1282 150 916
29VA 38.52900 -77.74300 285 100 763
29WI 44.32300 -90.02800 982 10 641
2AK1 64.36600 -147.36400 910 150 467
2AK2 64.45900 -147.56800 660 130 1216
2AK4 59.47100 -151.51400 45 120 366
2AK6 66.22100 -155.68300 680 110 1678
2AK8 70.29200 -161.91600 48 60 976
2AK9 65.67600 -162.46400 250 160 549
2AL0 32.35200 -87.55000 275 90 793
2AL1 30.42800 -87.78000 74 150 885
2AL3 32.45300 -86.12300 365 60 839
2AL5 34.39300 -85.66800 1430 90 587
2AL7 34.06600 -86.72300 625 180 793
2AL8 32.42200 -85.25200 413 100 732
2AR0 34.87100 -91.97500 245 160 764
2AR1 36.29300 -94.09500 1305 170 259
2AR2 36.01500 -91.80100 835 80 793
2AR4 35.67400 -90.52800 212 180 793
2AZ1 33.76000 -113.61900 1860 100 671
2AZ3 33.61100 -112.33900 1150 50 671
2AZ4 33.05700 -112.14600 1215 160 702
2AZ5 32.88900 -112.13000 1518 180 503
2AZ7 33.68400 -112.16800 1360 10 732
2AZ8 31.61600 -111.03700 3200 20 275
2AZ9 31.59800 -109.65800 4200 40 1671
2CA2 34.16200 -116.05000 1800 50 427
2CA3 34.16100 -116.00200 1835 90 793
2CA4 33.26200 -117.09200 1156 170 671
2CA8 34.41700 -116.61200 2793 140 793
2CL2 39.01300 -122.09900 65 140 458
2CL7 35.39900 -118.48900 3600 80 1037
2CL9 38.33400 -121.31100 45 70 1214
2CO1 39.11500 -104.58300 7240 180 946
2CO3 40.37800 -104.87300 5000 170 763
2CO9 39.28900 -105.88200 9600 50 1373
2FD0 29.98000 -82.90800 45 180 1017
2FD1 28.97800 -81.91900 95 180 488
2FD2 27.58500 -80.57900 24 180 885
2FD6 28.89000 -80.86800 15 160 549
2FD8 29.51900 -81.63400 50 30 549
2GA0 33.52700 -83.64400 695 100 1190
2GA1 33.68300 -83.85300 830 120 610
2GA2 32.39100 -81.28200 85 20 915
2GA3 32.20900 -83.78800 383 150 610
2GA4 32.16700 -83.75600 400 10 915
2GA5 33.04600 -84.43300 780 170 976
2GA6 34.91900 -85.05300 930 170 305
2GA8 34.34800 -85.07800 677 30 488
2GA9 33.80300 -84.00000 940 60 793
2IA9 43.19100 -93.77400 1210 80 549
2ID4 47.90400 -116.71500 2350 30 1285
2II0 40.41800 -86.13800 860 90 750
2II1 41.61000 -85.52700 905 90 305
2II2 37.98800 -87.94300 380 90 854
2II3 40.23000 -85.81700 865 180 671
2II6 40.26500 -86.10700 880 90 636
2IL0 42.47800 -89.34900 938 50 427
2IL1 42.41200 -89.32900 908 180 519
2IL2 41.05300 -88.46600 660 90 735
2IL5 37.93300 -88.23500 470 60 702
2IL7 42.16500 -89.28300 830 180 427
2IL9 41.42900 -87.78600 770 40 1036
2IN3 41.08500 -86.92800 700 90 604
2IN4 41.25700 -86.19300 810 90 503
2IN5 40.01900 -85.47300 1038 180 808
2IN6 41.48000 -84.90600 925 180 777
2IS0 41.66400 -88.02700 720 180 885
2IS3 41.17200 -89.81000 760 90 580
2IS4 41.33700 -91.01700 552 90 580
2IS5 40.95200 -89.41100 640 90 549
2IS6 42.42000 -89.82300 900 180 488
2IS7 42.06100 -89.00700 789 90 580
2IS8 39.65900 -89.91500 650 180 961
2IS9 41.40100 -88.26000 620 140 488
2KS0 37.20500 -96.07500 1000 140 610
2KS1 39.77500 -95.25600 950 90 763
2KS2 37.65400 -96.29200 1200 20 458
2KS4 37.44500 -98.22600 1549 180 580
2KS8 39.11900 -98.40000 1629 180 580
2KS9 38.90300 -95.58300 990 180 641
2KY5 38.37900 -83.15700 1050 160 948
2LA0 29.78800 -92.16100 2 60 946
2LA4 30.93600 -92.18000 65 170 1525
2LA5 30.34600 -92.43200 35 170 671
2LA6 30.83000 -91.16700 180 180 793
2LA7 32.97100 -91.42600 75 180 824
2LL0 40.70000 -87.60300 688 90 549
2LL1 41.53900 -88.68900 550 180 659
2LL2 41.31300 -90.55200 740 180 366
2LL3 40.38500 -89.06900 730 180 805
2LL5 40.00100 -88.06000 685 180 488
2LL9 41.70100 -88.69300 740 180 671
2MD0 38.04700 -75.70700 8 70 656
2MD3 38.22300 -75.75500 10 150 711
2MD4 38.39400 -75.56100 44 80 641
2MD6 38.14100 -76.47300 8 30 610
2MD8 39.33100 -79.44300 2500 40 620
2MD9 38.76200 -75.79300 40 170 763
2MI0 43.21600 -84.05200 615 90 732
2MI3 42.31500 -85.46400 890 180 458
2MI4 43.40500 -84.57500 729 90 580
2MN1 45.05000 -95.46400 1040 180 793
2MN4 43.70700 -93.46600 1279 170 793
2MN6 44.04900 -92.09300 1100 170 488
2MN8 43.99600 -92.34000 1227 90 763
2MN9 45.82500 -93.99900 1295 90 610
2MO0 38.80100 -93.86600 805 20 458
2MO1 37.32300 -93.42000 1250 180 549
2MO2 39.46200 -94.30800 1000 180 427
2MO4 38.11800 -94.17600 805 180 763
2MO5 37.37800 -92.21200 1430 10 824
2MO6 40.13300 -92.29800 890 180 427
2MO8 37.13500 -94.36600 1020 90 403
2MO9 38.94800 -94.45000 929 180 403
2MS7 32.05900 -89.81800 400 90 305
2MS8 33.79200 -89.87600 175 150 610
2MS9 33.83300 -88.92300 265 180 763
2NA0 47.25700 -100.79900 1880 80 403
2NA1 48.53900 -101.44000 1665 130 1068
2NA3 46.45400 -96.99200 1036 180 824
2NA4 46.33400 -96.95600 998 80 732
2NA5 48.63200 -97.23300 807 90 793
2NA7 48.02800 -99.61900 1600 80 366
2NA9 46.89600 -96.97100 900 150 351
2NC0 35.87200 -82.34600 4432 140 885
2NC1 34.99900 -80.80300 695 140 549
2NC4 35.33600 -78.15500 160 10 412
2NC6 35.80200 -80.39600 845 180 543
2NC7 36.17200 -77.40000 103 180 915
2NC8 35.52500 -80.64200 740 70 397
2ND0 46.81900 -97.05000 910 170 968
2ND1 47.49500 -100.70400 1910 120 732
2ND2 47.56800 -100.72600 1910 90 793
2ND3 46.69700 -98.74700 1498 140 885
2ND5 46.72000 -100.28400 1750 180 702
2ND7 48.74600 -100.81500 1460 140 1220
2ND8 48.88800 -103.00300 1980 40 610
2ND9 48.81800 -101.92800 1850 90 1610
2NE0 40.70100 -99.83700 2625 150 1002
2NE4 42.45000 -102.13700 3815 50 610
2NE5 40.89600 -100.09100 2535 180 689
2NE6 40.92300 -101.28800 3240 180 788
2NE7 40.85200 -101.94600 3520 90 1095
2NE9 40.18600 -101.96600 3502 50 717
2NJ1 40.63200 -75.07100 600 80 793
2NJ3 40.34100 -74.85800 301 110 610
2NJ5 40.65300 -75.18900 350 120 610
2NJ6 40.77300 -75.16300 320 90 671
2NK1 42.29500 -77.46800 1730 70 564
2NK3 41.15600 -72.28100 20 170 336
2NK7 42.15700 -75.15200 1200 80 702
2NK9 42.81800 -77.06500 880 180 872
2NY0 42.27900 -73.95300 190 20 450
2NY1 42.85900 -77.91000 860 180 610
2NY7 42.12000 -77.21500 1248 80 610
2NY9 42.36900 -76.72700 1385 80 732
2OH2 39.47200 -83.49300 990 90 610
2OH3 39.92100 -82.46300 905 90 610
2OH4 40.62600 -82.63900 1220 120 671
2OH6 40.01500 -84.28200 935 180 602
2OH7 38.91300 -84.02800 945 140 564
2OH8 39.79300 -83.22600 925 50 763
2OH9 39.47600 -84.09900 940 90 854
2OI1 40.02800 -83.80000 965 10 793
2OI4 41.04500 -81.94000 1195 90 610
2OK0 34.82700 -97.41100 945 180 1098
2OK1 35.59500 -97.01100 1030 170 1190
2OK2 35.32600 -97.27000 1199 180 824
2OK3 35.35700 -97.48400 1285 170 671
2OK4 35.81900 -96.05900 780 170 404
2OK5 34.93200 -98.73900 1575 180 793
2OK6 35.48500 -97.02100 1095 170 610
2OK7 35.25500 -97.66300 1353 180 763
2OK8 35.22000 -97.64700 1300 180 1220
2OK9 35.19800 -97.30900 1136 170 549
2OR0 45.34500 -122.52000 510 90 351
2OR1 44.82500 -120.50200 1641 40 1287
2OR3 44.79800 -123.10000 188 130 763
2OR4 43.47900 -123.35300 965 110 1556
2OR6 44.17900 -118.21800 4615 30 580
2OR7 44.39900 -122.68900 645 70 641
2PA0 40.55600 -75.70000 580 90 427
2PA1 41.44100 -75.01000 1330 50 610
2PA2 41.32200 -76.04600 1300 160 552
2PA3 41.50100 -75.41800 1400 150 366
2PA4 41.84900 -75.44700 2120 180 580
2PA5 40.05000 -76.37000 420 100 556
2PA6 40.49300 -76.09800 540 180 320
2PA7 40.33200 -77.29800 610 140 397
2PA8 40.29800 -77.30000 640 10 488
2PN0 42.01300 -79.81700 1300 180 610
2PN1 41.98200 -77.52600 1990 50 488
2PN5 40.24600 -78.36300 1371 50 610
2PN7 40.85300 -80.07100 1210 20 488
2PS3 40.01500 -77.04400 490 60 549
2SC5 34.29100 -82.05900 560 80 943
2SD0 44.16600 -103.47900 4500 170 610
2SD2 43.10500 -98.93300 1965 60 397
2SD3 44.56400 -99.73100 1746 90 915
2SD9 45.45600 -99.01000 1515 180 762
2TA1 31.39200 -94.69100 284 170 458
2TA3 31.72200 -104.60300 4400 80 1220
2TA4 29.74600 -96.29500 233 40 625
2TA6 31.85600 -96.19900 362 10 1436
2TA8 26.86400 -98.22800 183 130 1686
2TA9 32.66400 -97.84400 840 150 763
2TE8 28.67600 -99.80400 570 60 1097
2TN2 35.22700 -89.18900 540 180 729
2TN4 35.90000 -85.74900 1080 180 656
2TN7 35.37600 -84.30700 1001 50 885
2TN8 35.78400 -86.90000 815 180 915
2TS0 33.15700 -97.13900 595 150 381
2TS2 26.17100 -97.73400 57 170 580
2TS3 31.68200 -97.24200 450 150 641
2TS4 32.14400 -95.97100 395 170 915
2TS6 32.51700 -96.92700 780 170 978
2TS8 29.22600 -97.87400 452 150 1283
2TX0 35.07000 -101.84900 3615 170 1159
2TX1 29.22700 -98.38700 535 120 789
2TX2 32.02400 -98.01200 1050 30 610
2TX3 29.22400 -100.61600 1020 180 1614
2TX4 27.99000 -99.37700 540 170 1468
2TX5 31.45200 -97.75400 757 50 702
2TX6 33.68600 -101.66900 3200 80 1037
2TX7 33.09800 -97.39600 875 170 702
2TX8 33.30400 -97.38000 930 180 1007
2VA0 37.11100 -79.61100 940 50 549
2VA1 37.89500 -76.35900 90 80 732
2VA2 37.14200 -76.79200 90 30 885
2VA5 37.62700 -76.56500 32 10 732
2VA6 37.62200 -76.60600 85 80 976
2VA8 36.68300 -76.83200 66 90 427
2VA9 38.75400 -77.78900 522 30 992
2VG2 38.97500 -77.87600 551 130 1555
2WA1 48.09400 -122.93300 262 100 712
2WA3 48.68500 -123.21300 200 90 476
2WA4 47.07300 -122.30100 550 90 488
2WA6 47.99800 -119.09200 2434 70 549
2WA7 46.38000 -120.56400 805 90 747
2WA8 47.37800 -118.30000 2181 20 915
2WA9 46.28200 -118.10600 1325 50 793
2WI0 44.85300 -89.60700 1197 90 1068
2WI2 42.55500 -90.22600 1080 140 488
2WI4 42.64200 -88.40300 840 70 671
2WI5 46.09700 -90.16700 1625 90 610
2WI6 42.91000 -89.18600 915 180 763
2WI7 42.96700 -89.66800 1130 40 645
2WI8 43.60000 -87.78100 645 150 763
2WI9 43.75700 -89.63600 955 10 763
2WN7 43.94600 -88.67400 844 180 672
2XS1 30.22600 -98.30200 1188 180 1406
2XS2 28.26900 -100.16500 750 150 1528
2XS3 32.02300 -95.70300 487 160 1313
2XS5 30.01400 -98.42600 1420 170 910
2XS6 29.72400 -99.57100 1687 170 656
2XS7 29.45000 -99.68800 1205 80 830
2XS8 29.23400 -99.82600 929 150 1008
30AK 60.50600 -151.26000 50 160 732
30GA 34.46300 -84.18600 1500 140 1281
30IN 41.20700 -85.45500 880 140 610
30IS 42.07500 -88.62900 875 50 854
30KS 37.13600 -97.07400 1200 170 793
30LL 39.75400 -90.36900 614 90 598
30MI 41.85800 -86.32900 750 30 366
30MO 37.64700 -92.49600 1129 130 458
30ND 47.64900 -101.07400 1850 130 336
30NE 40.35900 -98.68600 2000 170 838
30NY 42.74700 -77.55800 1610 10 663
30OK 34.91900 -96.23400 860 170 519
30OR 45.80300 -123.28200 700 100 366
30PA 40.26600 -75.43800 290 50 519
30TA 30.59700 -97.72800 812 130 1464
30TS 32.82700 -94.72200 350 50 622
30TX 26.13700 -97.69700 35 130 534
30WA 46.31300 -118.18000 1300 10 488
30XS 34.38600 -103.01800 4115 170 824
31AK 64.83300 -147.43200 450 60 732
31FL 28.04300 -81.02400 54 90 915
31GA 34.07900 -84.63000 1000 90 183
31II 38.92600 -84.91600 830 90 641
31IN 40.28500 -86.86100 726 90 763
31KS 37.99900 -97.93000 1520 170 702
31KY 38.52300 -85.02000 500 170 1068
31LL 40.77900 -88.67000 689 90 668
31MI 41.78100 -86.17900 800 140 336
31MO 40.10600 -94.74700 937 90 671
31NE 42.75600 -97.70700 1670 120 540
31TA 30.73200 -97.42500 580 180 519
31TX 31.60000 -97.33000 590 170 595
31VA 37.01200 -76.59100 33 20 1808
31WI 43.00400 -88.60900 875 60 1377
32AK 64.91300 -147.90600 639 20 427
32CA 36.33700 -119.82600 220 160 775
32CO 38.45600 -105.08900 5543 90 988
32FD 26.51900 -81.38400 33 90 549
32GA 33.45300 -83.28300 490 80 915
32II 38.81500 -85.11000 820 70 610
32IS 40.13500 -91.01300 485 90 549
32KS 38.59700 -100.61300 2856 180 854
32LL 41.70700 -90.26000 620 180 702
32MN 45.36800 -94.40400 1140 90 641
32MO 37.57400 -90.22700 860 20 610
32NE 41.72400 -100.09200 2758 120 794
32OH 40.76400 -82.41800 1330 180 549
32OI 39.64000 -81.62400 1030 170 671
32OK 34.83300 -95.52000 670 120 580
32OR 45.25500 -121.29800 1820 70 742
32PA 40.32800 -77.17900 560 40 473
32PN 40.73400 -80.27900 1150 90 549
32TA 29.69500 -97.43300 350 180 793
32WA 46.05100 -118.84700 540 60 389
32WI 44.31600 -88.70500 850 90 625
3356 45.23700 -0.75400 22 120 479
33CA 34.90500 -118.30500 2690 60 702
33FD 29.91800 -83.26700 50 170 763
33GA 34.25700 -83.28700 665 10 610
33IN 38.50400 -87.30700 423 40 732
33KS 39.15000 -95.61100 950 10 763
33KY 37.61300 -87.05900 406 110 397
33LA 30.07300 -91.98600 25 180 793
33MI 46.06800 -88.01000 1300 130 458
33MN 46.09000 -96.10100 1100 90 549
33MO 37.25200 -94.06000 1135 100 549
33NE 42.38500 -102.58300 3880 100 1162
33NY 42.40300 -73.86900 800 170 915
33OH 40.18800 -83.17400 945 180 572
33OI 41.08000 -82.04300 950 10 549
33OK 35.75400 -97.40000 1195 180 800
33OR 44.06800 -123.39300 450 150 976
33PA 41.16500 -76.24900 800 180 366
33TA 30.33700 -95.61200 301 170 786
33VA 36.78500 -79.05200 535 130 488
33WA 47.05100 -118.85600 1478 90 763
33XS 29.15600 -98.11000 480 30 854
34AK 61.62400 -149.28800 425 30 366
34AZ 33.25300 -111.92800 1185 30 2586
34CA 38.79500 -121.37300 98 160 549
34CO 39.71400 -104.73000 5525 140 732
34FD 28.86200 -80.90800 25 170 1017
34FL 30.96800 -86.30500 324 140 702
34II 40.05100 -85.60500 930 90 381
34IL 40.36500 -90.11000 550 160 610
34IN 40.34400 -85.01800 1035 180 793
34IS 41.44100 -88.71700 630 180 824
34KY 36.91600 -86.78300 720 100 744
34LA 30.77400 -93.27500 180 120 915
34MI 43.10000 -86.22600 605 90 397
34ND 46.70900 -97.15600 928 180 610
34NE 41.22000 -100.93500 2895 180 805
34OH 41.26000 -84.64200 720 180 610
34OI 40.69400 -82.12200 1180 90 702
34OK 35.90600 -96.55100 950 170 1220
34PA 40.49200 -75.99300 480 90 473
34PN 41.74500 -75.49800 1950 20 671
34TA 33.16900 -96.48700 590 170 427
34TS 29.89500 -98.21500 940 10 793
34WI 43.41800 -89.76800 1200 80 366
34XS 28.37300 -98.89400 460 160 976
3521 48.18300 -1.30500 374 80 830
3551 48.42700 -1.16100 505 40 396
3553 48.60400 -1.55200 24 30 244
3559 48.63500 -1.87200 22 100 244
35AZ 31.83900 -110.97900 2869 10 1096
35II 41.54200 -85.84600 850 90 610
35IN 40.29100 -85.94200 875 180 885
35KS 37.53500 -97.31200 1250 170 403
35KY 36.71200 -86.63900 695 110 610
35LA 29.97500 -92.17900 10 90 488
35MI 42.63200 -84.99000 920 60 793
35NY 42.51200 -78.73800 1397 90 488
35OK 35.50300 -99.03600 1595 170 671
35OR 44.19500 -121.18100 3195 140 519
35TX 32.48800 -99.82700 1750 160 824
35WA 46.74900 -118.42100 1521 60 549
35WI 42.74200 -88.43800 1000 180 717
36CA 36.13600 -119.98600 265 160 1027
36CN 35.63900 -120.01500 760 110 1302
36GA 33.72800 -83.97500 870 180 458
36II 39.83900 -86.34900 878 10 549
36IL 41.96800 -88.49200 905 180 549
36IN 41.53500 -86.44500 730 50 366
36IS 40.93000 -90.73100 750 180 702
36KS 37.47100 -95.34500 1000 10 820
36MI 42.03700 -83.88600 795 60 1298
36MN 46.67200 -96.58200 935 90 1007
36MO 39.36300 -91.61300 750 90 805
36NC 36.25100 -79.91100 900 50 915
36NE 42.51800 -97.58300 1800 150 817
36NY 42.23800 -78.21200 2100 180 580
36OH 40.18900 -81.97700 770 60 549
36OI 41.07300 -84.21700 728 90 793
36OK 35.27500 -96.88100 1100 180 610
36OR 44.00500 -122.88200 1125 120 488
36TX 33.72400 -96.86200 763 170 610
36VA 37.51500 -77.91500 355 40 458
36WI 44.03700 -91.30000 730 180 988
37CA 33.50500 -117.07400 1350 40 671
37FL 29.72200 -82.84500 75 180 732
37GA 34.89900 -84.77800 800 180 366
37II 41.17600 -86.37600 808 90 473
37IL 40.13300 -89.32800 600 90 488
37IN 40.29400 -86.78000 750 180 580
37KS 37.47900 -96.33900 1060 10 793
37LA 31.73100 -91.58300 59 170 671
37LL 38.04700 -90.00000 615 60 534
37MN 44.58200 -93.80500 970 80 610
37MO 39.57900 -94.18300 1000 180 805
37ND 47.23400 -102.51000 2360 160 488
37NE 40.61000 -96.30900 1100 150 610
37OI 40.82800 -82.79800 1100 180 702
37OR 45.09000 -118.40700 4158 50 1373
37PA 40.04100 -76.20600 370 100 732
37TA 28.19300 -98.91900 380 140 915
37TS 32.99300 -96.04000 460 180 488
37TX 31.32000 -98.86800 1400 40 671
37WA 46.83600 -118.46200 1600 160 915
37WI 42.99300 -89.75500 1230 150 549
37XS 32.00300 -97.41900 627 140 630
38AZ 36.46300 -110.42500 6564 20 2282
38CA 35.69700 -119.49100 225 140 1220
38II 39.64900 -86.91300 800 30 610
38IN 39.90200 -86.36700 910 90 610
38IS 40.58000 -91.35900 685 180 531
38KS 37.78100 -97.27800 1400 170 763
38LA 30.78200 -92.18600 43 50 915
38MN 47.41100 -94.77700 1380 90 732
38MO 39.26000 -90.85600 480 180 885
38ND 47.09900 -97.40400 1140 120 549
38NE 40.75800 -97.85200 1720 170 1244
38NY 42.54600 -76.96000 1010 50 595
38OI 39.68500 -83.07700 750 90 915
38OR 42.20500 -123.29300 1520 100 351
38PA 40.38800 -75.01700 390 50 946
38PN 42.00000 -80.17000 950 90 610
38WI 44.38600 -88.85400 800 20 692
38XS 26.82200 -98.48400 312 140 1832
39FD 29.73400 -83.35400 26 180 946
39II 41.51800 -85.55200 957 180 763
39IL 40.09600 -89.36300 591 180 458
39IN 40.00500 -85.43500 1085 120 1220
39IS 41.10700 -88.79600 620 180 656
39KS 38.78900 -95.30800 1050 170 610
39MN 47.03500 -91.70800 1000 140 610
39MO 37.11700 -93.20500 1325 10 363
39NE 41.53700 -97.90200 1750 150 610
39OH 40.81300 -81.05800 1160 120 519
39OK 35.12500 -97.50100 1165 170 1220
39PA 40.31600 -75.29200 570 50 488
39PN 41.21600 -80.20100 1305 90 610
39TE 32.72300 -102.73800 3372 80 1204
39WA 47.84700 -117.78700 1890 30 730
39WI 43.48700 -90.62300 1200 130 671
3AK2 61.62700 -149.29000 521 80 316
3AK3 62.56600 -150.22100 862 180 625
3AK4 60.63300 -151.34500 102 70 567
3AK5 60.58700 -152.17300 30 50 1251
3AK6 61.59300 -149.26900 300 50 214
3AK7 61.76700 -150.33800 100 180 329
3AK8 61.66400 -149.39200 544 180 316
3AK9 70.57400 -152.26600 15 50 549
3AUS -28.57700 153.45000 80 70 580
3AZ2 33.08700 -111.98200 1181 180 1617
3AZ5 35.57000 -113.30000 5317 70 1444
3AZ8 32.76200 -109.65900 3080 80 1007
3CA3 34.92600 -119.52600 2440 170 790
3CA5 36.94100 -120.24700 192 70 793
3CA7 36.33300 -121.18800 240 150 1037
3CA9 36.36600 -121.31300 276 130 732
3CL2 40.15600 -122.30500 345 60 458
3CO0 38.74100 -108.00500 5300 40 824
3CO1 38.84700 -107.83700 6460 50 793
3CO2 40.62300 -103.33200 4192 180 1220
3CO7 39.33600 -104.56600 6780 170 763
3FD0 27.02200 -81.45600 70 90 1037
3FD4 28.63000 -81.80300 30 50 488
3FD6 28.76800 -80.85400 5 180 915
3GA0 33.52900 -84.15700 790 180 336
3GA1 32.72500 -84.36100 554 90 534
3GA3 33.79700 -85.13500 1270 50 427
3GA5 33.63700 -84.94200 1213 100 549
3GA8 32.32900 -82.63700 251 90 458
3GA9 33.13600 -84.37900 873 160 717
3GE3 34.41100 -83.18900 690 70 920
3IA1 41.96400 -93.12000 1050 170 763
3IA4 41.53600 -95.94100 1000 180 805
3IA5 42.88100 -95.88200 1450 180 763
3IA9 43.47600 -93.91200 1180 90 732
3II1 39.42000 -86.63900 720 150 915
3II2 38.21400 -87.92000 445 140 275
3II3 41.08700 -84.84600 755 90 793
3II5 41.08400 -86.77700 700 90 564
3II8 41.44500 -86.26100 796 180 503
3II9 41.09700 -85.24600 850 90 610
3IL2 41.41600 -88.04900 669 180 793
3IL5 41.67600 -90.07900 600 180 689
3IL7 41.80300 -89.02300 819 90 244
3IN1 38.35500 -85.70100 511 150 427
3IN2 40.42000 -85.85800 860 130 458
3IN3 41.52700 -87.16400 690 180 915
3IN4 40.77900 -85.33900 830 180 793
3IN5 41.08400 -85.68200 820 180 610
3IN6 37.94100 -87.15900 391 90 791
3IN7 41.62900 -86.07200 800 180 610
3IS2 40.74100 -90.67400 740 90 686
3IS4 42.29300 -90.34500 970 180 885
3IS5 39.68500 -89.60400 590 90 900
3IS7 41.08700 -89.09900 650 90 488
3IS9 40.44500 -88.41300 735 90 702
3KS1 39.15200 -95.74500 1080 10 854
3KS3 37.40300 -97.19200 1210 170 580
3KS4 37.76300 -101.43600 3207 180 1129
3KS5 37.85300 -97.35100 1395 170 732
3KS7 37.83200 -97.34900 1400 170 702
3KS8 37.25400 -95.33600 920 40 702
3LA0 29.92000 -92.24900 10 90 366
3LA1 30.55600 -92.80600 55 20 610
3LA3 30.50500 -91.24300 34 170 573
3LA4 29.79700 -92.79700 5 140 915
3LA6 30.14100 -93.07900 12 180 641
3LA8 30.14200 -93.22900 16 160 686
3LA9 30.23200 -93.08900 12 170 580
3LL0 42.49000 -89.09600 760 180 403
3LL2 41.05600 -89.47400 660 90 519
3LL4 42.44400 -88.20100 815 180 610
3LL5 42.46400 -88.23800 860 90 534
3LL9 41.80400 -89.04800 790 180 793
3MA2 42.31800 -73.03500 1160 150 671
3MA5 41.54600 -71.03700 80 170 656
3MD0 39.34900 -77.34000 490 120 793
3MD4 38.97800 -76.64300 150 100 549
3MD5 38.62400 -75.84400 20 160 763
3MD6 38.19200 -76.44800 50 180 671
3MD8 38.61600 -76.17200 10 180 824
3MI0 43.93700 -85.02400 1050 100 403
3MI2 45.40500 -85.83200 616 170 1281
3MI3 42.54800 -84.10400 930 60 1052
3MI5 43.45000 -83.03100 775 90 604
3MI7 42.82900 -83.37300 1043 90 763
3MN1 47.45200 -92.64900 1380 140 1037
3MN3 48.53500 -95.95200 1190 180 793
3MN5 45.72500 -94.19500 1055 160 549
3MN7 45.49200 -94.12300 1000 150 610
3MN8 45.52300 -94.12500 1024 90 366
3MO2 38.69300 -91.34100 502 180 458
3MO4 36.45400 -89.62800 287 180 804
3MO5 37.13200 -94.21600 1095 180 793
3MO6 39.33300 -94.48400 1000 180 671
3MO7 40.08400 -94.62100 1083 90 732
3MO8 40.03100 -94.54100 1096 60 530
3MS1 34.80800 -89.46500 485 120 976
3MS2 31.08300 -90.02800 390 180 961
3NA0 47.41600 -97.51700 1095 80 793
3NA2 47.30300 -101.06900 1790 100 366
3NA3 47.20200 -101.25700 1970 80 793
3NA4 47.06200 -102.77900 2590 160 915
3NA6 47.77000 -99.46600 1560 80 595
3NA8 47.86100 -102.56700 2040 170 702
3NC0 35.69300 -81.71400 1100 160 534
3NC1 36.20700 -80.66100 1030 140 549
3NC3 35.24500 -80.41000 645 60 549
3NC4 35.04900 -80.41200 545 30 1220
3NC5 35.81500 -81.07000 1000 180 610
3NC6 35.31200 -80.64800 590 90 702
3NC7 36.52100 -81.13700 3050 170 397
3NC8 36.44200 -77.46300 138 120 732
3NC9 35.87400 -79.09000 475 70 488
3ND1 46.60200 -98.78000 1530 180 793
3ND3 46.05100 -98.03000 1310 180 610
3ND5 47.06300 -97.77500 1235 120 732
3ND8 48.66300 -100.83600 1450 90 763
3NE2 42.32300 -103.19500 4370 90 976
3NE3 40.51100 -99.31700 2275 180 767
3NE6 42.97300 -99.27000 2200 70 909
3NE7 41.82500 -102.34400 3850 180 854
3NE9 41.04500 -103.06900 4400 180 587
3NJ5 40.53600 -74.91700 560 180 610
3NJ6 40.01000 -74.84600 65 30 1191
3NJ9 41.08100 -74.32800 525 180 671
3NK0 43.20400 -77.90700 547 110 702
3NK4 42.03000 -79.19700 1480 140 610
3NK5 42.82000 -77.08700 900 180 345
3NK6 42.63500 -77.88400 900 10 488
3NY0 42.82700 -74.40600 1110 80 427
3NY3 42.85500 -74.82500 1650 20 1068
3NY4 42.92300 -74.62900 500 130 467
3NY5 42.02200 -75.95700 1558 180 458
3NY9 42.36100 -76.42200 1050 140 488
3OH1 39.70000 -84.54600 982 140 732
3OH3 39.98300 -83.61700 990 70 671
3OH4 41.60700 -80.59000 1115 180 647
3OH5 38.80400 -83.40900 820 90 397
3OH6 40.78700 -84.36800 815 180 750
3OH7 39.02900 -84.05000 895 80 580
3OH8 40.69900 -84.76400 820 180 793
3OI0 40.16300 -82.62500 1290 180 580
3OI1 41.20800 -82.15800 822 50 915
3OI6 40.96300 -82.37400 1028 130 610
3OK0 34.70900 -96.57700 780 170 793
3OK1 35.72700 -97.96700 1239 180 744
3OK2 35.59400 -97.32800 1110 170 549
3OK7 36.24500 -96.13400 790 180 671
3OK8 36.12000 -96.23500 890 130 805
3OL8 36.87300 -95.15400 805 30 1415
3OR1 44.36500 -122.96200 355 80 610
3OR2 45.31500 -117.96100 2710 130 671
3OR8 44.28500 -121.27500 2920 90 915
3OR9 43.95600 -118.13500 3465 30 595
3PA0 40.38300 -76.47000 450 90 610
3PA1 40.30000 -76.51900 480 90 537
3PA2 40.88000 -75.63900 825 90 610
3PA4 41.78000 -76.14000 840 140 610
3PA6 40.99300 -76.90200 540 90 366
3PA8 39.81800 -75.92500 575 180 458
3PA9 40.29400 -75.25100 330 50 854
3PN0 39.96000 -77.26200 680 80 458
3PN1 41.62400 -75.59900 1511 150 549
3PN2 39.76000 -77.34900 530 150 366
3PN3 41.28100 -76.03700 1260 40 610
3PN6 41.75200 -80.08600 1240 130 610
3PN9 40.44100 -79.55100 1210 50 214
3SC4 34.77000 -81.99300 645 80 1005
3TA0 30.10200 -100.40300 2250 180 1223
3TA1 29.47600 -95.32900 55 20 970
3TA2 29.73500 -96.06800 145 60 763
3TA4 31.48200 -98.97800 1300 20 976
3TA5 30.12900 -98.38500 1460 10 1039
3TA6 29.54700 -100.25600 1440 150 1307
3TA7 33.14700 -97.80500 900 170 763
3TA8 28.71800 -100.05800 600 50 824
3TA9 28.71200 -100.00900 595 150 885
3TE3 29.46900 -103.94500 4250 80 1673
3TN0 36.53400 -82.43200 1550 50 259
3TN4 35.87900 -83.72800 940 30 366
3TN6 35.09900 -89.28400 435 130 915
3TN8 35.76300 -84.18900 840 50 397
3TN9 36.61600 -86.81100 645 170 610
3TS1 30.00800 -98.04200 1083 20 922
3TS3 29.37700 -95.29200 34 150 549
3TS5 29.47600 -95.89000 105 140 1281
3TX2 33.07700 -97.34900 780 180 824
3TX3 33.12300 -97.32000 682 170 763
3TX4 33.09700 -97.38000 820 170 580
3TX5 29.37100 -98.23500 600 90 671
3TX6 33.13600 -97.29700 705 170 549
3TX7 33.13800 -97.37100 805 180 549
3TX8 33.12800 -97.34900 700 130 824
3TX9 32.53100 -97.28300 710 150 854
3VA0 38.77800 -77.91100 530 180 366
3VA1 38.77200 -77.80300 584 60 641
3VA2 38.62200 -77.78900 435 60 641
3VA3 38.55300 -77.71800 315 20 763
3VA4 37.85500 -76.73500 10 180 610
3VA5 38.62900 -78.08700 395 50 784
3VA7 39.06000 -78.09300 610 40 610
3VA8 36.85300 -76.68100 80 180 793
3WA0 46.90000 -122.67000 470 150 488
3WA1 47.61400 -120.67000 1300 160 244
3WA2 47.49000 -118.25500 2209 50 610
3WA3 46.64800 -118.58800 884 60 747
3WA4 46.71500 -118.62100 1349 50 549
3WA9 46.96500 -122.80600 255 100 976
3WI0 44.64500 -87.42000 655 90 519
3WI1 42.65700 -88.09100 825 90 488
3WI2 43.14900 -88.98600 925 20 915
3WI4 44.92400 -89.40700 1320 90 732
3WI5 42.81500 -88.72800 850 160 488
3WI6 43.46300 -90.92000 1190 180 549
3WI7 43.03300 -88.46200 875 90 622
3WI8 44.05400 -89.12600 825 100 610
3WI9 45.00400 -91.38300 940 180 793
3XS1 28.77100 -96.30900 20 150 805
3XS4 30.13800 -93.93600 15 170 732
3XS5 29.30100 -98.67700 662 170 610
3XS8 30.13500 -95.90500 250 130 1298
40FL 26.88500 -81.75600 38 90 1007
40II 41.35100 -84.82100 825 90 641
40IN 39.07700 -86.15600 745 160 671
40KY 38.29300 -85.21000 840 90 817
40LA 32.35300 -91.96900 60 180 1464
40LL 39.47400 -88.96400 620 100 666
40MN 43.86700 -95.01800 1410 90 671
40MO 39.42000 -94.84000 945 30 702
40NE 41.97900 -98.52100 2100 130 1038
40OH 41.45100 -81.23700 1220 90 397
40OI 41.06200 -81.98300 1129 90 793
40PN 40.09300 -76.49400 370 120 366
40TA 31.31100 -96.22400 460 50 824
40TS 31.77500 -97.13400 590 150 732
40WI 44.05800 -91.43500 750 90 763
40XS 30.52200 -97.78200 897 150 915
41AK 60.31000 -151.32600 112 40 641
41CA 40.31900 -123.25500 2511 130 458
41II 40.15800 -86.68900 820 90 567
41IL 42.06700 -89.03300 780 90 488
41IS 41.20600 -88.80300 675 180 366
41LA 32.86100 -91.34800 110 180 610
41MN 45.42700 -96.59400 1000 90 671
41MO 37.35800 -93.49700 1140 10 641
41ND 47.60700 -101.10300 1895 150 549
41NE 42.15800 -98.50400 1990 130 763
41OH 40.78600 -81.10000 1050 170 488
41PA 40.25900 -77.08300 420 80 389
41TA 32.23500 -97.88100 800 30 824
41TS 33.38000 -96.45200 705 110 793
41TX 33.37800 -96.08500 645 130 854
41WI 42.74300 -88.58000 950 180 976
42AK 61.56800 -149.48800 314 20 427
42II 41.68400 -86.77200 740 90 656
42IL 39.99000 -89.08200 625 180 641
42KS 37.65700 -98.08100 1600 10 275
42KY 36.78100 -88.22200 380 180 916
42MN 45.08400 -93.56800 990 90 519
42MO 38.12000 -90.39000 710 20 678
42OH 41.15300 -81.00300 955 180 671
42OR 45.37300 -122.46700 380 70 622
42PA 41.91800 -77.14200 1040 30 489
42TX 33.32000 -96.06700 620 180 641
42VA 36.67900 -76.04000 15 110 1220
42WA 47.81800 -118.80300 2222 100 336
42XS 32.67800 -97.58100 870 180 610
43AK 61.60200 -149.58400 445 60 854
43CA 34.88100 -115.74000 2611 70 1220
43CL 34.20900 -116.00100 1793 100 872
43CO 39.36800 -104.68300 6700 100 793
43FL 28.98400 -81.82200 78 90 1000
43IL 42.42600 -89.72800 890 180 732
43IN 38.13800 -87.68100 460 90 793
43KS 39.10600 -96.41800 1100 170 854
43LA 32.74800 -93.87700 177 90 488
43MO 38.78300 -94.37300 1000 80 763
43NC 36.01700 -80.51700 810 10 916
43NE 40.77100 -99.15500 2205 170 1168
43OI 41.19800 -83.70500 710 90 702
43OK 35.66100 -96.98500 1000 180 1281
43PA 40.15900 -75.55200 290 90 976
43TA 32.02900 -97.63000 797 130 1053
43TS 32.56800 -95.46800 570 170 436
43TX 26.15500 -98.13700 91 120 587
43WI 43.56900 -89.26700 840 180 519
44AK 60.53500 -150.10700 250 110 488
44AZ 36.92900 -111.96700 5868 140 805
44CA 33.68300 -114.64300 400 180 805
44CO 38.84000 -107.79300 6100 160 805
44FD 28.35400 -81.54700 102 180 129
44GA 32.10800 -83.48300 260 180 915
44II 40.95300 -85.39000 815 90 488
44IN 40.50000 -86.95700 675 100 404
44IS 39.74600 -91.07700 700 120 464
44KS 37.61400 -97.16300 1350 40 793
44KY 37.35300 -83.34600 820 100 702
44LA 30.64800 -93.06100 110 90 1037
44MO 39.71100 -94.80300 1000 140 366
44ND 47.52900 -102.24700 2225 90 915
44NY 42.93600 -74.65600 460 130 610
44OK 35.95800 -97.54900 1100 170 763
44OR 45.22300 -122.73000 160 90 610
44PA 40.84900 -77.62000 1200 80 641
44TS 30.58200 -98.83400 1407 170 915
44TX 30.21400 -99.09500 1875 170 824
44VA 37.72800 -79.81300 1620 30 854
44WI 45.20800 -87.09900 685 180 793
45AK 63.96500 -145.47500 1300 110 793
45II 41.63600 -86.58600 800 180 610
45IN 38.99900 -85.74900 681 170 610
45KS 37.40700 -96.45300 1250 180 671
45MN 47.92400 -96.61200 898 140 519
45MO 38.85000 -90.63900 424 180 641
45OH 41.71900 -82.82700 594 90 580
45OI 40.55900 -81.54800 920 50 641
45OK 36.91000 -95.60400 775 10 610
45OR 43.15600 -124.17400 280 100 534
45TX 31.75600 -97.09800 563 180 763
45VA 37.69200 -76.99600 30 20 610
45WI 44.99800 -92.28700 1250 50 610
45XS 34.91200 -101.90400 3611 180 1617
46AK 59.73900 -151.03300 115 90 381
46CA 32.97200 -116.41300 1680 100 763
46CN 34.48400 -117.83400 3420 70 1369
46CO 38.10300 -104.42500 4790 170 763
46FD 29.66800 -81.50100 14 90 732
46IN 41.38100 -86.22700 825 90 671
46IS 41.18900 -87.90100 685 180 1220
46LA 32.79900 -91.94900 150 150 732
46MN 46.00600 -95.69400 1350 90 244
46MO 38.80600 -90.61700 443 60 915
46ND 46.98400 -96.92200 890 170 702
46NE 40.90300 -101.50500 3375 90 780
46NJ 40.15600 -74.45700 150 160 702
46OH 41.10200 -80.82700 997 20 427
46OI 41.68000 -83.76600 700 180 702
46OK 36.22500 -97.84500 1120 170 793
46TA 28.12100 -98.86200 287 10 1220
46TX 29.14800 -95.49700 30 30 671
46VA 37.81700 -78.04900 315 40 442
46XS 33.31400 -97.10600 600 150 610
47CO 40.89800 -104.83800 5270 40 824
47FD 26.66600 -81.77100 20 180 732
47FL 28.96400 -81.78400 150 90 915
47II 41.05400 -85.69400 800 60 732
47IN 38.99200 -87.51800 428 180 793
47IS 38.73600 -89.33800 485 180 549
47MO 39.73900 -93.99300 1000 50 549
47OH 41.20000 -82.57900 885 90 912
47OK 35.58400 -98.04400 1345 40 763
47OR 42.16100 -119.90800 4555 10 1037
47PA 40.71500 -77.98400 1200 50 366
47TS 31.04800 -95.92200 315 80 793
47TX 26.93600 -97.76800 27 110 1218
47WI 42.89000 -88.81200 840 90 641
47XS 33.47600 -101.78500 3153 170 671
48AK 61.79500 -148.49500 1010 120 403
48FL 30.81700 -87.47500 227 180 726
48KS 38.81500 -97.43200 1230 170 802
48LL 42.12500 -89.46300 812 90 702
48MN 43.76800 -93.58900 1210 180 732
48ND 46.51000 -100.55100 1650 180 564
48OH 41.25700 -82.19800 800 180 641
48OK 35.32100 -95.51900 620 170 641
48OR 43.15900 -123.50700 580 70 793
48TS 29.66600 -98.20200 650 50 671
48TX 33.46000 -96.38200 790 170 1190
48VA 39.28900 -78.35200 1120 30 488
48WI 45.79400 -89.73500 1640 90 732
48XS 29.93200 -103.30000 3325 130 1525
49AK 62.02400 -149.98500 300 60 854
49CO 40.09300 -104.38000 4780 80 805
49FL 30.97700 -87.49900 210 90 732
49II 39.60700 -87.01600 800 20 580
49IN 39.12900 -87.38300 500 20 671
49KS 39.21700 -96.67200 1230 170 671
49MN 44.67200 -92.83100 839 90 671
49ND 46.36800 -101.70700 2360 90 854
49NE 41.05200 -100.72800 3006 140 745
49NY 41.06500 -72.34900 24 180 427
49OH 41.36600 -81.97100 790 90 702
49OR 44.59700 -119.56700 3880 130 793
49PA 40.85800 -75.13100 780 140 549
49TA 29.89700 -95.02300 49 90 1068
49WA 46.84300 -122.52400 470 180 985
49WI 43.38200 -90.01700 1225 150 671
49XS 34.13800 -100.14500 1752 10 946
4AK2 65.47500 -148.66900 425 150 431
4AK3 61.37800 -143.32900 1500 50 351
4AK4 61.22000 -142.89400 1052 100 503
4AK5 62.98900 -144.48600 3050 40 702
4AK6 61.64100 -149.28900 572 60 1154
4AK9 58.73700 -157.00700 50 160 519
4AR1 35.04100 -92.10500 430 90 776
4AZ0 32.30400 -111.31700 2139 170 1220
4AZ2 33.70200 -105.39000 5966 80 1068
4AZ4 33.67300 -114.23100 880 150 900
4AZ6 35.00000 -113.46200 3760 150 458
4AZ7 33.38200 -110.46500 2896 140 2248
4AZ8 32.29300 -111.34600 2120 20 503
4AZ9 32.11300 -109.76600 4197 70 805
4CA7 39.67400 -121.88600 190 160 824
4CA8 37.64200 -121.16600 40 100 796
4CL4 34.45500 -117.03200 2942 80 1077
4CO2 40.80000 -104.98700 5545 10 1068
4CO7 39.22100 -104.68000 7028 170 763
4CO8 39.30500 -104.81700 6800 10 427
4FD1 30.65800 -83.87600 220 90 1586
4FD2 30.05400 -83.02300 40 90 732
4FD7 28.20900 -81.82800 131 180 549
4FL2 28.59700 -82.15000 72 180 549
4FL3 27.74100 -80.67400 24 90 1464
4FL4 29.77800 -82.89400 54 90 610
4FL6 28.94000 -81.47800 49 130 939
4FL7 29.33400 -82.25400 160 90 671
4FL8 27.33800 -82.31700 53 180 1220
4FL9 28.14300 -81.65000 135 90 604
4GA0 34.28000 -84.42600 900 90 946
4GA1 33.04900 -84.39800 920 180 854
4GA4 34.84500 -84.75500 770 10 397
4GA6 33.66400 -84.68200 750 140 458
4GA7 33.13400 -84.25700 800 90 610
4GA8 31.42000 -84.71300 245 180 915
4GA9 34.24200 -84.05900 1230 90 427
4IA4 40.75500 -93.24700 1020 90 997
4IA6 41.08700 -95.09500 1200 170 763
4IA7 42.47400 -92.49500 900 180 519
4IA8 41.64900 -91.96400 850 120 915
4IA9 42.46200 -92.72400 1020 160 793
4II0 40.61300 -86.73800 640 180 702
4II2 39.85300 -85.95700 860 90 403
4II3 39.73800 -86.73000 870 180 351
4II4 41.25300 -86.78800 670 180 671
4II6 38.38300 -86.08200 820 180 915
4II7 40.10500 -86.52300 900 60 250
4II8 39.72200 -85.72300 880 90 1068
4II9 40.61200 -86.88100 695 180 732
4IL2 40.80800 -88.54500 661 90 488
4IL3 42.14100 -89.22900 725 10 503
4IL5 41.72200 -90.00500 600 180 622
4IL7 40.85300 -88.85200 688 90 641
4IL9 40.77400 -88.38800 720 180 549
4IS1 39.77300 -88.45200 672 90 556
4IS5 38.25800 -89.94100 420 90 488
4IS6 40.93300 -89.12100 710 180 549
4IS7 40.07600 -88.40000 704 180 671
4IS8 40.02200 -89.55200 730 90 403
4KS1 38.68200 -95.03300 1020 180 763
4KS2 39.02100 -94.95400 960 180 519
4KS6 38.24300 -95.90600 1140 180 366
4KS7 37.55500 -97.06600 1310 10 819
4KS8 39.59400 -101.59700 3650 120 915
4LA3 30.81200 -91.21800 204 150 902
4LA8 30.70900 -90.87700 110 120 610
4LL0 41.83200 -89.09300 785 180 793
4LL1 41.85000 -89.08800 770 180 915
4LL3 42.30600 -89.98400 930 180 610
4LL7 42.00000 -88.67200 850 90 854
4LL8 41.99900 -88.64600 840 180 793
4MD0 38.37600 -76.48500 27 150 488
4MD1 38.37200 -75.23200 5 180 915
4MD2 39.43000 -79.45700 2500 100 574
4MD3 38.44000 -75.16300 23 100 541
4MD4 38.34000 -76.74000 105 90 534
4MD6 39.62700 -76.26500 410 150 549
4MD7 38.96000 -75.98900 70 150 633
4MD8 39.36000 -77.34400 490 120 854
4MD9 39.47700 -76.76100 461 20 793
4MI0 42.83500 -82.96800 765 180 732
4MI1 41.83000 -83.69200 680 90 702
4MI3 42.72700 -86.04300 685 60 488
4MI4 42.17800 -85.67600 915 90 795
4MI6 41.85800 -86.61900 660 90 702
4MI7 43.81300 -84.82500 890 90 537
4MI8 41.70700 -84.23700 767 90 549
4MN0 45.65900 -94.57300 1300 140 717
4MN3 48.73500 -96.97500 809 180 1098
4MN4 44.45900 -96.23100 1669 170 683
4MN7 43.84000 -94.28600 1070 180 869
4MN8 46.62800 -94.34700 1300 90 1208
4MO0 38.69800 -94.06100 865 50 671
4MO1 38.92100 -94.25800 980 10 1220
4MO2 40.56100 -92.44300 850 150 610
4MO3 39.99400 -92.49200 939 180 549
4MO4 39.21500 -94.33600 720 40 564
4MO5 37.36500 -93.99200 1120 180 442
4MO6 39.43600 -91.11900 840 10 702
4MO7 40.14400 -95.24300 875 150 671
4MO8 39.20700 -94.27300 720 90 641
4MO9 38.89400 -94.11300 1100 110 793
4MT1 45.82400 -111.14800 4360 130 854
4NA0 48.00900 -103.59400 2180 90 549
4NA1 48.25600 -103.67600 2256 110 610
4NA2 47.95700 -103.72000 2290 170 805
4NA3 48.86100 -101.30200 1545 170 793
4NA4 47.06600 -100.74300 2040 130 458
4NA5 48.28900 -101.83200 2250 90 537
4NA6 48.45600 -103.88300 2440 110 610
4NA7 47.29400 -98.24700 1440 170 1037
4NC0 35.89900 -80.61900 815 110 610
4NC2 35.20700 -76.61500 2 90 610
4NC4 35.33000 -80.86600 800 160 458
4NC5 34.72800 -77.05400 30 50 839
4NC6 35.44200 -82.48200 2100 40 817
4NC7 35.69900 -78.53800 390 180 519
4NC8 35.42500 -80.62300 600 150 793
4ND1 47.78800 -97.15400 880 180 1049
4ND2 48.25900 -100.50600 1500 90 793
4ND3 48.60500 -100.71400 1450 140 793
4ND4 48.56400 -100.88400 1455 80 702
4ND8 46.35700 -97.12200 1065 130 1007
4NE0 40.91700 -101.55200 3363 90 572
4NE1 41.75400 -99.76100 2500 80 1060
4NE4 41.02500 -101.62400 3379 140 793
4NE5 41.06800 -101.66400 3405 180 793
4NE8 40.38700 -101.15200 3000 130 915
4NE9 41.00300 -101.44200 3305 180 1043
4NJ0 40.45000 -75.02400 425 110 1098
4NJ8 40.60100 -74.73600 150 130 519
4NY0 44.66600 -73.54700 500 20 549
4NY1 41.32600 -74.32700 420 50 610
4NY4 42.55700 -73.77200 55 10 458
4NY8 42.12200 -76.90200 1709 160 340
4OH1 41.72000 -81.10700 940 180 671
4OH3 40.98200 -80.70700 1035 90 915
4OH4 39.79500 -83.12100 840 40 854
4OH8 41.49800 -84.24700 741 140 549
4OI7 41.45800 -81.97100 690 180 885
4OI8 41.05700 -80.76100 1170 90 1037
4OI9 39.10600 -82.61200 740 160 488
4OK0 35.22400 -96.72400 980 50 397
4OK1 34.71400 -95.17200 830 140 839
4OK4 35.28400 -97.66500 1320 180 793
4OK5 34.55500 -97.60000 1140 180 1007
4OK6 34.99300 -97.02700 1060 150 793
4OK7 35.08900 -97.50300 1165 30 702
4OK8 34.90100 -95.35900 675 180 488
4OR0 42.55600 -123.20900 1600 90 763
4OR3 44.73300 -123.07600 195 160 519
4OR4 44.44400 -123.24100 245 70 488
4OR5 44.96600 -122.94200 206 180 458
4OR6 45.45100 -122.25800 510 90 564
4OR7 44.98300 -122.94800 205 180 671
4OR8 44.84900 -123.04300 700 90 320
4PA3 40.62900 -77.01300 520 70 622
4PA5 41.31100 -77.52700 1820 150 671
4PA7 40.56300 -76.74900 610 60 458
4PN0 41.21600 -80.09700 1348 90 610
4PN1 41.39700 -77.32700 805 40 732
4PN8 41.52900 -75.87800 1100 180 488
4PS6 40.63600 -77.48700 600 80 549
4PS7 39.73800 -75.94500 418 160 575
4TA0 29.36000 -95.66500 65 170 1001
4TA1 33.30500 -97.11300 600 150 549
4TA3 32.90200 -98.46000 1020 170 793
4TA4 29.94200 -96.06000 174 170 686
4TA5 33.85500 -98.64600 1068 170 549
4TA6 30.02600 -99.38600 2000 150 916
4TA8 30.62100 -101.01800 2250 160 1007
4TE0 32.93900 -94.73900 285 130 1601
4TE8 30.32800 -94.07800 44 150 1832
4TE9 29.26300 -99.35700 970 80 1339
4TN0 36.15400 -83.73300 1060 180 366
4TN2 35.88400 -84.97200 1800 110 671
4TN4 35.19200 -89.64200 345 130 793
4TN9 35.61200 -88.69800 387 110 686
4TS5 29.84500 -95.79800 158 170 763
4TS7 30.45600 -102.92800 4572 160 1373
4TS8 29.37800 -99.34500 1089 130 916
4TX0 29.86800 -94.83700 35 150 1068
4TX2 32.97000 -97.23400 684 170 793
4TX3 33.66400 -95.83300 525 180 671
4TX4 32.62500 -97.19200 700 180 610
4TX5 32.22600 -96.25600 305 140 976
4TX6 32.41600 -94.81800 365 180 848
4TX7 33.42000 -99.87000 1500 90 763
4TX8 33.25200 -97.22400 705 170 793
4VA0 37.63600 -78.73300 350 90 549
4VA1 36.69000 -79.66700 840 180 732
4VA3 37.42800 -77.39700 101 50 686
4VA4 38.93400 -78.54300 1150 70 610
4VA5 37.65700 -78.92400 640 40 610
4VA6 37.87800 -75.50800 48 40 747
4VA8 37.61400 -77.29900 125 100 488
4VA9 38.57000 -77.92300 420 120 549
4WA0 46.94000 -119.74500 1120 70 1139
4WA1 45.60800 -122.20100 920 70 610
4WA2 46.92400 -122.97000 184 180 793
4WA4 48.54000 -122.89000 30 20 564
4WA5 48.72600 -122.69900 170 140 503
4WA6 46.61700 -118.59900 1500 50 793
4WA8 48.83500 -122.26900 175 70 671
4WI0 44.93100 -91.27700 936 60 854
4WI1 43.48200 -89.18800 840 60 793
4WI2 45.60900 -89.02200 1640 90 702
4WI3 45.32500 -88.14200 900 90 808
4WI5 44.72200 -91.46200 900 40 549
4WI6 43.80300 -87.89700 750 180 366
4WI7 45.20300 -89.52700 1370 90 473
4WI8 44.05100 -91.38100 737 90 763
4WI9 45.00400 -92.19300 1164 20 671
4XS0 29.92900 -95.97200 210 80 1586
4XS5 31.11700 -93.80500 350 10 1220
4XS6 30.39400 -98.66300 1700 150 636
4XS7 30.53500 -98.35900 1092 170 1827
4XS8 29.96900 -98.12000 960 120 641
4XS9 30.09400 -98.16000 1300 140 717
5021 48.70600 -1.49300 147 40 328
5022 49.33500 -1.71500 21 230 186
50FD 30.51600 -85.20100 120 50 641
50FL 30.89000 -87.21500 100 180 805
50II 39.77400 -86.76200 890 90 976
50IN 39.21800 -87.37100 575 90 580
50KS 37.66900 -98.61900 1820 180 702
50KY 38.12900 -84.33400 915 70 671
50MN 45.79700 -96.30000 1045 180 763
50ND 47.38300 -97.59400 1120 180 805
50NY 42.81100 -77.57200 1050 180 763
50OH 41.66600 -83.41600 620 180 610
50OI 39.74100 -83.04100 760 60 580
50OR 44.10300 -120.94600 3450 170 1312
50PA 40.93300 -75.35400 620 90 824
50TA 29.69100 -97.99800 600 150 763
50TX 30.14100 -98.52900 1598 130 1068
50WA 46.61900 -122.96400 400 140 244
50WI 44.11400 -88.53100 775 90 610
50XS 29.04800 -100.58900 905 130 1406
51CA 34.42600 -116.62100 2806 120 918
51FD 28.66800 -81.92100 95 100 586
51FL 29.39800 -82.86700 40 180 775
51GA 33.50600 -84.60100 920 10 549
51IL 40.27200 -88.49900 797 90 732
51IN 40.49600 -86.90600 670 180 793
51IS 39.66100 -90.70100 620 150 488
51KS 38.64000 -97.21400 1420 170 580
51LA 30.13900 -91.15500 15 10 1083
51LL 40.87000 -88.36000 715 180 691
51MN 46.02200 -92.99100 1090 170 378
51MO 37.12400 -89.84700 335 180 549
51NY 43.17900 -78.04200 615 90 412
51OH 41.07000 -84.09100 740 90 763
51OI 40.85500 -81.60400 1035 100 793
51OK 35.84800 -96.98200 1022 170 793
51TX 32.54300 -95.66800 540 180 763
51VA 38.71600 -77.63700 340 90 610
51WA 47.27200 -122.06800 580 160 808
51WI 44.06300 -88.56000 800 90 366
52AZ 35.37800 -113.29600 5585 140 1464
52CA 33.85400 -117.42900 1385 90 1007
52CL 34.53900 -117.46900 3075 90 1556
52FL 27.74800 -81.55900 140 180 610
52GA 31.64600 -84.32500 276 100 763
52IN 39.34500 -87.53100 452 180 763
52IS 41.47500 -89.85700 615 90 641
52KS 38.90500 -95.13200 935 180 549
52KY 38.12000 -84.30300 900 170 397
52LL 41.58400 -88.69300 665 90 543
52MN 48.63900 -96.80800 800 180 915
52MO 37.96200 -90.14500 700 80 183
52ND 47.19400 -97.28900 1047 180 1019
52NE 42.04500 -103.96900 4183 90 549
52NY 42.92800 -77.64400 804 10 610
52OR 45.74600 -122.84700 40 140 198
52PA 40.76200 -76.00900 980 90 793
52TA 33.46700 -96.35000 755 180 663
52TS 30.42100 -98.16400 915 150 549
52WA 46.93000 -117.98000 1620 30 732
53CA 36.46600 -121.23800 1680 70 534
53CO 37.55700 -102.39100 4096 180 854
53FD 30.47700 -84.03700 80 100 541
53II 41.07300 -84.84600 760 90 793
53IL 40.15600 -88.51700 710 180 671
53IN 41.31400 -85.36700 950 180 275
53IS 41.42100 -88.47200 585 180 732
53KS 38.11000 -97.43300 1460 170 418
53KY 37.27200 -84.56000 1130 80 440
53ND 47.55100 -99.94700 1894 170 610
53NE 41.08400 -96.40400 1090 170 573
53NY 42.95600 -77.61800 627 50 580
53OH 41.13400 -84.45700 721 90 1037
53OK 35.25400 -97.76700 1280 170 915
53TA 34.15700 -99.26400 1215 170 549
53TS 33.48800 -96.83900 715 170 976
53TX 29.21900 -98.55300 610 130 878
53VA 38.63800 -77.75800 390 180 793
53WA 46.29500 -118.98300 535 160 610
53WI 42.69500 -89.78800 1020 20 671
53XS 26.15100 -97.59400 30 130 793
54AZ 32.60500 -114.66800 177 30 1068
54CL 33.52300 -116.80200 3410 100 1068
54FD 30.88300 -86.20900 280 180 813
54GA 33.46900 -84.27000 890 170 1129
54II 40.62800 -86.15500 800 180 763
54IS 41.52700 -89.42100 766 90 519
54KS 38.80500 -95.11300 1020 170 549
54LA 30.56100 -91.04100 69 50 549
54MN 44.87700 -93.88600 980 180 366
54MO 37.00300 -92.94300 1530 120 488
54OH 41.12100 -84.61800 728 180 450
54PA 39.92500 -76.90300 500 90 488
54TA 32.30300 -96.87500 610 150 885
54TS 32.81300 -99.85200 1235 160 458
54WI 45.01000 -92.27500 1300 180 397
55FD 30.81900 -86.69100 251 90 647
55IL 41.28100 -87.82200 680 180 671
55IN 41.14500 -84.86600 790 90 610
55LL 42.15400 -88.51700 884 90 915
55MN 45.83200 -93.33600 1004 180 793
55MO 38.87500 -91.26000 820 180 610
55ND 47.35600 -102.71600 2260 90 763
55NY 42.08200 -79.31600 1645 90 564
55OH 41.09000 -84.62400 740 90 580
55OI 40.86000 -80.54100 1140 110 915
55OK 36.22600 -95.57800 575 180 519
55OR 44.43900 -123.31000 253 140 671
55PA 40.89500 -75.94700 1350 80 549
55TS 35.22200 -101.40900 3475 170 1464
55TX 30.11500 -94.25700 39 170 671
55WI 44.32200 -89.96900 985 180 793
55XS 29.16100 -100.42000 1001 10 1319
56FD 30.97100 -85.06900 130 180 1345
56FL 30.45000 -85.02900 56 130 976
56IN 41.07900 -84.94700 766 90 732
56IS 40.24300 -88.08700 690 90 668
56LA 32.35000 -93.81800 180 180 1084
56LL 41.75900 -88.77100 810 180 976
56MN 44.64600 -94.96500 1015 90 610
56MO 36.97400 -93.92500 1376 80 610
56NE 41.03200 -98.81700 1967 80 791
56NY 43.32500 -78.05500 342 90 916
56OH 40.90700 -80.55400 1195 90 458
56OI 41.20500 -82.33300 898 90 366
56OK 35.46100 -97.06700 1080 170 610
56PA 40.46800 -75.08500 430 60 671
56TS 30.33800 -97.35200 558 20 320
56TX 30.01200 -96.76000 440 160 519
57AZ 32.44200 -111.00800 2940 10 1362
57CL 35.00700 -117.60700 2499 70 732
57FA 28.21600 -81.12100 72 170 1573
57FD 28.53900 -82.23500 70 90 1220
57GA 34.86700 -84.39400 1946 180 947
57II 39.96400 -86.57100 930 90 610
57IS 38.31700 -88.27500 420 90 488
57ND 46.61100 -97.06400 1020 120 854
57OH 40.33900 -81.49100 820 180 702
57OI 39.99700 -83.85700 1100 90 458
57OR 43.34200 -123.45300 380 130 610
57PA 41.90000 -77.23000 1680 10 641
57PN 40.39800 -75.01300 360 100 427
57TX 28.44500 -97.80600 325 150 808
57VA 37.45400 -78.68100 725 160 732
57WA 46.87700 -119.13000 1155 160 793
57WI 43.00400 -89.88500 1190 180 702
58CL 33.19200 -116.28100 575 80 909
58FD 28.01400 -81.54400 78 90 702
58II 39.52400 -85.90000 770 180 717
58IL 41.23700 -87.86100 675 50 458
58IN 41.25800 -84.87000 820 90 1037
58KS 38.92500 -97.70800 1325 180 732
58KY 38.12100 -85.33600 740 90 763
58LA 30.92200 -91.17000 200 130 793
58ND 48.09300 -98.41100 1505 90 641
58OH 41.67900 -82.85000 586 90 458
58OR 43.31000 -123.13100 700 70 580
58PA 40.59100 -76.51800 842 80 671
58TA 33.17200 -97.48800 883 130 946
58TX 32.64800 -97.93600 830 20 816
58VA 38.59900 -77.64700 285 180 759
58WA 46.50700 -117.45500 2500 70 793
58XS 31.82900 -101.06100 2360 60 1040
59AK 61.63100 -149.34500 492 60 460
59CA 37.80500 -122.02800 1008 180 403
59CO 39.83600 -104.31900 5230 150 732
59FD 26.32200 -80.99600 20 100 1690
59II 37.90200 -87.79300 370 50 519
59IL 41.93300 -88.64600 900 90 671
59IN 41.47600 -86.45100 739 180 610
59KS 38.41100 -95.01900 1060 180 702
59KY 37.89600 -85.55700 690 30 534
59MN 48.60000 -95.19200 1304 90 805
59NE 41.08200 -98.63300 1982 110 600
59NY 43.23000 -78.69400 370 90 610
59OH 38.97500 -84.03400 900 80 580
59PA 40.53600 -75.08700 340 10 427
59PN 40.31500 -76.69000 489 90 708
59TS 28.14600 -98.16200 250 120 915
59WA 46.85200 -122.93800 250 110 427
59WI 43.03300 -89.19600 900 60 610
5AK0 60.82200 -151.79600 200 170 1373
5AK2 64.73100 -147.35300 490 60 549
5AK3 64.77700 -147.33400 480 150 778
5AK6 61.55900 -149.28500 125 150 458
5AK8 61.63200 -149.43400 420 30 305
5AL5 34.69500 -87.65300 505 180 916
5AR1 33.71600 -91.46300 150 150 958
5AR2 35.37100 -90.20700 226 180 793
5AR3 34.35300 -91.78300 200 180 741
5AR7 35.69000 -90.79300 249 180 793
5AR8 33.62000 -94.12000 321 140 966
5AZ3 33.21300 -111.62500 1450 80 1521
5CA4 34.75400 -116.15900 1700 80 794
5CA7 36.34000 -120.24800 335 160 899
5CA8 38.25600 -120.93400 480 70 451
5CL0 37.34100 -119.86700 1625 90 854
5CL1 35.40500 -120.52800 1380 70 549
5CL3 37.66900 -121.20100 34 110 549
5CL7 34.31000 -114.19000 860 110 671
5CL9 37.14400 -119.50900 1280 150 610
5CO0 38.81400 -102.31000 4184 40 872
5CO1 38.83000 -107.86200 6200 20 915
5CO3 39.91900 -104.86600 5015 180 641
5CO4 39.70000 -104.25600 5320 80 915
5CO6 39.55200 -105.28700 8000 120 763
5CO7 40.77200 -107.53500 6978 10 652
5CO8 40.34200 -106.85400 7120 80 702
5CT0 41.91100 -72.07100 600 130 549
5FD0 29.49000 -82.99400 17 40 854
5FD1 30.43000 -85.29100 140 40 641
5FD3 30.61100 -85.09100 150 180 641
5FD5 30.59500 -84.98400 100 90 610
5FD7 28.61200 -82.37200 80 90 763
5FL1 29.89900 -83.60900 25 10 915
5FL4 29.80100 -81.50500 21 90 808
5FL6 30.60800 -84.79100 295 180 793
5FL7 28.97500 -82.36600 50 40 809
5FL8 30.89200 -85.16800 110 180 869
5FL9 30.73300 -86.21400 270 10 736
5GA0 33.22500 -84.54500 840 10 549
5GA2 33.57300 -84.91300 1080 90 549
5GA3 33.16500 -84.36500 980 140 1068
5GA4 34.10900 -84.44900 918 180 610
5GA5 33.26400 -84.35000 820 180 854
5GA6 32.15000 -83.86600 352 90 885
5GA7 33.20100 -85.23500 800 80 763
5IA3 40.84600 -93.54500 1095 140 570
5IA6 42.83400 -94.01200 1145 170 763
5II1 39.78600 -86.61800 905 180 671
5II2 39.55600 -86.13500 795 180 763
5II5 39.94800 -86.73800 870 90 915
5II8 38.41000 -86.13200 750 90 549
5II9 39.35300 -87.37800 570 90 747
5IL6 41.43600 -90.17300 710 100 488
5IL9 42.08000 -88.69600 870 180 488
5IS3 38.07800 -89.98300 490 90 556
5IS4 39.76900 -88.78000 710 180 607
5IS5 38.53600 -89.33800 460 90 488
5IS7 40.03500 -87.78200 670 180 805
5KS0 37.09500 -97.96100 1250 180 122
5KS2 39.34300 -101.67300 3650 90 1220
5KS4 39.23400 -101.98300 3908 80 805
5KS5 38.67000 -101.33800 3314 180 1092
5KS6 38.76500 -101.26000 3295 50 671
5KS8 39.81500 -101.34900 3330 180 793
5KS9 39.82900 -101.36300 3345 170 800
5KY5 36.86700 -87.79000 498 180 945
5LA0 32.59300 -93.82800 200 180 305
5LA1 31.03200 -91.98200 55 170 854
5LL4 41.51600 -88.93800 670 180 397
5LL5 40.70400 -89.88400 745 180 549
5LL7 42.21100 -88.51900 850 90 610
5LL8 41.11200 -88.14600 617 90 1052
5LL9 40.14100 -88.12400 740 90 793
5LS9 31.53600 -93.70800 210 170 990
5MA3 42.18500 -72.14300 1010 20 549
5MA9 41.51300 -71.02900 60 130 473
5MD0 38.98900 -75.87200 70 90 885
5MD5 38.19200 -75.70900 18 10 915
5MD7 38.13600 -75.76500 3 160 671
5MD8 38.48800 -77.01200 151 20 610
5MI1 43.25200 -85.54500 885 120 488
5MI2 44.08000 -85.43800 1317 170 549
5MI3 43.05100 -85.42400 870 90 610
5MI4 43.42600 -85.45700 902 50 662
5MI7 42.01300 -84.42400 960 50 915
5MI8 42.67200 -84.49100 900 90 401
5MN1 44.19700 -94.11400 975 180 680
5MN2 47.39900 -95.36700 1535 180 763
5MN5 45.43900 -92.83600 945 160 503
5MN7 46.39000 -93.93200 1295 90 732
5MN8 45.72400 -96.31000 1050 90 976
5MN9 48.42700 -96.12800 1147 180 732
5MO1 39.38200 -92.37900 860 40 793
5MO3 36.94300 -93.95800 1342 160 610
5MO6 38.09700 -94.34700 820 180 763
5MO9 39.98300 -92.86800 995 90 595
5MS1 32.95900 -90.84600 106 170 1122
5MS5 30.53900 -89.46700 100 30 1527
5NA0 47.77400 -101.28300 2065 80 610
5NA1 46.65400 -98.74500 1518 160 915
5NA2 47.54100 -97.36400 1002 170 671
5NA3 47.18900 -100.43000 2030 80 915
5NA4 48.81600 -99.40300 1697 80 488
5NA5 46.82600 -96.92900 905 180 793
5NA6 48.53500 -100.31900 1485 170 442
5NA7 48.47000 -101.68400 1815 80 610
5NA8 47.86400 -103.91000 1900 40 534
5NC0 35.25300 -77.77100 57 180 598
5NC1 35.79600 -80.51300 756 180 610
5NC2 34.87900 -80.61900 575 180 519
5NC5 35.97800 -79.27400 650 20 732
5ND0 48.07400 -104.03300 2277 90 488
5ND1 46.70100 -103.89300 2760 80 763
5ND3 48.85800 -97.32300 800 150 488
5ND4 46.14600 -97.24300 1114 170 458
5ND5 46.53000 -98.15000 1440 180 793
5ND7 46.91600 -100.84700 1825 180 915
5ND9 47.49100 -97.07700 916 160 1342
5NE0 41.15900 -103.40100 4580 140 824
5NE1 41.54900 -100.83300 3260 140 351
5NE2 40.19900 -95.63100 1000 170 642
5NE3 41.48800 -100.50800 2900 180 506
5NE4 41.57400 -101.17500 3330 170 645
5NE5 41.20800 -101.14900 2957 100 1037
5NE6 40.24800 -101.09100 2950 140 646
5NE9 40.77500 -102.05100 3575 130 1292
5NJ2 40.59000 -74.84600 560 70 854
5NY1 42.40300 -74.91000 2380 150 915
5NY3 42.49600 -76.38800 1070 180 610
5NY4 43.15800 -75.43400 610 110 610
5NY5 41.66800 -74.15400 340 120 732
5OH0 40.90600 -83.64500 857 180 305
5OH4 41.72400 -80.87800 820 180 1098
5OH6 41.43200 -81.98000 700 90 854
5OH7 41.44600 -82.01200 692 90 805
5OI0 39.28300 -84.21400 800 70 503
5OI3 41.41600 -80.52500 1225 180 564
5OI5 40.69300 -84.78500 810 90 793
5OI6 39.27600 -81.58900 640 80 610
5OI7 41.58900 -83.37500 600 180 793
5OI8 40.19300 -82.65500 1172 180 580
5OI9 41.33000 -84.55800 725 180 519
5OK0 36.14300 -94.79000 1060 40 529
5OK3 36.48900 -95.15100 702 90 1220
5OK4 35.12100 -97.45100 1140 170 806
5OK6 35.71600 -97.36700 1201 170 793
5OK8 34.67200 -97.85700 1100 10 793
5OK9 36.18700 -95.54300 670 40 580
5OR0 42.28300 -123.53600 1460 20 732
5OR2 45.10300 -123.42800 220 70 442
5OR3 44.73200 -123.91500 100 160 397
5OR4 42.43700 -121.35400 4340 100 793
5OR5 44.03400 -121.12300 3490 60 805
5OR8 44.77700 -122.85100 380 150 763
5OR9 44.77900 -122.75900 630 180 519
5PA0 40.79900 -76.11900 1770 50 1235
5PA1 40.99600 -76.38600 920 60 488
5PA2 41.03500 -76.02600 1140 80 559
5PA3 40.16600 -76.40300 420 90 610
5PA6 41.92900 -79.14800 1240 40 503
5PA8 41.55000 -76.05300 1040 110 549
5PA9 41.19000 -79.28500 1580 130 473
5PS4 40.34400 -75.58100 320 40 549
5PS5 40.39600 -77.07700 620 70 519
5PS9 40.38500 -75.33600 570 90 450
5TA0 32.73300 -102.95000 3520 90 1129
5TA1 31.19100 -97.40800 683 10 671
5TA2 31.45800 -97.25300 740 140 793
5TA3 29.36200 -97.14500 350 160 671
5TA4 29.69600 -95.79800 117 110 763
5TA5 29.33800 -95.11900 23 120 793
5TA6 31.93800 -99.89500 1820 170 793
5TA7 29.42300 -95.15900 25 180 427
5TA8 32.01600 -95.92900 520 170 610
5TA9 29.50000 -95.93900 105 40 949
5TE0 28.63500 -100.16200 730 150 1681
5TE4 36.50300 -102.39400 3995 10 1313
5TE5 30.27900 -103.23800 4313 160 1223
5TN9 36.11400 -85.59900 1000 90 763
5TS0 29.41500 -95.12200 26 180 580
5TS1 28.20900 -99.14100 380 120 1371
5TS2 30.48100 -97.32000 536 160 458
5TS3 31.96900 -96.68900 480 90 702
5TS4 33.14700 -97.60200 790 170 464
5TS5 28.64800 -99.29000 555 10 610
5TS7 31.78000 -94.48500 360 180 763
5TS8 29.80600 -98.27300 1360 10 549
5TS9 28.53100 -96.53300 5 90 1129
5TX0 33.17600 -97.05200 611 160 605
5TX1 31.86200 -98.26200 1120 90 534
5TX2 33.42000 -96.21900 721 30 732
5TX4 33.03000 -97.06700 635 180 702
5TX6 33.01900 -97.07300 635 160 580
5TX8 33.03000 -94.38300 429 50 763
5TX9 29.58700 -99.53000 1320 130 1037
5VA5 38.40300 -77.31800 25 90 427
5VA9 37.69500 -76.31900 7 180 610
5WA0 48.59800 -119.10400 2640 120 808
5WA1 46.52000 -119.18200 700 30 427
5WA2 47.86700 -121.90500 370 90 549
5WA5 47.76400 -120.15500 920 90 427
5WA7 45.71600 -120.98900 1620 70 702
5WA8 47.04200 -124.15300 50 60 1136
5WA9 45.72400 -122.55000 290 70 854
5WI1 45.90300 -91.68200 1110 100 732
5WI3 43.20600 -89.01900 925 40 610
5WI4 45.08500 -87.67900 615 180 793
5WI5 45.27500 -89.49600 1500 90 671
5WI6 44.37000 -91.39600 804 180 671
5WI8 45.07900 -88.00400 715 180 580
5WI9 45.12600 -88.16600 860 20 824
5XS3 29.77300 -94.26200 11 170 824
5XS8 29.52100 -100.31900 1390 150 961
5XS9 31.92600 -96.26900 414 140 1220
60CO 39.97000 -104.65000 5180 170 778
60IL 41.89600 -88.58800 572 180 564
60IN 40.94200 -85.37300 750 30 976
60IS 38.40600 -87.99100 420 160 1220
60KS 37.51600 -97.00000 1260 170 366
60MN 44.46400 -95.28400 1070 180 793
60ND 47.87500 -97.81600 1425 80 458
60NJ 40.46500 -74.83700 200 70 854
60OI 41.35600 -82.62900 640 90 610
60OK 35.12600 -98.52000 1340 170 805
60OR 43.42400 -123.28200 625 10 610
60TA 32.33000 -96.95000 670 160 1161
60TE 30.13700 -99.15200 1990 160 917
60TX 30.03800 -96.26500 350 160 1098
61GA 33.30500 -82.17300 434 180 763
61II 41.36100 -85.47800 930 180 366
61IN 38.71600 -85.60400 730 180 473
61IS 41.05800 -88.38700 630 180 732
61KY 38.55300 -84.76400 910 170 580
61MO 39.55200 -92.09900 740 180 793
61ND 47.94800 -97.66600 1125 90 610
61NJ 39.69100 -75.14700 145 100 610
61NY 43.16700 -78.78200 629 180 488
61OH 41.19600 -81.21200 1130 40 686
61OK 35.80300 -97.60800 1160 180 610
61OR 44.33500 -121.35900 3077 70 549
61PA 41.69100 -77.16400 2202 180 747
61PN 40.42300 -75.23600 450 50 854
61TA 32.88300 -94.61400 380 70 1220
61TX 29.97000 -96.30800 250 20 549
61VA 39.23200 -78.01400 595 30 915
61WA 48.47300 -123.02300 50 90 763
61WI 43.70600 -88.28600 1120 180 610
61XS 29.32300 -96.02500 100 70 854
62CL 35.40700 -118.50600 3485 70 1144
62FL 27.84400 -81.44500 100 90 973
62GA 33.32900 -83.91600 630 180 894
62IL 42.18200 -88.60400 841 180 808
62IN 40.43100 -85.98100 854 90 488
62IS 40.08400 -87.90800 670 180 805
62LA 30.07900 -92.21400 21 170 793
62LL 40.16800 -90.29300 460 50 595
62MN 45.37900 -92.68400 920 20 610
62MO 39.06100 -94.20800 855 90 793
62ND 47.78300 -97.76000 1340 80 793
62NE 40.45200 -100.79200 2860 180 1036
62NM 32.60000 -104.43100 3360 40 979
62NY 43.19200 -78.80100 410 50 763
62PA 40.03400 -76.99900 550 60 793
62TA 30.31600 -97.30300 520 20 473
62TX 31.09500 -97.46000 590 170 732
62VA 36.66900 -76.73200 70 90 671
62WA 48.10500 -123.11200 130 70 610
62XS 32.02600 -98.13500 1220 160 732
63CA 33.48300 -115.87900 0 100 915
63FD 29.69300 -82.48900 100 180 732
63GA 33.45300 -84.10000 880 100 824
63II 39.50700 -86.03000 750 180 503
63IL 42.18300 -88.59900 840 90 770
63IN 39.90200 -86.27200 880 180 549
63KS 39.33000 -97.06400 1190 120 580
63KY 38.05900 -83.70900 800 180 610
63LA 29.96400 -91.91500 23 90 598
63MN 47.09200 -91.60300 930 50 610
63ND 46.36200 -97.72900 1240 180 763
63NE 40.62600 -99.64000 2470 170 671
63NY 43.26500 -78.96700 325 180 976
63OH 39.70600 -83.09700 815 150 854
63OI 40.33500 -83.14000 965 100 610
63OR 45.62000 -123.04500 180 170 702
63PA 40.32100 -76.10300 510 90 366
63TA 34.27400 -99.51500 1385 160 939
63TX 29.77700 -98.57900 1354 150 427
63WI 42.66800 -89.74000 1020 140 686
63XS 30.23000 -98.28900 1120 170 1253
6424 43.50800 -1.10400 223 20 346
6427 43.44800 -0.69700 252 140 598
6428 43.12000 -0.74300 984 70 337
6431 43.34200 -0.71200 872 140 373
6432 43.43200 -0.80100 360 30 295
6452 43.53800 -1.18400 6 100 210
64CL 33.85500 -118.27600 21 140 366
64CO 38.42100 -107.89900 6200 180 976
64FL 28.05700 -81.40600 67 140 1455
64GA 33.28600 -84.54000 900 160 625
64IL 42.24200 -88.67200 790 90 805
64IN 40.43800 -85.62600 875 180 793
64KY 38.15500 -85.11900 860 170 488
64MO 39.66200 -95.01700 794 30 994
64ND 46.85400 -101.07700 1840 150 811
64OH 40.89600 -80.92900 1280 10 641
64OR 45.03400 -123.17700 230 70 702
64TX 30.63300 -98.08200 1360 180 1068
64WI 44.03900 -88.70500 760 60 824
65IL 42.20400 -88.62200 830 180 732
65IS 41.02400 -88.98800 675 90 702
65LA 29.86200 -90.02400 0 20 961
65MN 45.96400 -96.15600 1100 90 915
65NY 42.28200 -79.44000 1655 140 793
65OH 41.07100 -81.75600 1220 80 763
65PA 40.89500 -75.29900 670 70 522
65TA 30.34700 -96.30800 250 160 793
65TX 28.58500 -99.65300 510 170 915
65WA 46.84000 -122.91900 255 60 397
65WI 43.62200 -87.82200 720 180 702
65XS 32.22600 -97.28300 815 150 671
6628 42.79500 3.00700 0 120 884
66CA 35.60600 -121.11100 320 10 549
66FD 29.00400 -82.55700 50 90 409
66GA 30.78600 -83.22500 210 60 793
66II 40.04500 -85.86500 865 180 610
66IL 42.27100 -88.57500 820 120 732
66KS 37.16700 -95.87300 880 170 805
66KY 37.50800 -86.21000 720 100 732
66MO 38.83300 -90.95100 660 180 275
66NY 43.20700 -78.35500 646 180 854
66OI 40.78500 -82.05800 1210 160 915
66OK 34.08800 -96.42500 695 70 610
66TX 27.62400 -97.88500 85 90 403
66WA 46.00200 -121.52700 1914 70 549
66WI 43.07600 -88.66300 860 180 351
67CA 37.07400 -120.38300 175 90 913
67GA 33.85800 -83.59100 735 60 702
67II 39.37400 -85.59200 875 180 549
67IL 41.36900 -88.65000 705 180 610
67IN 41.23600 -86.59700 720 90 403
67KS 37.59100 -100.43500 2780 180 683
67KY 38.98200 -84.66800 890 40 458
67LL 41.99000 -89.33400 695 90 488
67MN 45.19900 -94.79800 1170 140 824
67MO 37.81400 -93.37000 906 180 805
67ND 46.54300 -98.38700 1456 80 793
67NE 40.14100 -99.49900 2000 170 911
67NJ 40.96800 -75.07000 800 60 641
67NY 42.29300 -78.79100 1860 90 99
67OH 41.41400 -81.45700 1235 90 747
67OK 36.03300 -95.07900 990 90 244
67OR 45.23600 -122.85600 175 160 598
67PN 40.63300 -76.60100 720 100 641
67TA 33.27200 -97.45200 875 170 1159
67TX 27.80400 -97.85300 911 160 843
67VA 38.83600 -78.52100 890 40 549
67WA 46.01700 -118.37400 800 90 610
67WI 43.97500 -89.99700 890 180 793
67XS 31.90400 -96.31200 395 160 793
68CA 40.36500 -122.21700 615 150 916
68CL 36.05200 -119.64700 181 160 1375
68CN 36.02300 -118.10000 6800 90 793
68CO 39.87500 -104.15600 4940 80 793
68GA 32.50600 -83.74200 400 180 763
68IL 41.39200 -88.68300 750 180 775
68IN 41.12100 -87.00000 715 90 366
68IS 42.14900 -88.56700 860 90 911
68KS 38.57100 -94.78300 1050 80 793
68LA 32.33300 -93.52100 148 130 915
68MN 46.66800 -96.45100 965 180 671
68NE 40.99100 -96.62100 1355 20 368
68NY 42.75000 -77.78800 910 100 610
68OH 41.47700 -83.53000 640 180 1068
68OR 45.38900 -121.27900 2450 30 610
68PA 40.51800 -75.92000 510 90 549
68TS 32.87100 -96.29000 550 20 1099
68TX 27.98500 -97.79300 50 60 1525
68WA 46.39400 -120.22600 850 70 610
69FD 30.84500 -85.28400 260 100 599
69FL 26.67700 -82.14000 10 90 702
69II 41.36900 -84.88200 840 80 610
69IL 41.36900 -88.67900 730 180 793
69IS 40.58000 -91.29500 690 90 488
69KS 38.66600 -94.74400 1050 10 793
69LL 41.28700 -91.05300 534 90 694
69MN 46.27400 -96.43000 982 180 763
69MO 39.30900 -92.45700 885 100 549
69MY 44.66100 -93.10500 875 90 793
69ND 48.74100 -101.04200 1495 180 458
69OH 40.26100 -82.51500 1025 10 458
69OI 40.95300 -82.92500 1000 180 732
69OK 36.72700 -94.85400 840 60 641
69OR 45.41400 -123.13600 300 180 244
69PA 40.25700 -74.98500 330 10 610
69TA 27.65800 -97.52500 45 170 732
69TX 28.58800 -96.85900 50 140 1362
69VA 37.85300 -77.42200 75 20 916
6AK1 58.91400 -161.71400 100 160 610
6AK2 61.25200 -149.97000 125 60 488
6AK3 60.73200 -151.27900 185 150 580
6AR0 35.05300 -92.12100 270 70 702
6AR1 36.27900 -94.19800 1300 120 366
6AR2 35.02300 -93.06700 370 150 702
6AR4 36.43100 -92.52100 910 150 610
6AR9 36.41600 -92.70000 880 90 912
6CA1 41.74500 -121.88000 4380 150 702
6CA5 34.34100 -116.57900 3370 90 915
6CA6 38.32800 -120.48400 2870 80 1220
6CA7 35.18000 -118.85900 388 70 763
6CA8 34.85400 -117.13900 2313 10 549
6CL0 35.52700 -119.10300 640 120 305
6CL4 37.46100 -119.74300 3020 150 336
6CL6 37.17400 -119.61100 2560 50 244
6CO1 40.78200 -104.92400 5620 80 1220
6CO2 38.96400 -107.95800 7200 160 732
6CO3 37.63000 -103.66100 4708 10 1464
6CO4 40.51000 -105.00200 4885 90 186
6CO6 38.45500 -103.53300 4570 120 763
6FD0 29.56600 -82.87300 45 90 793
6FD2 28.67100 -81.08500 25 170 854
6FD5 27.77900 -81.10400 65 100 915
6FD6 28.90800 -81.43400 167 170 763
6FD7 27.54100 -82.53100 35 20 778
6FL0 28.41000 -81.83800 120 180 915
6FL2 30.72800 -84.92100 160 100 549
6FL3 26.93200 -81.56800 62 10 1224
6FL4 29.82100 -83.57600 8 90 549
6FL7 28.04700 -82.55800 30 160 549
6FL9 29.69300 -82.87100 50 180 671
6GA0 34.13600 -84.20200 1150 150 763
6GA1 33.20200 -84.58400 864 180 671
6GA2 33.31500 -84.05100 790 160 1190
6GA4 33.79500 -83.85500 920 60 915
6GA5 33.57500 -84.90700 1100 10 610
6GA7 33.37900 -83.74900 730 140 793
6IA7 40.99300 -91.74600 770 160 458
6II0 40.64900 -86.29300 757 180 824
6II2 39.73300 -85.72600 881 90 427
6II4 37.98200 -87.30500 390 90 1025
6II6 41.55800 -85.27400 1010 180 519
6II7 39.88900 -86.58200 975 180 549
6II8 38.65200 -87.28400 495 20 666
6II9 41.64600 -86.11300 740 60 351
6IL0 42.12800 -88.70000 850 180 805
6IL2 42.22000 -88.42100 855 70 610
6IL3 42.16700 -89.50300 850 90 458
6IL5 37.38400 -89.16100 525 10 564
6IL6 42.11800 -88.41300 920 90 915
6IL9 41.23900 -88.92600 660 180 366
6IS0 40.09500 -88.13300 690 90 671
6IS8 39.98900 -87.90900 672 90 671
6KS1 39.07400 -100.25000 2681 180 793
6KS2 39.43800 -100.63000 2940 180 793
6KS3 38.84000 -101.74900 3670 180 1159
6KS4 38.90900 -101.78700 3475 140 916
6KS7 39.98700 -98.51000 1960 170 610
6LA1 32.98000 -91.20900 120 30 1068
6LA4 30.80400 -92.59300 118 20 763
6LA5 30.45800 -92.24000 45 180 763
6LA6 32.22200 -91.86800 79 180 915
6LL2 41.16500 -90.56000 760 90 488
6LL5 40.70000 -89.42700 773 140 468
6LL8 40.78800 -87.73000 629 50 1220
6MA2 42.86100 -70.99900 117 120 610
6MD0 38.77500 -76.75700 110 50 564
6MD1 38.83500 -75.90800 50 60 454
6MD2 39.24900 -75.88800 50 150 991
6MD3 39.59700 -77.54900 1360 90 427
6MD5 38.81500 -76.53800 13 40 610
6MD7 39.33900 -75.77100 82 100 747
6MD8 38.44600 -75.40400 55 180 839
6MI0 44.61300 -84.95500 1100 60 641
6MI1 43.26300 -83.56800 755 90 604
6MI2 42.97000 -85.96200 656 170 564
6MI3 42.76100 -85.98500 630 30 641
6MI6 41.85500 -86.43900 760 90 610
6MI7 42.80600 -85.93800 708 90 610
6MN0 47.06100 -95.42300 1620 180 1128
6MN2 45.54300 -95.78000 1175 180 641
6MN5 47.26400 -95.93000 1244 160 979
6MN7 44.09700 -93.91700 1002 180 702
6MN8 44.14900 -93.27300 1145 180 793
6MO0 38.95300 -90.81700 584 40 671
6MO1 39.96600 -95.06700 1140 180 122
6MO3 37.34600 -92.13000 1510 20 778
6MO4 38.04500 -93.78300 850 180 714
6MO6 38.33400 -91.52000 960 90 549
6MO7 37.02600 -93.16700 1280 180 824
6MO8 39.48700 -92.06700 780 100 763
6MO9 38.70400 -94.47400 980 80 671
6NA0 48.99700 -102.73800 1930 80 805
6NA2 46.79500 -96.80400 910 170 610
6NA3 46.44400 -101.18200 1922 80 671
6NA5 46.91700 -102.01400 2140 130 1159
6NA6 48.61900 -100.98200 1481 80 488
6NA7 48.73300 -100.92600 1473 120 793
6NA9 47.89700 -97.11400 840 170 793
6NC0 35.28600 -78.18200 157 30 854
6NC1 35.58800 -81.08200 1030 30 915
6NC2 35.51300 -80.56000 750 150 473
6NC3 35.08300 -78.77500 160 40 915
6NC4 35.90500 -81.14100 1170 60 427
6NC5 36.01600 -77.66300 100 30 549
6NC6 34.79000 -77.40000 50 160 915
6NC7 35.09100 -79.92400 260 170 793
6NC8 35.93600 -80.38800 730 60 763
6NC9 35.19800 -77.75100 30 10 915
6ND0 46.24800 -98.53400 1480 170 793
6ND2 46.25500 -98.38900 1442 180 793
6ND3 47.06700 -96.93700 885 140 763
6ND4 47.50800 -103.20600 2574 120 869
6ND5 46.89300 -102.00300 2150 100 698
6ND6 47.51600 -97.55500 1090 80 671
6ND7 46.42600 -102.56600 2500 170 976
6ND9 48.39500 -101.77000 2010 110 946
6NE0 40.78900 -101.17000 3102 120 900
6NE7 40.24500 -100.33700 2450 90 616
6NE8 40.09000 -101.57000 3227 150 831
6NE9 41.27100 -99.89000 2600 150 747
6NJ0 39.78800 -74.38700 150 110 1586
6NJ1 40.73900 -74.95900 460 60 397
6NJ8 40.59300 -74.79300 275 140 468
6NJ9 39.79000 -75.37700 15 50 610
6NY1 42.11200 -77.09200 1700 90 519
6NY2 42.23000 -76.84600 970 180 412
6NY3 42.64200 -76.72900 805 180 488
6NY4 42.70000 -74.15900 1260 90 610
6NY7 41.86800 -74.33700 1060 140 793
6OH1 41.28600 -82.86900 760 90 412
6OH3 41.70800 -83.82900 700 180 732
6OH4 41.35600 -83.55800 650 90 540
6OH5 41.40700 -83.78500 675 180 519
6OH6 41.36400 -83.55200 675 90 763
6OH7 41.41200 -83.68300 676 90 641
6OH9 40.10200 -84.40100 974 20 854
6OI0 41.37600 -81.26100 1185 90 549
6OI5 40.13500 -83.22100 950 50 732
6OK0 35.89500 -97.95900 1110 170 793
6OK1 36.00100 -95.00600 831 70 601
6OK2 35.06600 -97.89500 1175 170 606
6OK3 34.47800 -99.13200 1297 170 614
6OK5 35.63100 -99.92600 2400 170 686
6OK7 34.59400 -95.86600 790 50 702
6OK8 35.36300 -98.57100 1630 170 763
6OK9 36.14500 -96.94300 950 170 814
6OR0 44.53200 -123.09100 253 170 458
6OR1 45.57200 -121.27500 1140 80 488
6OR2 45.61100 -121.27500 609 70 747
6OR4 45.38100 -122.80000 150 140 427
6OR6 42.39300 -123.53500 1250 150 336
6OR7 45.45300 -122.32300 640 70 702
6OR8 45.97400 -123.35100 500 150 610
6OR9 45.34300 -117.63100 3600 90 854
6PA0 41.34700 -74.93200 1345 180 763
6PA3 41.14900 -76.90400 1000 90 693
6PA4 40.15700 -75.87500 600 100 793
6PA5 40.11100 -77.45600 615 40 732
6PA6 41.34800 -75.48200 1550 180 488
6PA7 41.38100 -75.51600 1625 180 549
6PA8 41.20100 -77.44400 1500 90 473
6PA9 41.09900 -75.98600 1200 80 519
6PN9 40.88600 -76.15700 1200 100 610
6PS3 41.95900 -77.42900 1220 90 488
6TA2 33.37600 -96.36200 685 180 793
6TA3 32.72500 -96.72400 470 170 763
6TA4 28.72400 -100.41400 881 140 1922
6TA7 32.83100 -97.78000 1150 170 549
6TA9 28.11500 -98.04700 225 40 610
6TE6 33.63400 -100.34900 1775 10 1554
6TN1 36.40900 -87.08200 720 180 641
6TN4 35.42400 -86.29200 890 140 549
6TN7 35.02300 -89.21000 550 80 915
6TN9 36.06300 -87.24900 728 140 427
6TS0 33.44600 -100.85500 2317 120 763
6TS1 31.18000 -98.07500 960 140 610
6TS2 29.10000 -98.46900 480 90 580
6TS3 32.16200 -96.94200 550 180 549
6TS4 31.18300 -97.39200 670 20 793
6TS6 31.03900 -96.20400 410 30 793
6TS8 32.22800 -97.31300 800 150 667
6TX2 29.83600 -96.51800 340 100 720
6TX3 33.23900 -96.78400 700 170 1159
6TX4 33.12900 -96.68400 725 170 641
6TX5 32.35900 -96.14700 385 170 915
6TX6 32.08600 -96.35800 350 160 763
6TX7 32.54100 -97.13200 680 150 793
6TX8 32.55600 -97.20900 673 80 580
6TX9 29.84800 -102.79400 3010 10 1525
6VA0 37.81700 -76.31800 13 10 427
6VA2 36.74600 -79.85200 1030 150 1220
6VA4 37.28600 -80.07200 1020 120 427
6VA9 36.84600 -80.24100 1500 150 854
6WA2 47.11100 -122.82500 130 60 549
6WA3 46.60400 -119.28500 1000 160 488
6WA4 46.86900 -119.13900 1149 70 1393
6WA5 48.56800 -122.94800 60 180 305
6WA6 46.27600 -118.96100 625 40 915
6WI0 45.18300 -91.98800 1000 180 610
6WI1 44.49500 -89.91500 1120 90 427
6WI2 44.84100 -92.75300 895 140 732
6WI4 46.51200 -90.43400 950 30 793
6WI5 44.88800 -88.02600 615 80 854
6WI6 45.00700 -88.21100 840 180 763
6WI9 43.79700 -89.27300 790 100 763
6XS2 32.34900 -97.20200 700 20 869
6XS3 33.13900 -96.38900 550 90 604
6XS4 31.16400 -101.00300 2500 30 793
6XS5 32.10000 -95.29800 590 120 824
6XS9 29.29800 -98.38100 570 140 519
70CL 36.29800 -116.42600 2037 170 495
70II 39.52200 -85.68900 830 90 458
70IN 39.18500 -85.15200 989 180 824
70KY 37.81700 -85.96900 680 110 824
70LA 31.16900 -92.76000 220 90 763
70LL 40.94700 -88.75000 640 180 1098
70MN 45.34900 -93.24600 940 180 610
70ND 47.67900 -98.71500 1540 80 442
70NJ 40.67600 -75.02700 307 70 488
70OK 36.83700 -94.90500 853 170 805
70OR 45.40800 -123.15100 245 10 488
70PN 41.98200 -79.30300 1460 80 610
70TS 32.46500 -97.11500 635 150 522
70VA 37.07400 -79.83000 1034 60 549
70WI 45.03200 -92.35900 1160 90 793
71II 39.54500 -86.09800 800 180 305
71IN 38.66800 -86.00600 922 180 519
71IS 40.42800 -88.00100 780 180 610
71KS 39.10600 -95.29900 1030 120 580
71KY 39.03700 -84.87400 465 150 488
71LA 32.43700 -91.31500 80 180 915
71LL 40.84300 -88.56400 651 90 793
71MO 39.29600 -93.38500 655 170 915
71NE 41.03700 -99.83000 2615 170 536
71OH 41.64000 -83.87500 700 180 397
71OR 42.16500 -120.91000 5180 160 793
71TA 31.83900 -102.23500 2820 70 1342
71TE 30.38300 -98.37600 1471 180 1055
71TX 29.87100 -98.73400 1450 40 458
71XS 33.35000 -97.20600 680 170 671
72CL 34.13800 -115.11900 890 170 959
72CO 39.68300 -102.59300 4200 140 915
72FL 28.15700 -81.57100 68 90 610
72GA 31.58200 -81.23700 10 60 793
72II 41.19200 -87.47000 640 90 915
72IL 41.21400 -88.36700 565 180 549
72IN 40.91200 -86.87900 680 90 805
72IS 41.62500 -88.57800 650 90 549
72KS 39.27600 -94.88100 750 170 519
72KY 36.76400 -84.20200 1105 60 458
72LL 41.37400 -89.34900 690 90 805
72MI 46.28600 -89.28700 1642 90 1520
72MN 47.75400 -95.34100 1260 110 976
72MO 38.36100 -91.51100 960 90 793
72ND 47.65800 -97.59300 1111 180 793
72NE 41.08000 -96.15300 1135 160 183
72NM 32.95400 -105.96900 4603 40 1449
72OH 41.60400 -83.87100 680 90 610
72OI 41.07400 -83.68500 817 90 122
72OR 44.78500 -120.95900 1790 80 610
72TA 28.45500 -96.30000 5 60 1830
72TE 28.88500 -99.99500 680 150 1557
72TS 29.36500 -96.62300 178 170 1017
72WI 44.04700 -87.99600 910 110 458
7352 45.37400 6.27800 1395 130 700
73AR 35.05400 -92.05300 280 180 1222
73AZ 35.20000 -113.36900 5115 60 1454
73CL 33.69700 -115.64000 1335 40 610
73CO 38.39100 -107.82500 6120 130 610
73FD 29.51400 -82.86000 45 180 732
73II 39.57100 -85.16000 765 50 244
73IL 41.24200 -88.34600 565 180 671
73IN 38.97800 -87.02300 500 160 403
73KS 38.78300 -99.22300 1923 40 624
73MN 45.13600 -95.52100 1035 100 686
73MU 38.88600 -91.97200 878 90 549
73ND 46.57200 -98.69400 1535 80 793
73NE 41.03400 -96.53500 1180 170 382
73OH 41.64600 -81.01600 1100 90 1216
73OI 41.57400 -81.08000 1265 90 671
73OK 35.85000 -99.33800 2050 170 915
73OR 45.37200 -123.06500 490 160 397
73PA 39.92700 -76.77300 530 40 677
73PN 41.36700 -77.07300 640 60 458
73TX 29.17300 -100.64400 995 20 439
73WA 47.85400 -118.32800 1580 180 793
73WI 45.24100 -91.51500 1080 90 976
73XS 32.44300 -98.37200 1055 180 695
74CL 35.26000 -118.83300 517 170 793
74CO 40.05000 -104.21200 4857 140 763
74FD 30.46200 -85.18000 90 50 793
74FL 30.59300 -83.70800 120 180 1950
74GA 31.83400 -83.22300 362 90 946
74IN 40.56800 -85.34800 865 90 610
74KS 37.93700 -95.21700 1070 180 763
74KY 36.90200 -88.84700 370 180 763
74MN 45.69400 -96.43200 1046 180 641
74MU 39.03800 -91.13100 690 10 549
74ND 46.55200 -99.33600 1890 130 488
74NY 43.00300 -77.29200 660 20 480
74OK 33.95400 -97.15100 825 170 824
74OR 45.32500 -123.01900 180 150 397
74PA 40.29300 -75.46800 300 140 366
74TA 28.45000 -100.15800 800 80 1586
74TE 32.06600 -97.79500 967 180 1297
74TX 29.29400 -100.43400 1106 150 1678
74WA 46.73600 -119.70100 750 180 793
74XS 31.42500 -101.48300 2520 160 1434
75FL 30.10200 -85.46900 13 90 1176
75II 38.44800 -86.26100 700 180 262
75IS 41.89700 -89.17000 790 180 549
75KS 37.39000 -99.86500 2555 180 805
75LL 41.08200 -89.76200 748 60 732
75MN 44.18700 -93.71800 1070 90 610
75ND 46.91000 -102.49600 2370 90 976
75NE 41.45100 -95.95700 1000 170 796
75NY 42.11300 -78.31900 1698 50 915
75OH 41.25900 -84.79800 740 90 793
75OI 40.50600 -83.09100 950 180 610
75OK 36.31700 -97.81800 1105 30 305
75PA 41.87300 -80.46300 950 90 671
75TA 32.54000 -101.72800 2820 160 1444
75TS 32.41800 -97.09300 665 140 488
75TX 29.50500 -100.37100 1720 140 1298
75WA 45.80400 -121.47900 610 170 488
75WI 43.58800 -87.78400 640 180 275
7622 49.63800 0.72800 426 250 639
76CO 39.83900 -104.42200 5310 170 805
76FD 30.67400 -84.41600 270 160 854
76GA 32.74400 -81.61900 155 80 1098
76II 41.27700 -85.27300 880 120 351
76IN 40.54200 -87.47000 780 180 702
76KS 38.26200 -100.88000 2915 170 793
76KY 38.01500 -84.84400 770 90 427
76MN 47.59900 -96.02200 1246 170 671
76ND 47.99000 -100.90800 1585 80 610
76OI 41.26100 -83.20600 687 180 732
76OK 35.28800 -97.61800 1240 160 763
76TA 35.39800 -102.81100 3820 30 1068
76TX 33.14400 -96.97800 580 20 915
76WA 48.00500 -122.13900 10 70 763
77CA 37.12100 -119.99100 425 90 519
77CO 39.41200 -105.83900 9869 140 946
77GA 33.16600 -84.21600 800 130 549
77IL 40.76200 -89.45800 810 180 519
77IN 39.38200 -86.24100 620 180 458
77KS 37.37100 -96.87800 1320 180 702
77KY 38.11300 -83.87400 1000 170 488
77LL 42.42800 -90.50400 770 180 1037
77MN 48.37200 -95.79300 1160 90 793
77MO 37.10300 -93.77300 1309 160 763
77NC 34.15700 -78.10700 33 170 1069
77NY 43.08100 -78.78700 582 90 1159
77OH 39.36500 -84.34200 860 180 458
77PA 40.58300 -79.90300 1140 90 549
77PN 40.78400 -77.21000 630 100 589
77TA 32.87600 -97.66500 960 120 793
77TX 29.78600 -95.91500 160 170 885
77VA 37.88900 -78.29000 345 120 732
77WI 42.57500 -88.20500 760 160 885
77XS 29.28400 -95.36500 30 60 1196
78FD 25.54600 -80.46900 16 80 610
78GA 33.50100 -85.01800 1013 20 763
78II 40.63600 -85.69100 835 90 564
78LA 32.26700 -93.72700 230 90 438
78LL 39.56000 -90.55400 430 90 702
78MN 48.37500 -95.81200 1155 180 915
78MO 39.99500 -91.69200 660 90 549
78MU 37.30000 -94.19500 1025 180 732
78ND 46.29600 -103.43800 2900 90 854
78NE 41.17000 -97.03100 1655 170 794
78NY 43.05500 -78.82300 580 90 1144
78OH 41.26100 -81.97100 850 50 824
78OR 43.30600 -117.89800 4128 30 763
78PA 39.93400 -78.96000 2320 140 747
78TA 29.05800 -98.80300 560 30 915
78VA 38.24900 -78.47600 490 170 610
78WA 48.49200 -122.83100 115 170 488
78WI 45.01000 -92.59700 1150 140 580
78XS 29.05300 -96.26600 75 90 793
79FD 25.51800 -80.44500 6 90 302
79FL 29.55500 -82.86900 45 180 580
79GA 31.49400 -85.01700 310 170 519
79II 39.88700 -85.70300 930 180 793
79IL 40.63200 -87.70300 659 20 830
79IN 41.19000 -85.02500 792 60 244
79KY 37.87200 -84.62000 906 90 1669
79MN 48.37400 -95.75500 1165 180 805
79MO 36.98500 -90.54800 450 60 915
79MU 39.32800 -94.55900 1000 40 610
79ND 47.32600 -99.00600 1590 120 854
79NY 43.08900 -78.81200 580 180 534
79OH 41.21200 -80.68400 1092 180 549
79OI 39.81500 -83.76000 1070 60 854
79OK 35.38800 -95.17600 580 180 610
79PA 39.79100 -76.14500 470 100 549
79TA 28.17300 -98.89500 346 120 1220
79TS 33.30600 -96.74700 729 170 305
79TX 26.07700 -97.53700 30 180 918
79WA 47.17600 -119.74700 1220 160 671
79WI 43.89400 -90.95700 748 180 793
7AK2 58.13800 -133.73000 14 150 763
7AK3 60.48000 -151.16600 115 10 827
7AK4 61.53800 -149.46000 150 60 584
7AK5 60.50200 -150.93900 300 30 427
7AK6 60.48000 -150.92700 260 180 515
7AK8 61.62300 -149.62300 355 70 397
7AR1 33.05000 -91.34500 113 90 608
7CA1 34.41600 -116.62900 2850 90 1220
7CA2 35.18000 -118.92800 340 160 825
7CA6 36.34200 -120.11000 280 160 598
7CL8 38.67000 -114.63200 5977 170 1357
7CO0 40.07200 -105.04100 5050 80 1277
7CO1 38.76200 -105.39000 8400 100 1190
7CO2 38.83800 -107.87700 6200 180 793
7CO3 40.04300 -104.62300 5040 180 915
7CO4 40.60400 -103.94400 4860 70 854
7CO5 40.30100 -104.23100 4461 60 305
7CO6 40.12100 -104.31700 4820 170 1037
7FD0 26.07800 -80.41400 8 90 397
7FD2 28.98900 -82.33300 50 60 641
7FD6 26.62400 -80.30800 14 120 549
7FD8 30.49900 -83.39100 100 30 476
7FD9 30.62700 -83.28700 100 180 610
7FL2 30.24800 -82.77900 180 180 445
7FL3 27.44100 -80.58800 25 80 800
7FL4 29.90700 -81.68600 75 180 793
7FL6 29.07700 -81.05100 24 50 1220
7FL7 29.86800 -82.63700 80 90 556
7FL8 27.44500 -80.56800 25 110 610
7GA2 32.52900 -81.91600 295 90 854
7GA3 32.66600 -82.07600 328 170 610
7GA4 32.58100 -83.27200 459 90 732
7GA5 34.63100 -85.44900 1000 60 397
7GA6 33.36100 -84.14700 740 90 519
7GA7 33.06400 -84.43100 780 180 915
7GA9 33.56700 -84.89800 1044 180 717
7IA2 43.45500 -96.40600 1476 170 706
7IA3 42.06500 -91.63800 881 120 647
7IA7 43.08300 -92.31200 1160 60 458
7II0 39.56200 -86.11400 785 90 275
7II3 38.00600 -87.75600 385 180 610
7II6 39.53000 -86.79000 790 180 336
7II7 41.29800 -85.48300 920 180 198
7II8 39.57400 -86.38200 705 40 732
7II9 39.58100 -86.17700 740 140 549
7IL0 41.27100 -87.58200 705 90 694
7IL1 41.25300 -89.27500 718 90 503
7IL2 42.36500 -87.99200 790 180 805
7IL3 40.42700 -89.60200 545 180 403
7IL6 42.12900 -88.50100 979 140 442
7IL7 42.12400 -88.53300 870 180 580
7IL8 41.51500 -88.83800 668 180 915
7IL9 41.54700 -88.99300 700 180 610
7IS2 38.52800 -90.05800 565 160 763
7IS3 40.14700 -89.09200 730 180 702
7IS5 42.11800 -88.37800 890 180 702
7IS6 41.67400 -89.96800 625 180 824
7IS7 38.91700 -89.67000 595 180 738
7KS0 39.27200 -95.32000 1160 90 488
7KS2 38.84700 -95.46800 900 10 610
7KS3 37.52800 -94.70100 1000 70 824
7KS5 37.79900 -95.34200 1000 180 610
7KS6 38.62700 -94.77300 985 90 610
7KS7 38.95800 -100.80600 2950 80 915
7KS8 39.83400 -100.58000 2700 180 793
7LA0 30.52500 -91.53800 50 90 1068
7LA1 29.45600 -89.67800 2 30 671
7LA3 30.47900 -93.23000 79 10 946
7LA4 30.12800 -92.22000 23 170 525
7LA9 30.72200 -91.15000 140 180 976
7LL0 42.29700 -88.18100 775 180 583
7LL4 40.11400 -88.75900 715 180 671
7LL6 41.69800 -89.14900 952 90 793
7LL7 41.73900 -89.17200 760 180 580
7MI2 42.27400 -85.89000 740 180 793
7MI3 42.11900 -85.52000 850 140 763
7MI4 43.92700 -82.74900 690 180 1028
7MI6 43.11300 -84.12700 725 180 549
7MI7 42.38300 -85.57800 750 180 610
7MI8 43.33900 -83.47900 800 80 427
7MN0 44.79700 -95.39600 1020 180 549
7MN2 44.78400 -93.48000 760 90 805
7MN3 43.70100 -92.46100 1340 180 915
7MN6 48.34600 -96.88100 820 170 763
7MN8 48.07500 -96.27800 1135 180 1067
7MO1 39.47500 -91.71100 720 180 610
7MO2 39.84800 -91.73400 710 180 549
7MO3 36.60000 -94.35400 1000 90 686
7MO4 39.43400 -94.80600 930 130 763
7MO5 39.33200 -94.81400 780 20 702
7MO6 39.48800 -94.46600 1015 180 1068
7MO7 39.56900 -94.41400 940 180 488
7MO8 39.53100 -94.45300 1010 130 610
7MO9 39.99900 -92.11200 800 130 641
7NA0 47.36000 -97.02800 900 170 610
7NA2 48.69000 -101.35200 1575 140 558
7NA3 46.35000 -97.69800 1251 80 549
7NA4 47.52000 -97.33500 982 150 610
7NA9 48.93400 -100.57800 1680 170 1190
7NC0 35.16200 -76.76300 20 180 885
7NC1 34.52900 -77.85500 23 110 915
7NC2 36.25800 -75.79000 16 170 1054
7NC3 36.34200 -80.91400 1400 30 214
7NC5 35.93100 -78.24900 250 40 763
7NC6 36.05700 -79.33000 624 130 732
7NC7 36.34700 -80.17700 650 100 519
7NC8 35.53600 -78.69800 280 130 366
7NC9 35.72900 -79.91200 460 170 427
7ND1 47.03700 -102.78100 2540 90 458
7ND2 48.37600 -97.32000 810 180 671
7ND3 45.95200 -103.09700 2670 110 915
7ND5 47.35600 -99.62800 1850 40 1098
7ND6 48.85600 -98.93500 1600 90 874
7ND7 47.68500 -103.73000 2330 140 610
7ND8 48.85600 -98.74800 1570 170 793
7NE0 40.62300 -96.89900 1465 10 234
7NE2 42.26100 -103.53300 4650 120 763
7NE5 41.07200 -101.36600 3220 180 865
7NE6 41.01400 -97.80300 1700 180 395
7NJ9 39.31900 -75.21000 8 120 610
7NY0 41.68200 -75.01600 1200 10 305
7NY1 42.76300 -74.28100 640 100 336
7NY4 42.42400 -76.71900 1455 90 732
7NY6 42.89200 -73.51100 530 70 610
7NY8 43.19400 -73.63100 190 170 366
7NY9 43.10900 -75.43200 600 100 412
7OH0 40.30800 -81.11200 906 50 610
7OH2 40.90000 -81.53700 1150 90 555
7OH3 40.35300 -83.05500 952 90 732
7OH5 41.03800 -80.78400 1130 160 869
7OH6 40.71000 -81.39800 1079 30 397
7OH7 39.77800 -83.90100 960 30 427
7OH8 41.63500 -81.10100 1250 180 641
7OI0 41.33700 -84.16500 683 170 732
7OI1 41.20700 -84.27200 722 90 403
7OI5 41.52000 -83.28000 605 90 808
7OI7 41.29900 -83.01400 665 90 384
7OI9 40.07000 -82.13900 955 110 610
7OK0 34.03400 -97.67900 875 150 610
7OK1 35.62400 -95.74400 746 180 793
7OK2 34.98000 -99.50000 1650 170 805
7OK4 35.15400 -97.86600 1200 180 824
7OK8 35.99300 -97.57300 1060 170 805
7OR0 45.35600 -117.63600 3589 180 610
7OR1 43.42000 -118.57900 4140 90 458
7OR2 44.82300 -122.68400 1160 80 610
7OR3 45.58800 -121.21500 245 180 458
7OR4 44.31300 -121.44200 3070 170 824
7OR6 45.63800 -121.59300 800 120 351
7OR7 45.05600 -122.90700 170 160 534
7OR8 44.09500 -119.28800 4560 180 976
7OR9 45.32400 -122.47500 640 60 397
7PA0 40.02000 -76.42700 440 90 610
7PA1 41.86400 -79.20900 1790 60 580
7PA3 41.70000 -75.28800 1400 10 1221
7PA4 41.84000 -75.43700 2100 30 519
7PA5 41.10300 -76.80600 565 90 153
7PA6 40.24700 -74.99400 143 140 686
7PS4 40.39700 -76.60100 500 70 498
7PS7 40.54000 -80.11900 1250 150 458
7TA0 30.09500 -95.65100 198 180 671
7TA3 34.17600 -101.83800 3470 180 1159
7TA5 30.59100 -96.63500 350 160 854
7TA7 31.83600 -94.96400 310 20 1068
7TA8 29.85700 -98.74400 1400 40 702
7TE1 27.07900 -98.94000 592 170 1529
7TE2 27.10900 -98.21100 148 120 1241
7TE6 29.20500 -96.55500 108 170 1009
7TE7 26.39400 -98.34200 219 90 1573
7TE8 32.42500 -100.81200 2168 160 914
7TN0 36.43800 -87.09100 705 180 610
7TN1 35.32100 -85.85900 995 100 1037
7TN3 35.97300 -86.39500 537 150 633
7TN4 35.17200 -89.56700 380 80 915
7TN5 35.51700 -86.42200 800 60 702
7TS0 33.10000 -97.42700 920 170 1007
7TS2 29.83300 -97.88900 630 170 397
7TS3 29.95700 -97.98800 800 30 717
7TS4 33.18600 -97.25500 725 170 732
7TS9 29.05800 -95.96300 50 170 908
7TX0 33.83300 -98.57300 986 170 1161
7TX4 32.97000 -97.27500 710 170 610
7TX5 32.22300 -102.16000 2862 60 1858
7TX7 32.08000 -102.01800 2740 180 808
7TX8 35.10300 -102.04000 3560 10 1098
7TX9 33.35600 -94.43800 305 180 610
7VA5 37.18900 -78.83300 742 90 519
7VA9 37.74800 -77.85500 360 60 244
7WA0 48.09800 -123.64600 830 70 427
7WA4 47.86100 -117.78200 1890 150 772
7WA5 48.67400 -123.18100 10 90 824
7WA7 46.32000 -119.62200 1356 50 702
7WI0 43.37100 -91.11300 1110 50 641
7WI2 43.44700 -89.17800 965 180 854
7WI4 44.30100 -90.99200 1041 100 732
7WI5 42.88400 -89.40400 1000 120 610
7WI7 45.16200 -90.14900 1490 180 805
7WI8 42.75600 -89.19100 920 180 1129
7WI9 43.83400 -88.32500 1040 180 793
7XS0 29.50600 -95.17900 24 110 824
7XS3 31.48000 -95.63600 337 160 793
7XS7 30.11900 -98.93300 2030 150 1008
80FD 27.11800 -80.63800 18 140 1411
80GA 33.25800 -84.84800 820 70 610
80II 40.72300 -86.61600 710 180 558
80IN 41.20800 -84.80600 740 170 763
80KY 37.39800 -87.23700 465 160 519
80LL 40.31900 -89.16700 710 180 793
80MO 37.64000 -92.99200 1236 110 519
80ND 48.87900 -103.37500 2080 80 610
80NE 40.28500 -97.85400 1620 180 732
80OH 41.26400 -80.76600 885 180 702
80OK 35.58000 -99.88600 2440 170 671
80OR 42.36500 -120.97000 4540 80 763
80PN 40.54400 -80.45700 1220 130 829
80TS 31.33000 -95.57600 300 130 778
80TX 25.92800 -97.41000 20 130 305
80VA 37.79000 -77.82700 250 60 610
80WI 44.01900 -89.13800 800 180 854
81CA 38.72300 -122.57500 1300 120 1861
81FL 27.07400 -80.52000 35 180 549
81GA 33.63900 -84.90700 1130 50 503
81IL 40.43500 -89.36400 646 90 805
81IN 39.22800 -85.51600 835 100 427
81LL 41.56800 -89.17200 840 140 488
81MN 44.03400 -95.19600 1483 170 702
81ND 48.39100 -101.04800 1545 130 732
81NE 40.27100 -99.00900 2170 180 655
81NM 33.35300 -105.18000 5056 170 1833
81OH 38.89400 -83.98600 975 140 671
81OR 43.24800 -119.87800 4725 40 610
81TS 31.44400 -95.27900 385 90 702
81TX 29.34300 -103.56900 2590 70 763
81VA 37.11900 -79.79100 1050 130 488
81WI 45.07900 -90.18100 1465 90 747
82FL 26.91400 -80.20800 20 90 549
82GA 32.80400 -82.38700 275 20 1068
82IL 40.86600 -89.00700 730 90 671
82IN 40.98400 -85.92900 790 180 660
82IS 42.14600 -88.40700 880 130 960
82KY 38.28400 -85.48400 680 120 458
82LA 29.93100 -89.93400 5 50 366
82LL 42.12900 -88.99500 860 90 519
82MN 43.88300 -93.56900 1187 180 915
82ND 46.98700 -102.09800 2250 130 610
82OH 41.50700 -83.77500 650 70 610
82OI 40.15800 -83.27800 1005 150 915
82OR 43.90200 -122.81700 700 160 691
82PA 40.38400 -80.30200 1200 120 366
82TS 33.27900 -97.49700 923 130 705
82VA 38.17300 -78.97300 1290 100 643
82WI 44.15000 -87.81700 855 120 503
83FL 30.62100 -81.53800 20 120 959
83GA 31.00400 -84.50600 130 180 1052
83IL 40.89300 -89.10800 736 90 671
83IN 40.74000 -86.00700 685 90 1007
83KY 37.31400 -84.41800 1070 170 732
83LA 29.55300 -90.33300 0 50 824
83LL 38.30600 -89.85500 437 170 488
83MU 36.77100 -94.21300 1130 160 488
83NE 42.32900 -99.75900 2560 140 915
83OH 40.06600 -84.38000 973 180 732
83OR 45.50000 -117.47600 3445 50 671
83TA 31.90500 -96.60400 365 140 1190
83TX 30.64400 -96.48300 264 30 2131
83WA 46.02900 -118.17000 2430 110 427
83WI 44.97400 -90.34600 1410 180 793
8421 43.85200 5.54500 1068 80 639
8422 44.17100 4.92300 315 160 1973
84IL 41.50700 -88.28200 580 90 732
84KY 37.81700 -85.54300 650 130 610
84LA 32.55400 -93.59300 180 180 244
84MN 47.53700 -96.83100 869 170 900
84ND 48.00300 -97.75700 1150 170 564
84NY 42.98500 -77.61600 642 70 610
84OH 39.58100 -83.65500 1055 100 610
84OK 35.94300 -99.05300 1740 170 854
84OR 42.25000 -123.56900 1400 170 458
84PN 39.75200 -76.53600 625 70 153
84TX 30.74300 -98.37900 934 170 275
84WA 46.97400 -123.38700 55 110 549
8561 46.89100 -2.09300 9 100 626
85FL 30.96900 -87.05500 215 90 671
85GA 34.17100 -83.73200 1020 40 305
85IL 39.64100 -88.63600 664 180 805
85IN 40.43400 -87.50900 720 90 702
85KY 38.47300 -85.14200 890 140 946
85LL 41.68100 -88.26200 680 180 702
85MN 44.15500 -92.20200 1175 180 702
85MO 37.87700 -92.32500 1022 130 671
85ND 48.00500 -97.57900 1020 80 610
85NE 40.02400 -97.94200 1624 170 499
85NY 42.58100 -78.52300 1540 150 824
85OH 41.41300 -80.95200 838 50 793
85OR 42.40800 -121.05000 4410 150 793
85PA 40.59400 -78.78100 2040 70 439
85PN 40.58000 -79.60800 1280 120 448
85TA 32.63900 -97.18200 680 170 519
85TX 30.08300 -97.96600 983 180 1162
85WA 46.52600 -117.76900 1866 50 641
86CL 33.59400 -116.88600 2860 20 946
86GA 34.86500 -85.06300 845 30 610
86IL 40.91800 -89.12900 740 180 671
86KY 37.62300 -85.79200 760 50 366
86LA 30.97500 -90.66800 400 120 564
86NE 41.54500 -96.27400 1320 170 658
86OH 41.01200 -81.92500 1044 90 763
86PN 41.04400 -76.35800 730 80 468
86TA 30.60900 -98.30000 890 20 1030
86TX 29.73900 -98.37900 1055 170 519
86WA 47.00700 -122.23600 720 160 763
86WI 42.82300 -89.87000 875 180 610
87CA 36.40000 -119.62200 248 70 763
87IL 41.51400 -88.26700 580 180 549
87IN 41.45500 -86.47000 715 180 403
87MN 48.81300 -95.20300 1155 160 702
87MO 38.70000 -94.25800 915 180 916
87ND 47.58200 -98.57700 1510 80 1159
87NE 40.81300 -97.58800 1638 170 612
87OH 41.70900 -84.37400 840 180 805
87OI 41.26900 -82.62300 690 10 641
87OR 42.65400 -121.33100 4980 120 519
87PA 40.93000 -79.74000 1360 170 793
87TA 30.19200 -99.27000 2180 170 641
87TX 28.68800 -97.76400 418 50 976
87VA 38.08200 -78.69700 690 150 305
87WI 43.01800 -89.18600 955 10 366
88CO 38.88100 -104.25100 6320 10 1159
88GA 33.11500 -84.44500 810 170 610
88IN 39.58000 -85.93500 740 90 397
88LA 30.12900 -92.13700 20 70 305
88LL 42.18900 -89.83800 917 180 488
88MO 36.70500 -91.80500 950 150 732
88ND 48.71200 -97.99400 1560 170 610
88NE 40.40700 -96.01900 1170 160 569
88NV 40.75500 -119.22600 3904 40 1981
88NY 43.15700 -78.36200 635 90 549
88OH 41.60000 -83.32100 596 90 793
88OR 44.56900 -122.97500 303 90 610
88PA 40.54000 -80.41500 1200 140 397
88TA 31.45100 -104.84700 3700 10 1220
88TX 32.20700 -100.04200 2400 180 610
88VA 38.37200 -77.99400 305 40 671
88WI 44.50600 -87.86300 790 30 671
88XS 30.02200 -94.38800 35 170 671
89CA 36.47000 -119.88500 237 160 763
89GA 33.60400 -84.65700 990 50 366
89IN 37.98300 -87.12000 449 50 763
89LL 41.35800 -87.73000 750 90 763
89MN 45.38800 -92.70000 900 90 488
89MO 38.58700 -94.58000 1000 170 750
89ND 47.91400 -101.24900 2245 170 519
89NJ 39.49100 -74.72700 45 140 671
89NY 42.75800 -78.39600 1550 90 610
89OH 40.42400 -80.67700 1180 10 488
89OI 41.04100 -80.98400 1042 180 519
89OK 35.44300 -94.90100 565 90 601
89OR 42.59700 -122.71400 2000 20 381
89TA 30.19700 -95.96400 308 170 976
89TE 29.27600 -103.69900 2629 70 2282
89TS 31.57400 -95.76700 215 180 1606
89TX 30.88300 -98.41700 1242 170 854
89VA 38.52300 -78.52700 780 110 458
89WA 48.27200 -122.01800 130 180 427
89WI 42.90900 -90.03400 1060 140 483
8AK0 58.71300 -156.99400 60 30 427
8AK2 60.70400 -151.29300 150 170 427
8AK6 61.37500 -150.26200 70 160 793
8AK9 63.30200 -143.02800 1630 100 620
8CA0 34.58100 -117.26900 2900 20 793
8CA5 33.64900 -117.10900 1420 180 763
8CA8 38.07200 -121.20700 56 170 1065
8CL0 34.59000 -117.83000 2700 100 793
8CL1 33.18500 -117.00300 1643 30 410
8CO0 40.25200 -104.00800 4480 70 778
8CO2 40.67500 -104.21200 4950 140 1159
8CO5 38.83200 -107.89500 6020 40 671
8CO7 40.12200 -105.17900 5069 70 1037
8CO8 40.11100 -102.73200 4150 120 824
8FD1 30.10200 -82.92800 90 180 763
8FD2 29.71500 -82.10100 192 90 1373
8FD3 30.88300 -86.85400 200 180 1220
8FD5 27.19400 -81.08700 30 180 1037
8FD8 28.68300 -82.16300 58 90 1041
8FL0 29.72800 -81.44400 50 90 729
8FL1 27.19400 -81.91800 54 40 854
8FL2 28.99800 -82.10100 67 180 671
8FL3 29.07700 -82.00000 90 180 915
8FL6 30.67600 -86.85200 160 180 610
8FL9 26.66300 -81.42700 28 90 809
8GA0 33.60000 -84.14500 890 180 549
8GA1 33.42000 -85.16500 1070 60 717
8GA3 31.77900 -84.12500 260 180 946
8GA6 33.15700 -84.31800 992 180 763
8GA7 34.20700 -84.97800 620 170 1159
8GA8 33.58000 -85.00400 1180 170 610
8GA9 33.27300 -84.41200 820 20 906
8IA2 41.17400 -91.36600 700 90 747
8II0 38.85500 -85.10300 880 30 549
8II1 39.18300 -87.12800 520 90 403
8II2 39.65300 -84.87000 1085 90 616
8II3 38.21300 -87.58400 460 90 793
8II5 40.90200 -85.00000 790 180 519
8IL0 42.35000 -88.63500 853 180 595
8IL1 42.40800 -88.65700 900 90 604
8IL2 42.48200 -88.60000 950 180 610
8IL6 40.33500 -90.08800 432 180 1525
8IS1 39.30800 -89.99900 615 90 976
8IS7 41.64000 -88.81800 710 180 671
8KS0 37.81200 -101.46400 3190 80 854
8KS1 39.17500 -94.98100 920 170 610
8KS2 37.94100 -96.23100 1160 60 549
8KS3 39.85600 -95.48100 1100 170 775
8KS7 38.73100 -94.64600 1072 10 549
8LA9 30.35700 -92.74900 40 90 793
8LL1 42.35700 -88.51000 914 90 578
8LL2 41.36700 -89.56000 670 180 458
8LL3 41.04400 -89.78300 720 180 366
8LL8 41.58100 -90.09600 631 90 808
8MI0 42.40800 -86.17100 640 180 793
8MI7 46.15900 -86.48500 805 10 610
8MI8 42.99800 -85.45500 850 180 805
8MI9 42.30700 -84.10700 1000 180 458
8MN1 44.52900 -92.80800 820 30 671
8MN2 47.31600 -93.59600 1340 90 702
8MN4 46.37700 -93.81400 1289 180 641
8MN5 45.20600 -93.13400 900 180 610
8MN6 44.58900 -93.18500 960 180 702
8MN8 47.01500 -93.39800 1125 130 854
8MN9 45.26000 -94.03900 1027 180 702
8MO1 36.73500 -93.38200 1385 180 671
8MO3 39.32800 -93.94200 760 90 732
8MO4 38.20700 -90.87000 800 60 610
8MO5 39.82500 -94.38700 1043 130 610
8MO7 39.48800 -95.00700 780 180 793
8MO8 36.91300 -93.86700 1400 180 397
8NA0 46.88200 -99.63500 1780 100 641
8NA2 48.55200 -99.72700 1650 170 747
8NA3 48.36600 -99.54500 1615 90 793
8NA4 46.62300 -103.51800 2671 170 1830
8NA5 46.66500 -98.63500 1505 120 854
8NA6 48.94500 -97.55700 827 80 1159
8NA8 47.70700 -101.57900 2020 80 305
8NA9 47.33100 -97.67900 1195 80 763
8NC1 35.37500 -79.24300 480 60 458
8NC2 35.29200 -81.78800 1000 140 763
8NC3 34.94900 -78.86200 95 60 610
8NC4 35.73200 -79.31400 525 160 610
8NC5 34.57800 -79.24900 143 180 793
8NC6 35.68900 -79.41100 620 80 671
8NC7 34.56100 -77.44200 30 40 1220
8NC8 36.06300 -78.78700 309 140 975
8ND0 48.90400 -99.01600 1590 180 549
8ND1 47.46600 -100.99800 2000 150 610
8ND3 46.48800 -103.62300 2830 90 610
8ND4 48.07700 -97.18600 820 170 763
8ND5 46.76700 -97.40500 1020 180 763
8ND6 46.71600 -97.39100 1025 170 793
8ND8 47.25100 -98.56400 1500 100 793
8ND9 47.23100 -98.12300 1430 170 732
8NE1 42.20800 -103.03500 4210 80 1007
8NE2 41.03800 -96.03600 1100 20 522
8NE3 40.48600 -101.81000 3380 140 920
8NE4 40.87000 -96.28800 1292 120 645
8NE5 41.79200 -98.73100 2070 110 820
8NE6 40.13200 -98.94400 2000 160 626
8NE7 40.10300 -99.00400 1948 180 903
8NJ0 39.51700 -74.50900 30 20 299
8NY3 42.26600 -75.56100 1455 40 549
8NY4 43.06800 -78.05500 660 100 650
8NY5 42.82000 -74.15200 1260 100 555
8NY7 41.57400 -74.40300 437 150 567
8NY8 43.25700 -77.99300 403 90 519
8OH3 41.11500 -80.52200 1125 180 549
8OH4 40.84400 -80.70700 1260 90 796
8OH5 41.38600 -80.71300 1045 180 805
8OH7 40.88500 -80.60100 1250 180 702
8OH8 41.66800 -80.69000 985 90 793
8OI0 41.45600 -81.24600 1250 180 458
8OI3 41.37300 -80.67400 1105 90 824
8OI5 39.88000 -82.41500 1115 10 488
8OI9 39.09700 -83.11800 850 30 595
8OK0 36.07100 -98.28900 1212 170 671
8OK1 35.16600 -97.71200 1335 20 519
8OK6 35.56600 -94.75300 880 70 549
8OK7 36.80000 -97.71900 1085 170 610
8OR2 44.78200 -122.73200 871 140 915
8OR3 42.93400 -123.12500 840 90 549
8OR5 44.05000 -121.27400 3675 180 732
8OR6 45.78500 -122.89400 255 160 549
8OR7 44.62600 -123.22700 220 30 488
8PA0 40.86500 -76.40100 1070 80 610
8PA1 40.40800 -76.50700 505 90 549
8PA3 40.99400 -75.74600 1210 80 1068
8PA4 40.94300 -77.04800 660 60 549
8PA6 40.49500 -75.12800 460 90 580
8PA8 40.81600 -75.67000 980 90 549
8PN0 39.93600 -77.61600 730 10 549
8PN7 39.79800 -77.38200 650 50 488
8PN9 39.82000 -77.29300 530 40 458
8PS0 41.84800 -77.28500 1170 110 534
8PS2 41.30800 -80.16500 1370 40 566
8TA0 29.13800 -98.28200 530 110 1233
8TA1 28.47400 -96.76200 20 180 946
8TA3 30.51200 -98.17800 820 30 1373
8TA4 29.44900 -95.00700 12 180 763
8TA5 33.16500 -96.32200 645 170 427
8TA7 32.57300 -97.75400 900 160 793
8TA8 31.17300 -94.53200 200 180 793
8TA9 30.63600 -92.06200 37 90 610
8TE4 28.81400 -99.76300 640 70 913
8TE6 30.29300 -102.72200 3900 30 1751
8TS0 27.55700 -98.73200 698 170 915
8TS1 32.54500 -97.24200 700 170 671
8TS2 33.78800 -98.21700 932 170 970
8TS3 31.39400 -95.47400 387 170 763
8TS5 32.46800 -97.37000 908 90 366
8TS6 32.53200 -96.32500 418 60 559
8TS7 32.24300 -97.73000 615 50 915
8TS9 28.14400 -99.57600 620 130 1512
8TX0 31.43300 -96.13000 400 180 763
8TX2 29.97600 -100.20500 2380 40 915
8TX3 31.34500 -98.61600 1300 90 473
8TX6 32.42600 -96.71500 510 140 610
8TX7 29.83400 -95.15400 40 90 1068
8TX8 27.36600 -98.18200 190 150 1159
8TX9 32.49100 -95.56100 508 180 897
8VA1 38.45300 -78.18900 500 60 549
8VA2 38.01100 -76.56600 22 140 702
8VA4 37.67200 -78.70800 340 90 826
8VA6 37.73600 -78.96300 840 30 427
8WA0 46.88000 -122.60300 445 130 671
8WA4 47.08000 -118.50300 1880 180 641
8WA5 47.13700 -118.80400 1420 10 1037
8WA6 46.92100 -119.59500 1150 70 763
8WA7 47.11300 -117.57500 1973 180 610
8WI1 44.75600 -88.72800 915 180 610
8WI2 44.22800 -89.53100 1100 180 732
8WI3 44.42100 -89.56000 1070 90 793
8WI5 42.57700 -87.97800 740 180 1007
8WI6 44.61300 -87.65300 831 180 686
8WI7 45.65200 -88.18500 1196 40 549
8WI8 42.98000 -90.64800 1210 180 671
8XS1 29.88400 -95.81600 160 110 793
8XS2 27.92800 -99.85600 600 60 1068
8XS3 30.57000 -97.83100 965 150 824
8XS8 33.61300 -102.04200 3338 80 3208
8XS9 29.96000 -98.79100 1331 170 711
90CA 38.00600 -121.11800 77 170 549
90FD 27.16600 -81.54300 77 180 717
90FL 27.36800 -80.76100 66 180 1434
90IL 41.20200 -87.55900 630 180 793
90IN 41.22900 -85.36200 890 90 644
90KY 37.58200 -85.73600 760 90 549
90MN 44.50100 -95.45400 1060 180 549
90ND 46.67200 -98.68300 1490 170 1281
90NY 42.16900 -79.55100 1740 160 549
90OI 39.60400 -84.63800 1010 90 495
90OK 36.50400 -98.50200 1460 170 805
90PA 41.87600 -78.11800 1780 40 885
90PN 40.01500 -76.82200 470 50 610
90TS 33.81800 -97.61600 520 150 519
90TX 27.88500 -99.39900 635 150 1415
90WA 48.71500 -123.02000 140 140 824
90WI 45.57800 -88.71100 1608 150 915
91CL 35.99200 -118.08500 6427 110 1007
91GA 33.27600 -84.79400 910 170 549
91IN 39.20900 -85.97500 625 180 320
91LA 30.53300 -92.37100 51 50 756
91NY 43.19600 -77.75200 470 100 641
91OH 40.73300 -81.89600 1172 90 503
91OI 40.77200 -81.45800 1125 180 1220
91OK 34.64500 -99.37100 1365 170 702
91TS 29.37200 -95.34200 34 150 977
91TX 28.40100 -98.36600 235 150 1146
91VA 37.32600 -79.40700 760 50 564
91WA 46.70800 -119.80600 840 70 763
91WI 44.29700 -90.03200 976 180 793
92CA 36.12100 -119.89300 192 140 1124
92CO 38.28800 -105.61600 7200 30 1220
92FL 27.12100 -81.85300 35 90 610
92IL 37.03700 -89.32300 323 30 549
92KY 38.28700 -85.47300 690 180 671
92MN 46.01900 -96.10200 1127 170 946
92ND 46.19700 -101.93900 2600 150 610
92NJ 40.46800 -75.00600 530 90 671
92NY 42.74800 -78.46000 1430 90 915
92OK 34.38500 -96.29300 618 150 458
92PA 40.70600 -79.95300 1150 170 392
92TA 26.12300 -97.42900 27 150 458
92VA 37.34800 -76.56800 38 150 946
92WI 45.29300 -89.64200 1605 10 610
92XS 26.48200 -97.69000 24 140 912
93CO 40.21700 -104.95600 4965 80 885
93FD 30.75900 -87.17700 205 180 915
93FL 28.94800 -81.40800 60 180 671
93IN 39.59100 -85.73600 820 180 458
93KY 37.47300 -87.25400 405 170 573
93LL 41.59400 -88.60900 640 90 488
93MO 37.10800 -94.40700 1030 40 433
93MS 33.97600 -90.76800 154 180 962
93PA 41.50100 -79.88100 1180 180 610
93TS 29.75300 -96.11400 150 90 1068
93TX 30.91800 -96.68600 279 170 583
93VA 37.53500 -79.02500 810 40 427
93WA 47.44600 -117.81100 2375 40 763
93WI 43.25200 -88.21200 980 50 641
93XS 29.08500 -95.38300 10 170 793
94FL 26.73300 -81.90200 20 90 974
94GA 32.26800 -83.78700 465 180 1159
94IL 38.91700 -89.22900 526 90 561
94KY 37.50200 -87.33100 400 150 488
94MN 46.58100 -96.51200 960 170 915
94MO 36.80500 -91.88400 1170 90 519
94ND 48.66600 -100.92300 1470 80 671
94NY 42.82300 -76.69100 540 180 427
94OR 43.53200 -123.55300 230 100 717
94TA 31.31000 -100.45900 1960 170 922
94TX 31.44300 -99.31700 1500 170 1162
94VA 37.26500 -78.85200 765 140 671
94WA 47.08700 -123.77500 36 140 519
94XS 29.65700 -95.83100 103 140 610
95CA 35.67200 -120.54800 1030 170 610
95CO 39.11600 -104.46900 6540 30 1110
95FD 26.76800 -81.54200 22 90 564
95GA 33.45300 -84.94600 771 40 756
95IL 37.48300 -88.40200 485 30 839
95IN 38.88700 -85.82800 550 80 320
95KY 37.41900 -84.37200 1227 50 573
95LL 41.64800 -88.69900 694 90 702
95MO 39.26000 -91.65400 780 100 610
95NY 42.78700 -78.47600 1280 180 458
95OH 40.97500 -83.45900 840 180 930
95OR 43.20500 -123.53500 790 10 763
95TA 29.63200 -99.48500 1500 40 824
95TX 28.19800 -100.07200 651 180 1223
95VA 36.62500 -79.35600 450 170 366
95WA 47.31800 -122.00800 595 180 641
95WI 44.23800 -87.62200 680 90 458
96FD 27.33000 -80.73600 60 180 778
96FL 29.24700 -82.54600 100 180 1007
96GA 33.19000 -84.36800 890 180 915
96IL 42.37800 -89.84600 930 180 732
96KY 37.55200 -87.27400 465 90 427
96LL 40.61300 -87.61400 681 180 805
96MN 43.57200 -93.25400 1240 180 824
96ND 48.39000 -102.22300 2250 110 458
96OR 45.10500 -118.82300 4060 120 1452
96PA 41.91800 -80.25300 1225 50 793
96TS 32.22500 -95.19900 425 90 663
96TX 31.16100 -100.47700 2125 180 915
97CA 34.99300 -118.91800 1065 130 976
97CO 38.92600 -104.16300 6370 90 763
97FL 28.95700 -81.89100 80 180 1129
97GA 34.26900 -83.67600 1000 100 702
97MO 37.76000 -93.01600 1200 180 808
97MT 48.07100 -114.68000 3999 20 1035
97ND 48.43400 -97.70800 960 170 805
97NJ 39.55900 -74.67000 82 140 655
97NY 42.23100 -74.23700 2000 180 778
97OR 44.43800 -118.66400 3840 140 763
97PA 41.90800 -80.26200 1225 100 610
97PN 40.37700 -75.35000 550 180 488
97TS 30.48300 -95.54200 300 150 763
97TX 28.28800 -100.06900 710 150 1098
97VA 38.20900 -79.71500 2060 50 488
97WA 46.58400 -119.15800 722 40 671
97WI 44.96300 -90.86500 1140 90 531
97XS 36.28200 -103.02200 4510 60 915
98GA 33.20700 -83.91400 545 130 397
98IN 41.36400 -85.39200 950 90 488
98LL 40.79900 -87.78800 630 90 686
98MO 38.79000 -90.94200 750 180 863
98ND 48.26600 -97.62300 920 170 610
98NY 42.88100 -77.53200 1035 90 534
98OH 41.82800 -80.88400 660 180 732
98OR 45.20100 -123.37000 435 170 397
98TS 32.42100 -95.00000 430 60 580
98VA 38.94600 -77.54300 330 180 763
98XS 30.62800 -94.39300 170 180 549
99CL 34.62400 -117.60500 2865 40 1115
99FL 30.44700 -83.31500 150 90 805
99IL 37.47700 -88.80500 670 40 458
99IN 40.20600 -86.10300 885 90 427
99KY 37.65600 -84.69200 860 100 366
99LA 30.29200 -92.39000 25 150 610
99NY 43.23100 -78.78700 410 10 519
99OR 45.65200 -117.67300 3710 110 575
99TN 35.33000 -85.95800 1010 100 732
99TX 28.30400 -99.57100 520 130 1052
99WI 44.68100 -87.38300 680 90 366
99XS 32.67900 -97.80600 900 180 915
9AK0 62.51200 -143.23900 3120 70 317
9AK3 61.01300 -151.46000 30 60 1251
9AK4 64.14100 -145.83100 1009 150 854
9CA0 35.11200 -118.60300 3840 50 897
9CA6 37.87600 -118.09600 4960 160 1617
9CA7 36.76700 -119.44100 450 70 910
9CA8 33.54500 -116.97900 2220 90 458
9CL2 36.87100 -121.34200 380 70 918
9CL4 35.28400 -115.19700 4620 90 915
9CO2 39.69700 -104.48000 5700 90 671
9CO5 38.58400 -102.43700 4126 170 1610
9FD2 28.14000 -82.14700 80 170 702
9FD5 29.38600 -82.14700 85 90 763
9FD7 29.56800 -82.45700 75 180 1068
9FD9 30.11900 -82.96800 100 10 781
9FL0 30.08800 -83.08500 50 180 915
9FL1 29.66400 -82.01400 150 110 915
9FL3 28.69400 -81.59100 65 90 763
9FL5 29.81800 -82.92600 25 180 915
9FL6 26.59500 -81.12900 30 140 1068
9FL7 25.86000 -81.03500 10 180 628
9FL8 30.61600 -83.65700 150 90 915
9GA0 33.05700 -84.34500 864 90 488
9GA2 31.10500 -84.00200 310 90 702
9GA3 31.84000 -84.48600 401 90 793
9GA5 32.05800 -84.29300 475 90 488
9II0 41.28500 -85.43900 940 180 534
9II1 37.90000 -87.22000 395 90 366
9II2 41.68700 -86.15800 750 90 497
9II3 41.56200 -86.47800 700 90 915
9II4 40.17200 -85.94900 845 90 732
9II9 40.19000 -87.39200 555 180 793
9IL0 41.09700 -89.38600 500 180 580
9IL2 40.06900 -88.02700 668 180 813
9IL3 40.27900 -89.02900 715 180 610
9IL4 40.32900 -88.92800 760 10 366
9IL6 40.51600 -89.36700 650 180 702
9IL7 41.50700 -90.18300 580 10 686
9IL8 41.77200 -88.67600 765 90 399
9IL9 40.35300 -89.79000 502 90 491
9IS0 40.54300 -91.33700 680 90 1036
9IS1 41.39100 -90.37000 745 140 519
9IS2 40.48700 -88.26800 758 90 970
9IS5 41.85900 -89.40700 786 180 207
9IS9 40.33400 -88.95900 785 80 641
9KS4 39.64000 -98.36100 1500 160 793
9KS5 38.58100 -98.10100 1675 170 671
9KS6 38.81700 -100.57200 2600 160 793
9KS7 38.28100 -95.44400 1000 170 610
9KY9 37.74800 -82.78300 624 130 935
9LA1 31.90400 -91.76100 67 20 793
9LA9 30.73400 -90.45400 200 90 732
9LL1 42.14800 -88.29200 870 180 61
9LL2 38.03400 -89.58200 505 90 543
9LL3 39.54900 -88.03600 699 90 694
9LL4 40.23500 -88.60900 722 90 763
9MI2 43.60000 -84.12900 660 90 397
9MI6 42.73600 -83.75500 990 10 763
9MN5 46.70900 -96.35200 1100 180 610
9MN9 47.58600 -90.82800 790 60 793
9MO3 39.63900 -94.81400 1100 10 549
9MO4 39.97600 -94.87400 1130 180 598
9MO5 37.06400 -93.09900 1320 180 702
9MO6 38.19100 -92.99500 690 50 549
9MO9 39.55000 -93.25500 650 80 854
9NA1 47.42300 -99.90600 1700 80 732
9NA4 48.67000 -101.89100 1885 170 793
9NC0 35.79300 -78.44000 313 10 920
9NC2 35.21500 -78.79900 115 40 869
9NC5 35.57400 -80.86900 800 120 610
9NC6 34.27700 -78.16600 60 120 976
9NC8 35.68700 -79.22300 430 100 1159
9NC9 36.21200 -79.89500 910 180 366
9ND0 47.18400 -102.14500 2160 150 610
9ND1 48.65200 -97.26900 808 170 805
9ND3 46.91500 -103.30500 2750 80 805
9ND6 46.96000 -97.48800 1160 170 549
9ND8 48.78500 -97.67700 908 70 641
9NE1 41.14500 -101.93100 3650 110 811
9NE2 40.28500 -97.71900 1610 170 796
9NE3 42.18400 -101.78800 3768 20 857
9NE4 41.70700 -97.74500 1800 170 784
9NE6 41.33600 -96.08800 1250 180 408
9NE7 41.43700 -100.48500 3000 160 805
9NE8 41.40400 -100.48000 3010 120 716
9NE9 40.19400 -97.57100 1500 70 702
9NJ5 39.68000 -75.25500 80 110 412
9NJ6 39.37000 -75.26900 10 180 732
9NJ8 40.89700 -75.00300 630 130 564
9NY6 42.32700 -74.98800 2170 160 519
9NY7 43.03400 -74.15400 925 120 549
9OH0 40.80900 -80.58200 1100 180 275
9OH1 41.45400 -83.27000 617 90 763
9OH2 41.51500 -83.31000 610 90 732
9OH4 41.40400 -82.11000 690 90 519
9OH6 41.03500 -83.57300 795 90 763
9OH7 40.96500 -83.59600 808 180 671
9OH8 40.97300 -83.64100 815 180 702
9OH9 40.82800 -83.51900 890 90 915
9OI0 41.08000 -81.32100 1130 90 537
9OI3 39.89800 -82.11500 1000 90 885
9OI5 40.31200 -83.54400 1100 160 1068
9OI6 40.63500 -82.17800 950 170 610
9OI7 40.34400 -83.28500 1000 180 961
9OI8 40.03400 -81.46600 1040 170 458
9OK3 36.70200 -95.84300 690 40 671
9OK5 34.78200 -96.92900 1140 160 763
9OK7 36.18700 -96.55000 920 170 458
9OK9 35.54500 -94.49000 690 90 610
9OR0 44.31800 -123.02500 360 160 549
9OR1 45.00600 -120.74500 3300 110 946
9OR4 45.93500 -118.45000 950 120 458
9OR7 43.51600 -119.10000 4450 40 1007
9OR8 44.73500 -123.05600 205 160 555
9PA0 40.18500 -75.59200 275 50 610
9PA2 40.39400 -75.44400 660 90 549
9PA3 40.47400 -75.31000 499 30 336
9PA5 40.78000 -75.71700 520 80 183
9PA7 39.77200 -79.21400 2531 90 556
9PN1 40.04100 -79.79100 1240 160 458
9PN7 41.81600 -76.41600 1360 60 732
9PN8 41.62200 -75.53200 1700 180 610
9PS2 40.81200 -79.67000 1200 180 641
9SD9 43.81100 -96.71000 1553 170 1068
9TA0 33.18200 -96.92400 565 170 671
9TA1 29.65900 -98.14200 762 90 763
9TA2 35.93600 -100.30700 2340 180 1527
9TA3 29.87200 -94.99400 38 70 915
9TA8 31.68700 -94.97900 270 150 610
9TS3 30.15200 -95.96800 310 170 917
9TS6 32.38100 -97.17800 690 170 549
9TX1 30.14600 -96.85900 465 130 885
9TX2 29.91300 -97.63600 495 80 549
9TX3 34.17200 -101.63500 3339 170 781
9TX5 29.74600 -98.54200 1168 100 1095
9TX6 33.18200 -101.02300 2355 180 1525
9TX7 33.84300 -96.67000 700 180 366
9TX9 30.74600 -101.97100 2380 60 1068
9VA0 38.05200 -79.73500 1779 90 1129
9VA1 37.40500 -76.39200 12 90 671
9VA3 37.76100 -75.57300 6 40 549
9VA4 38.68900 -78.63000 990 30 473
9WA3 48.46200 -117.29400 2040 30 1144
9WA4 45.76500 -122.51900 275 80 610
9WA7 45.84500 -120.70600 2405 70 833
9WI1 44.32900 -88.62600 805 90 458
9WI2 44.28500 -87.79600 840 180 458
9WI3 44.28400 -87.98700 955 180 407
9WI4 42.97600 -88.13500 904 180 610
9WI5 42.83000 -88.57600 850 150 519
9WI6 45.10400 -89.02000 1500 80 549
9WI7 45.83100 -91.80600 1120 10 1098
9WI8 42.69400 -88.38300 980 90 610
9WI9 46.62100 -92.08700 680 90 763
9WN1 44.11000 -88.68400 758 180 1050
9WN2 45.96300 -92.15100 1020 40 1057
9XS0 29.09500 -96.95600 170 10 610
9XS3 33.10000 -101.46800 2870 30 839
9XS5 33.34500 -101.64200 3050 180 1098
9XS6 34.05100 -102.52600 3769 40 885
9XS9 29.91300 -95.83300 165 90 1205
A001 -32.67200 115.88000 47 10 1192
A002 -33.02000 115.69900 73 80 887
A003 -21.50400 119.35700 787 130 1709
A004 -17.78800 127.66500 1415 70 1188
A005 -34.31100 118.18300 730 120 658
A006 -19.16700 128.17000 1058 80 946
A007 -28.71100 115.81400 1054 50 761
A008 -27.15600 124.57800 1404 80 1293
A009 -22.74500 117.86600 2276 110 801
A010 -32.78600 115.78800 21 50 1293
A011 -22.22300 118.34300 1452 100 2195
A012 -27.97700 116.03400 952 110 610
A013 -34.37800 119.33400 127 60 1235
AGAF -9.19200 160.94700 20 60 514
AGAR -9.85800 161.97600 41 120 1034
AGAT -8.87000 161.00900 24 60 847
AGBT -8.56500 158.11900 10 10 661
AGEV -7.57300 156.59600 70 60 705
AGGA -8.70700 160.68100 5 10 947
AGGB -11.30100 159.79500 55 110 660
AGGC -6.70900 156.39400 5 140 856
AGGD -9.74400 159.83900 80 170 767
AGGF -8.11000 159.57700 5 10 853
AGGH -9.43200 160.04500 28 60 2204
AGGK -10.44700 161.89300 20 110 1286
AGGL -10.72200 165.79200 10 60 1083
AGGM -8.32800 157.25700 14 70 1381
AGGN -8.09400 156.86200 13 150 1114
AGGO -7.42600 155.55700 20 40 1612
AGGP -9.63900 161.42300 80 120 752
AGGS -8.57700 157.87200 5 100 906
AGGT -10.84600 162.45100 100 120 908
AGGU -9.86400 160.82300 10 50 608
AGGV -7.58800 158.72800 7 60 885
AGGY -9.08900 159.21300 42 120 1662
AGKU -8.02400 156.94600 20 140 672
AGRC -8.13100 157.14200 20 10 1262
AGRM -8.16300 157.63700 46 130 1384
AK01 61.53000 -149.02500 64 60 549
AK02 65.54100 -161.06600 575 100 427
AK04 59.79100 -154.13100 45 90 915
AK06 63.65100 -148.80700 2050 120 1525
AK07 59.24000 -151.88200 10 40 580
AK09 64.05300 -145.50300 1100 150 726
AK10 61.72000 -150.10600 210 150 572
AK11 70.40100 -148.68800 15 40 470
AK12 61.10700 -149.86500 47 130 329
AK13 65.05200 -146.05400 1195 70 610
AK17 59.76200 -151.22600 1600 10 474
AK18 59.83000 -153.08300 8 120 336
AK20 65.35600 -149.76200 1550 160 534
AK24 61.41700 -149.44400 375 30 397
AK26 64.55900 -164.44400 25 10 351
AK28 64.82000 -147.91200 427 180 1434
AK33 55.80300 -160.90100 20 70 332
AK35 58.72800 -156.94000 60 90 229
AK39 60.69500 -150.18500 381 20 763
AK41 64.54400 -146.85100 918 100 534
AK44 62.32100 -150.11600 318 160 472
AK48 62.29300 -153.36500 1490 60 366
AK49 65.68100 -164.79900 440 160 427
AK50 61.55400 -149.14700 120 60 610
AK52 63.39200 -153.27400 650 20 692
AK55 61.17600 -145.69500 2080 50 772
AK59 64.02600 -148.52800 2717 70 519
AK60 57.88400 -157.10900 240 60 1434
AK61 62.70100 -148.90600 1900 180 229
AK64 60.87000 -157.39400 1000 140 595
AK67 59.41400 -139.02900 100 40 519
AK68 59.55400 -139.51100 50 130 592
AK69 59.25000 -138.50600 130 120 580
AK70 59.41100 -139.19700 50 10 580
AK72 61.70700 -150.60300 113 140 595
AK73 60.72700 -151.30100 150 180 458
AK75 59.18700 -138.44400 30 60 567
AK76 59.12500 -138.40900 20 20 336
AK77 63.00400 -156.37000 1120 130 610
AK79 56.25600 -158.78200 50 80 854
AK80 65.10000 -151.18200 500 20 549
AK88 61.89900 -147.32600 2950 30 366
AK89 61.49700 -149.62200 180 10 595
AK90 61.73500 -150.10500 185 120 549
AK92 61.08300 -149.82600 35 130 418
AK96 58.21900 -157.35800 50 30 854
AK97 60.42200 -146.15300 230 40 797
AK98 65.64000 -167.48500 560 170 372
AK99 69.98600 -144.83600 8 150 610
AL01 31.56000 -87.53800 180 110 915
AL02 33.15000 -87.44500 300 80 610
AL04 30.46600 -87.52600 105 10 808
AL05 32.21500 -85.47300 331 40 1537
AL09 34.53700 -85.59000 1692 180 747
AL10 34.65100 -86.42100 650 90 763
AL12 32.35900 -86.13200 225 90 1409
AL16 33.73000 -86.72400 640 180 763
AL17 33.23800 -86.51600 450 150 1007
AL18 33.67800 -86.86900 590 130 473
AL25 32.24200 -85.60400 368 90 488
AL27 34.10800 -85.56600 610 180 610
AL29 34.13200 -86.63500 750 160 763
AL32 33.17700 -87.63800 169 110 458
AL33 31.02300 -87.58800 230 30 641
AL34 34.44700 -87.39200 685 90 1068
AL35 30.61800 -87.70600 125 30 442
AL40 33.54100 -86.98600 600 10 458
AL41 31.11700 -85.63100 285 100 1007
AL43 32.90900 -88.33800 200 100 915
AL51 32.41700 -85.30200 395 120 610
AL54 33.86600 -87.84600 420 170 671
AL55 30.44200 -87.46700 95 90 620
AL56 32.49800 -85.08600 440 50 610
AL57 33.63800 -86.44200 710 180 534
AL58 34.64300 -86.33600 600 90 549
AL60 33.83900 -86.21600 560 100 793
AL61 30.61700 -87.86000 140 90 309
AL62 31.08700 -85.68400 255 180 793
AL64 30.95800 -87.49600 230 180 564
AL68 33.85000 -85.66500 790 50 458
AL69 30.51100 -87.49200 30 180 610
AL71 32.80300 -85.98800 551 80 1369
AL72 34.69800 -86.78600 680 180 549
AL73 32.49700 -85.78100 253 140 1617
AL74 30.76300 -88.30800 215 50 549
AL75 30.41200 -87.50800 100 90 793
AL76 32.84500 -86.87200 495 20 976
AL78 30.53000 -87.85500 111 170 671
AL79 32.27300 -86.09900 305 180 763
AL81 30.40600 -87.50400 77 180 641
AL84 30.55900 -87.60900 125 90 839
AL88 30.42700 -87.47300 80 90 403
AL89 32.71800 -85.37000 820 70 686
AL92 33.30900 -86.40900 420 110 1037
AL93 34.88900 -86.71000 830 180 747
AL94 30.81600 -88.37700 212 180 793
AL96 31.42600 -85.16800 359 160 305
AL97 30.64700 -87.66900 162 180 610
ANYN -0.54100 166.91200 24 120 2152
AR01 33.10500 -91.25500 116 50 1159
AR05 35.22000 -93.30500 1770 180 916
AR13 34.98800 -92.63500 300 140 610
AR15 33.35200 -93.73100 227 180 915
AR17 34.98700 -90.91500 207 180 745
AR18 34.77100 -90.84400 205 80 702
AR19 35.21100 -93.75300 570 10 458
AR22 34.38500 -91.95800 215 180 763
AR23 35.13800 -93.47700 420 160 1129
AR25 35.11800 -92.19400 590 80 946
AR26 35.77300 -90.62100 232 50 494
AR27 35.94200 -93.84700 1430 160 641
AR28 34.93900 -92.02900 280 90 805
AR34 34.98200 -92.44800 610 90 610
AR35 36.08900 -94.10700 1420 150 610
AR43 35.10300 -92.78300 320 180 702
AR44 33.51300 -94.01800 265 90 763
AR46 35.19300 -91.04800 220 180 805
AR50 35.27000 -90.98300 180 180 793
AR54 34.92200 -91.91500 245 180 763
AR55 34.74400 -92.09000 251 180 854
AR56 35.59600 -91.43400 240 180 886
AR64 35.92000 -92.00800 310 50 610
AR79 33.69300 -91.38600 150 90 1144
AR81 34.15900 -92.60600 250 30 854
AR82 34.17400 -92.69600 492 170 519
AR83 34.17500 -92.70200 500 40 345
AR84 34.96200 -92.30100 350 10 915
AR88 35.05600 -92.35800 295 110 824
AR89 35.39700 -93.06700 730 20 641
AR91 36.22800 -94.03200 1200 180 519
AR93 36.48600 -90.28400 308 90 732
AR94 35.48800 -94.13900 415 160 671
AR97 35.22400 -92.49600 320 180 763
AR98 35.26800 -91.18900 208 180 785
AR99 34.41100 -91.96000 218 170 1159
AT01 -67.57100 -68.13100 0 180 876
AT02 -74.62700 163.90800 209 20 916
AT03 -75.10900 123.35200 10725 10 1501
AT04 -66.70100 139.82400 662 100 102
AT05 -70.42300 134.10800 8530 90 2853
AT07 -68.46900 78.79100 1528 170 92
AT09 -74.73600 164.01100 443 180 730
AT10 -71.31700 -68.12300 32 170 1201
AT11 -75.59900 -26.29000 108 90 1200
AT12 -74.99700 0.06800 9566 170 901
AT13 -74.69400 164.04800 5 30 3090
AT14 -75.54600 145.79900 8370 10 1201
AT15 -67.67800 46.10300 753 100 2563
AT16 -70.64200 -8.22400 55 150 1007
AT17 -70.82000 11.58700 2000 100 3301
AT18 -76.65800 159.96600 5620 180 1801
AT19 -63.31800 57.88600 3 130 801
AT20 -79.23500 40.56100 12027 180 3502
AT21 -67.74800 62.76500 1605 170 400
AT22 -71.66800 -2.82500 2647 170 1001
AT23 -71.65100 148.65200 6735 170 1001
AT24 -74.89300 -71.64000 4682 140 1201
AT25 -69.01500 39.62500 0 170 1001
AT26 -85.19200 -87.87300 5280 170 1581
AT27 -71.96200 2.41300 4002 70 3031
AT28 -78.48500 106.78500 11360 30 3643
AU01 -35.17800 139.11200 310 100 926
AU02 -33.88200 138.10100 700 150 1403
AU04 -26.86400 118.18300 1456 10 1004
AU05 -20.58400 148.64100 38 110 2972
AU06 -22.26200 132.17800 2272 120 1361
AU07 -16.62400 128.56000 362 260 1381
AU08 -29.95900 131.64500 574 120 1240
AU09 -30.92300 136.53100 453 90 2031
AU11 -36.85300 145.34500 605 10 621
AU13 -34.98700 140.84300 246 180 1278
AU14 -34.26100 140.58500 167 100 746
AU15 -28.36600 127.51300 1298 100 1525
AU16 -27.10100 152.89200 91 120 526
AU18 -30.68200 115.97500 662 20 1878
AU19 -31.96500 139.21000 682 180 1202
AU20 -22.80800 132.60000 1877 120 1401
AU21 -27.13600 134.74400 607 100 834
AU22 -32.81200 137.54500 89 120 1848
AU23 -24.64400 132.32000 1778 130 1245
AU25 -36.39800 145.28900 378 270 1008
AU26 -36.38600 145.12000 359 270 784
AU27 -36.29700 145.74100 432 230 821
AU29 -28.77100 122.06000 1451 170 892
AU34 -22.99600 149.31700 364 210 1073
AU35 -20.62300 148.67400 81 120 777
AU36 -37.89100 146.76800 323 110 769
AU37 -27.48100 151.79300 1450 100 854
AU42 -32.43700 123.77000 515 120 1210
AU43 -32.46900 123.85100 505 80 1132
AU44 -26.06500 116.15100 1040 80 1147
AU47 -17.52300 126.11800 643 70 1091
AU48 -32.94400 117.86300 1240 120 1158
AU49 -33.08600 119.76600 1276 10 1329
AU50 -24.40000 113.49100 30 160 1171
AU52 -22.43100 120.84600 1460 50 1405
AU53 -31.90700 127.61100 108 80 1572
AU55 -33.77800 115.04300 348 180 1658
AU58 -21.77800 145.08100 934 20 1516
AU59 -20.15900 140.67900 429 170 1212
AU60 -23.76200 141.14300 336 70 1221
AU61 -29.00600 140.99100 370 220 942
AU62 -29.47300 148.78500 480 170 1846
AU63 -17.74500 129.23200 1272 250 959
AU69 -26.29700 152.96100 30 10 839
AU71 -34.64100 150.65600 1888 30 223
AU75 -27.70800 153.10600 41 60 996
AU77 -20.03900 137.01700 723 160 1036
AU78 -25.84200 141.92200 337 100 1139
AU81 -26.31700 153.04300 13 20 1090
AU82 -41.58400 145.93600 2819 20 906
AU83 -41.53000 146.32800 736 90 314
AU84 -41.79900 147.28600 532 160 706
AU85 -26.94700 133.60000 1101 80 888
AU86 -35.86700 140.07500 71 50 1269
AU87 -32.40800 135.48500 686 50 1357
AU88 -25.98100 128.27200 1789 100 1799
AU89 -28.43400 113.73500 36 170 637
AU90 -34.27800 117.54500 837 100 1596
AU91 -34.34800 116.94700 787 90 1064
AU92 -22.48600 118.46100 2283 100 1366
AU93 -33.17500 118.07900 1132 80 1227
AU94 -32.67500 118.16600 1023 40 1184
AU95 -34.22300 118.21300 665 120 623
AU96 -34.98500 118.05200 7 130 865
AU97 -27.43200 120.91500 1725 80 1765
AU98 -24.22900 118.24200 1319 30 1212
AU99 -34.66100 116.14900 342 50 555
AYAY -6.33800 145.90100 5100 140 1220
AYBK -5.42700 154.66800 11 40 1565
AYBM -8.05100 142.93900 98 100 1391
AYCH -6.02800 144.96800 4900 30 1040
AYDU -9.09200 143.21300 20 140 1401
AYGA -6.09000 145.39200 5198 170 1663
AYGN -10.31300 150.34100 66 90 1691
AYGR -8.81000 148.30400 285 30 1668
AYHK -5.45700 150.40000 66 120 1578
AYKM -7.96000 145.76900 10 140 946
AYKP -8.89000 147.73100 1290 170 963
AYKV -2.57500 150.80200 12 120 1704
AYKY -3.04000 152.62500 178 130 1222
AYMD -5.21000 145.78200 10 70 1437
AYMH -5.82300 144.29100 5362 80 2191
AYMN -6.14200 143.65600 5680 170 1352
AYMO -2.05400 147.42100 12 160 1878
AYNZ -6.56900 146.71500 46 90 2438
AYPY -9.43100 147.21400 146 140 2766
AYTE -5.13400 141.63300 4232 220 2870
AYTK -4.33800 152.37200 29 110 1719
AYVN -2.68800 141.29700 10 120 1906
AYWD -5.63800 143.89100 5889 140 1547
AYWK -3.58200 143.66200 19 100 1565
AZ01 36.25200 -113.96700 1544 60 427
AZ03 36.73100 -111.75800 4217 40 1165
AZ04 33.92100 -113.19100 2210 140 427
AZ07 34.12000 -112.09400 2200 180 702
AZ09 34.80200 -114.11200 1900 180 427
AZ13 33.02000 -112.28100 1410 170 610
AZ14 32.02500 -109.96100 4510 90 625
AZ17 31.50400 -109.39100 4680 180 366
AZ19 31.73700 -110.62700 4600 20 229
AZ21 33.37000 -111.57200 1559 80 403
AZ25 33.60400 -111.60400 1720 180 824
AZ27 34.90800 -112.54000 4400 60 1220
AZ31 33.00200 -112.27200 1456 170 1208
AZ32 33.85400 -112.58600 2080 180 1434
AZ34 33.69800 -112.37200 1313 80 793
AZ40 36.00800 -112.29600 6204 40 915
AZ43 34.71400 -111.89400 3500 180 763
AZ44 33.78300 -112.34700 1530 120 732
AZ45 32.72400 -110.29900 4800 10 1373
AZ46 34.76800 -112.55200 5025 110 671
AZ49 32.89900 -112.25400 1615 170 793
AZ50 35.72000 -114.48200 2419 90 1220
AZ60 33.50300 -112.47800 1170 50 854
AZ61 32.90500 -112.23800 1616 170 805
AZ63 32.52500 -111.19900 2290 40 854
AZ64 33.94900 -112.68800 2225 10 763
AZ67 32.42700 -111.39800 2100 80 1562
AZ71 34.21400 -112.53700 3440 10 397
AZ74 31.36000 -110.37300 5350 60 1098
AZ77 35.24100 -111.94000 6958 120 980
AZ78 33.01400 -112.28300 1420 140 610
AZ79 33.53100 -112.21700 1112 170 114
AZ82 34.39400 -110.53400 6657 30 1043
AZ85 33.53700 -112.96300 1248 130 938
AZ90 33.35400 -112.13200 1225 80 824
AZ97 35.34300 -113.69000 3710 180 1296
AZ99 32.54600 -114.64100 193 80 793
BGAA 68.72100 -52.79400 74 120 799
BGBW 61.15400 -45.43700 112 70 1804
BGCO 70.73800 -22.65300 45 180 1000
BGGH 64.18900 -51.68000 283 50 948
BGJN 69.24100 -51.06800 95 80 845
BGKK 65.57300 -37.13700 114 110 1205
BGMA 65.43100 -52.94100 91 160 799
BGQQ 77.49100 -69.40600 68 120 1014
BGSF 67.00600 -50.74300 165 90 2800
BGSS 66.95200 -53.73800 33 140 799
BGTL 76.53000 -68.76200 251 80 3034
BGUK 72.78700 -56.13300 413 60 799
BGUQ 70.73600 -52.70700 289 160 900
BIAE 65.90400 -22.36800 20 80 492
BIAL 63.54100 -18.45600 160 130 648
BIAR 65.64600 -18.07000 5 10 2393
BIBA 63.55300 -20.15200 29 30 996
BIBD 65.63800 -23.55100 25 50 941
BIBF 65.52100 -13.81700 80 10 933
BIBI 66.13400 -22.57600 60 130 643
BIBK 66.01900 -14.83000 100 50 787
BIBL 65.64100 -20.29000 130 40 969
BIBR 65.07200 -21.80800 130 40 796
BIBV 64.79100 -14.05200 7 130 814
BIDG 64.74900 -23.73800 130 90 447
BIDV 64.64600 -14.28000 8 180 745
BIEG 65.27500 -14.41100 76 40 2002
BIEH 64.24400 -20.30700 359 90 733
BIFF 64.93300 -14.06800 15 130 695
BIFL 64.14200 -20.33100 269 40 670
BIFM 63.87400 -16.65400 56 100 1195
BIFZ 63.84700 -20.71900 32 40 700
BIGE 64.30800 -20.27600 350 60 731
BIGH 63.84900 -20.27900 196 180 1714
BIGJ 65.99100 -21.33200 98 50 961
BIGR 66.55000 -18.02100 65 180 1031
BIGS 65.63100 -16.15400 1275 20 640
BIHE 65.18800 -16.20500 1500 10 801
BIHI 64.88300 -19.48900 1994 100 820
BIHK 65.69900 -21.69600 89 20 1001
BIHL 63.83100 -20.37900 64 50 1029
BIHN 64.30200 -15.23100 23 180 1501
BIHR 63.74900 -20.25300 100 20 828
BIHS 65.75500 -23.47100 30 120 399
BIHT 66.01800 -23.45400 10 150 747
BIHU 65.94500 -17.43000 47 30 1596
BIHV 65.26900 -20.85100 164 10 551
BIHX 64.20000 -19.28300 1197 80 533
BIHY 65.98700 -18.39300 0 40 578
BIHZ 64.70000 -20.90000 379 110 741
BIID 66.05300 -23.69800 70 10 641
BIIS 66.05500 -23.14900 7 80 1401
BIKA 64.78500 -22.26200 160 40 653
BIKE 64.70000 -19.41700 2100 20 695
BIKF 63.96400 -22.60500 170 20 3054
BIKJ 65.47600 -21.92800 42 60 513
BIKL 63.79200 -18.01100 64 100 801
BIKP 66.30700 -16.46900 20 20 875
BIKR 65.72300 -19.57000 7 10 1888
BIMK 63.71400 -19.88900 271 90 800
BIMM 65.48200 -18.17100 36 40 672
BIMN 65.52200 -22.42000 147 50 447
BIMS 64.18000 -21.71100 18 70 540
BIND 64.71600 -18.07000 2625 40 891
BINF 65.13000 -13.75800 6 80 1111
BIOF 66.08000 -18.67100 32 50 783
BIPA 65.55900 -23.97900 11 140 1395
BIRE 65.45000 -22.21900 60 90 797
BIRF 64.90900 -23.80300 18 60 980
BIRG 66.40100 -15.93600 39 70 1077
BIRK 64.12200 -21.93600 47 10 1563
BIRL 65.65100 -16.92000 1029 20 1014
BIRS 65.91100 -22.42200 9 30 778
BISA 64.83500 -16.05900 2200 30 1172
BISF 63.92500 -21.04500 64 50 1061
BISG 64.15900 -15.91100 30 60 584
BISH 65.40200 -21.93600 98 170 518
BISI 66.13400 -18.91700 9 70 1082
BISK 63.51900 -19.50400 129 130 1162
BISL 64.00400 -16.94600 284 150 1020
BISN 64.38500 -15.38500 59 180 482
BISP 64.65200 -18.50100 2049 60 951
BISR 64.63000 -21.49600 164 60 701
BISS 64.06300 -21.57500 600 30 1025
BIST 65.05600 -22.77500 41 70 1121
BISV 64.11300 -18.79000 1995 60 701
BITE 65.87200 -23.57100 26 140 1085
BITF 65.67900 -24.01500 115 150 581
BITH 66.25000 -15.27900 7 110 1020
BITM 63.68200 -19.59000 597 70 771
BITN 66.21300 -15.33500 63 20 1192
BITO 64.34800 -18.85500 1840 70 601
BIVH 65.56100 -19.43800 26 120 650
BIVI 63.42000 -18.89400 98 60 712
BIVM 63.42600 -20.28700 326 30 1201
BIVO 65.71700 -14.85600 8 50 886
BKPR 42.58600 21.03500 1789 170 2491
CA01 41.18700 -120.95700 4229 90 869
CA04 41.31200 -120.04100 4497 170 1037
CA05 41.88100 -120.14700 4602 160 1116
CA07 38.84300 -121.56300 28 140 641
CA09 41.88500 -122.84700 3500 30 458
CA10 41.62100 -122.32200 3010 150 915
CA11 41.27700 -122.12200 3540 170 854
CA13 36.61000 -119.46300 350 180 610
CA16 38.72600 -121.39100 120 180 763
CA17 37.72400 -120.89400 158 90 758
CA18 38.87600 -121.71200 24 140 946
CA19 38.72100 -121.33600 145 180 671
CA20 38.42600 -121.01800 220 10 1220
CA21 39.22200 -121.21800 1650 100 519
CA22 38.76200 -121.58600 23 150 610
CA23 38.77200 -121.52100 31 140 732
CA24 36.62500 -121.49600 339 50 915
CA32 36.58700 -120.25200 165 150 763
CA35 38.01500 -122.52400 4 40 653
CA39 38.43600 -122.56800 450 90 763
CA40 36.51800 -119.67100 276 180 793
CA41 36.58600 -119.64200 310 130 732
CA44 36.14600 -118.80400 1153 180 854
CA45 37.32200 -120.86900 79 180 732
CA49 36.20700 -119.84200 199 150 580
CA50 38.95600 -120.30000 6933 160 1068
CA51 38.70700 -123.43600 360 120 793
CA53 40.67300 -122.34500 740 80 549
CA54 37.67100 -121.33000 81 90 488
CA57 38.46000 -122.04500 310 170 488
CA59 38.79500 -121.58400 23 170 671
CA60 39.95400 -121.99700 280 160 895
CA62 35.72100 -120.77300 920 100 1073
CA64 35.69000 -119.60200 220 140 757
CA66 36.90700 -121.84600 70 100 671
CA67 37.54600 -121.20700 96 30 476
CA69 36.00700 -120.14600 790 120 878
CA70 34.75700 -117.50600 2984 70 1617
CA71 38.44400 -120.88900 750 140 915
CA73 39.10000 -121.71600 42 160 957
CA75 32.64100 -116.64000 2655 160 634
CA76 33.06800 -116.75400 2500 30 610
CA84 32.89000 -117.24900 372 90 458
CA88 36.02900 -120.90900 441 140 610
CA89 33.63600 -117.30400 1253 120 1053
CA90 34.51400 -115.52800 780 80 1606
CA97 34.02100 -119.85700 250 90 764
CAD3 61.41500 -130.10200 4333 140 728
CAF2 52.18900 -128.16100 141 130 1126
CAH4 52.85800 -119.33700 2615 140 1208
CAJ3 49.04200 -116.50000 2070 150 1199
CAJ7 50.45000 -113.76000 3450 70 1367
CAJ9 57.43000 -125.65500 2536 120 1186
CAK3 49.07900 -122.94600 10 70 793
CAM3 48.75300 -123.71100 312 120 499
CAP6 56.79600 -124.90800 2230 110 1830
CAX2 57.27200 -109.86700 1758 90 2385
CB01 46.22900 -79.29000 796 170 572
CBA4 67.24100 -135.31500 1594 90 1108
CBD6 61.03300 -123.38900 600 150 755
CBH4 61.56600 -124.81600 2880 170 909
CBJ4 51.24200 -122.00200 3650 70 1037
CBJ6 60.33700 -123.82400 1427 140 1443
CBK7 58.84900 -125.24200 2332 100 598
CBL3 58.81300 -122.78400 1328 180 761
CBN6 60.66300 -123.57600 744 50 1068
CBN9 56.91300 -124.97300 2299 150 1550
CBQ2 49.16800 -122.55600 6 80 663
CBR2 49.90400 -116.94300 2354 70 1124
CBS2 49.29700 -103.02600 1955 120 933
CBS7 50.06700 -105.30400 2120 80 580
CBU2 57.85100 -129.99500 3057 120 1312
CBW2 54.21000 -128.54500 267 170 1008
CBX5 61.96000 -128.21100 3631 140 1199
CBZ9 54.01500 -124.77700 2690 80 1185
CCA6 52.56900 -55.79000 70 140 671
CCA7 45.46100 -64.82600 135 90 762
CCC2 47.14000 -55.33400 156 150 905
CCC5 45.98700 -65.30800 425 70 865
CCE3 46.55700 -67.16800 837 20 1227
CCE4 53.47200 -55.79300 57 150 763
CCG4 46.15200 -64.77400 214 80 913
CCH4 52.76400 -56.12100 209 100 762
CCK4 52.37000 -55.67600 74 50 671
CCL2 53.77200 -105.31000 1650 150 793
CCN2 44.71000 -66.80000 238 60 916
CCP2 49.05200 -55.45300 365 70 1217
CCQ3 45.41400 -63.47100 142 50 1521
CCR3 46.43300 -67.63200 508 180 1650
CCS3 45.20900 -67.25600 96 140 929
CCS4 46.14700 -65.91200 65 90 1223
CCW3 45.05100 -64.65800 119 100 1068
CCW4 45.09700 -63.92200 95 20 762
CCZ2 54.17900 -58.46300 180 120 763
CCZ3 48.27200 -53.93000 199 80 1197
CD02 40.76000 -106.97100 8200 180 488
CD03 38.65100 -104.22800 5800 180 1525
CD05 40.19100 -102.69900 4075 180 793
CD09 39.82000 -104.41400 5345 80 885
CD10 37.67400 -106.56100 8100 60 915
CD14 39.83200 -104.43700 5320 170 793
CD17 39.90800 -104.13000 4885 80 671
CD69 37.74600 -106.52700 8300 160 1342
CD82 37.34300 -107.85200 6548 170 1072
CDA4 47.71700 -64.88800 68 130 907
CDA5 47.77800 -59.31500 65 180 919
CDJ4 46.71600 -66.83500 1330 140 1210
CDS2 50.63900 -105.04000 1850 110 690
CDT5 46.50700 -64.70300 57 90 1526
CDU6 46.55300 -66.10200 326 110 1215
CDU9 42.87000 -79.58900 600 50 1068
CDV2 47.74900 -67.43000 883 50 1220
CDY3 49.65700 -54.24400 80 110 912
CDY6 44.38300 -64.46000 175 150 549
CEC4 53.31400 -117.75900 4026 20 1351
CEF4 51.26900 -113.94200 3648 40 1522
CEG4 51.50100 -112.74900 2597 160 1050
CEH3 52.65600 -113.60600 2669 160 958
CEH4 50.82400 -113.83000 3355 100 919
CEH5 56.55000 -115.28000 1790 120 1088
CEL4 51.63500 -111.91000 2738 20 1067
CEQ5 53.91900 -118.88600 4117 80 1520
CER3 53.27100 -114.96300 2776 140 1544
CET9 61.51900 -120.62300 470 100 755
CEU9 60.44100 -121.24200 1635 130 762
CEX3 52.96900 -113.41900 2508 120 1179
CFC4 63.17800 -130.19700 3832 50 781
CFF7 52.83800 -110.90900 2170 30 1512
CFH4 45.87400 -63.46900 62 150 1486
CFL2 50.67900 -110.04600 2395 20 1068
CFN7 51.78200 -114.67900 3656 50 1305
CFP4 63.61100 -137.58000 1499 130 1537
CFP6 60.13100 -124.05400 1263 170 1364
CFP7 52.83600 -111.11200 2250 110 2026
CFP8 60.81600 -135.18800 2165 150 1127
CFQ5 61.02600 -138.41100 2545 30 1137
CFQ6 62.83800 -136.53800 1847 100 1053
CFQ7 53.28200 -113.46300 2391 110 906
CFS4 65.67800 -138.10700 1610 220 1128
CFS6 57.14900 -115.08200 1550 130 1795
CFS7 62.62000 -131.27900 2926 100 944
CFT8 56.16100 -113.48300 2059 70 1176
CFT9 59.06600 -118.89500 1242 120 1282
CFX2 50.73900 -113.93400 3601 160 922
CFY5 60.11200 -130.93000 3277 10 2106
CJA3 49.21200 -98.06700 950 100 1200
CJA7 49.62900 -102.49100 1985 120 877
CJB3 49.55300 -96.68200 850 140 889
CJB5 50.16700 -101.64700 1853 10 824
CJB8 50.83400 -108.07600 2175 80 912
CJC2 51.05400 -105.84300 1950 80 641
CJC3 51.25100 -105.98200 2025 130 976
CJC4 50.80400 -106.49800 2030 150 734
CJC5 49.66200 -108.41200 3028 20 1019
CJC6 52.73200 -107.38200 1935 70 1113
CJD2 52.48500 -105.71700 1878 90 854
CJD3 52.99300 -105.45400 1500 90 811
CJD4 52.88200 -108.29500 1800 50 732
CJD5 50.87900 -109.50900 2201 100 912
CJE2 54.62300 -107.39700 1565 110 915
CJE3 49.70100 -103.80800 1931 60 1216
CJE5 53.38100 -108.34200 2250 160 793
CJE6 53.53600 -109.44000 1927 80 793
CJF3 55.49300 -107.93400 1394 140 1190
CJF5 49.00700 -106.39300 2885 110 1220
CJF8 52.05200 -107.99400 2130 90 762
CJG2 51.22000 -109.39800 2365 80 763
CJG5 51.19800 -108.02400 2050 70 915
CJH3 53.09700 -109.33000 1975 120 833
CJH4 49.44600 -106.93800 1550 90 894
CJH7 50.83300 -107.37500 2100 80 747
CJH8 53.01600 -106.75500 1715 80 653
CJJ4 49.15100 -100.50700 1680 80 1212
CJJ5 50.62300 -108.47000 2175 160 732
CJJ8 52.34500 -109.92400 2280 110 902
CJK3 55.11200 -107.72400 1425 100 976
CJK4 50.64300 -102.10500 1700 80 921
CJK5 50.06200 -108.48700 2665 30 808
CJK9 51.95100 -102.63400 1750 70 753
CJL2 58.66100 -103.55400 1361 70 1831
CJL4 56.47700 -109.41100 1500 110 1159
CJL6 49.09900 -97.53400 806 80 988
CJL8 60.29900 -102.49400 1099 210 1951
CJL9 52.46300 -107.38300 1675 70 800
CJM2 51.14800 -103.43100 2200 110 778
CJM4 49.86900 -106.57100 2296 170 763
CJM5 49.17300 -108.58200 2960 70 1102
CJM6 53.10700 -103.65000 1183 170 732
CJN2 51.56300 -101.88000 1510 160 763
CJN4 49.73100 -105.95300 2370 80 900
CJN5 52.00100 -106.46800 1670 90 793
CJP2 51.92800 -109.13400 2208 110 778
CJP4 50.52800 -103.61000 1936 260 751
CJP6 59.60800 -109.27400 750 60 872
CJP9 59.59900 -109.14400 700 40 1013
CJQ2 49.37300 -102.76500 1950 110 915
CJQ3 49.64600 -102.29200 2074 100 959
CJQ4 49.89600 -109.48200 2517 50 938
CJQ6 81.40500 -76.89600 50 30 1123
CJQ9 57.62600 -99.87500 1076 180 1287
CJR2 52.07200 -109.38000 2300 100 938
CJR4 51.14700 -108.76800 2225 110 937
CJR7 51.62900 -102.45000 1603 170 1037
CJR9 52.41100 -104.49100 1780 80 930
CJS2 56.95600 -102.23700 1120 180 1411
CJS3 58.39800 -109.51500 1112 160 1610
CJS4 50.43800 -105.39000 1896 120 900
CJT4 53.95700 -102.30400 877 100 900
CJT9 53.62500 -107.61500 1960 120 1037
CJU4 52.17700 -105.13600 1865 100 772
CJU7 53.18800 -108.79300 1790 120 775
CJV2 52.83500 -109.64000 2222 160 793
CJV4 55.58400 -104.78400 1300 180 763
CJV5 50.23000 -99.51600 1277 40 1073
CJV9 50.94200 -102.74200 1800 20 793
CJW2 49.22500 -102.15200 1850 90 809
CJW3 54.02000 -109.14000 1790 100 732
CJW4 55.28300 -102.75200 1239 10 831
CJW5 50.77000 -101.29600 1825 140 1036
CJW7 58.05900 -104.48300 1562 170 1586
CJX4 51.56400 -107.92300 1920 70 763
CJX5 49.63700 -100.20300 1480 80 898
CJX7 73.00700 -85.03900 131 120 459
CJY2 75.39400 -96.94500 49 150 1339
CJY3 52.84000 -104.07000 1525 80 909
CJY4 55.54400 -102.27700 1000 50 878
CJZ3 52.86400 -104.70800 1495 80 910
CJZ4 53.22800 -106.36900 1640 80 741
CKA7 49.58300 -101.67900 1945 170 519
CKA9 56.33500 -103.29700 1120 30 648
CKB2 55.90300 -107.72300 1426 140 915
CKB7 51.23800 -101.39700 1821 130 1068
CKC6 51.84500 -105.00200 1750 80 1342
CKC7 49.16700 -105.92300 2700 80 732
CKC9 49.65000 -104.66500 2300 170 793
CKD2 52.61700 -103.25300 1635 80 778
CKD5 50.10000 -102.61300 2157 90 925
CKE2 52.06400 -104.26800 1750 80 766
CKE8 52.44800 -109.19100 2090 20 915
CKF2 49.45700 -104.27200 2067 170 755
CKF4 54.41200 -109.24400 1750 70 900
CKH2 50.47000 -101.56200 1585 120 1205
CKH3 53.53500 -106.88800 1700 130 915
CKH7 53.36700 -107.54800 1915 160 763
CKH8 50.67300 -104.79200 1900 150 1129
CKJ4 51.62600 -106.44700 1925 110 824
CKJ9 50.71000 -103.20100 2050 80 610
CKK2 52.64900 -104.88000 1780 160 1068
CKK3 49.00000 -105.40700 2501 80 1016
CKK4 49.04200 -102.98100 1900 30 741
CKK5 49.54700 -108.80100 3040 20 763
CKK7 49.49800 -96.69900 888 70 946
CKL4 58.13200 -103.77800 1444 180 1068
CKL5 50.45900 -100.61500 1836 100 993
CKL6 54.28900 -104.67400 2100 20 671
CKL9 50.76000 -104.98500 1850 140 782
CKM4 54.83500 -102.78700 1135 180 961
CKN5 49.87000 -103.45100 2000 110 884
CKN8 57.74200 -103.95000 1320 60 671
CKP2 50.06400 -105.40200 2200 170 915
CKQ2 53.67500 -103.35400 1040 20 915
CKQ5 50.99400 -107.13700 2084 80 919
CKQ6 50.50000 -99.90400 2114 90 928
CKQ8 57.77500 -105.02100 1718 180 1610
CKR5 50.71700 -104.97400 1791 80 811
CKR9 51.48700 -107.03700 1771 170 938
CKS3 52.48600 -105.76900 1875 40 763
CKS6 49.41200 -103.14900 1970 70 823
CKS7 51.93400 -103.83900 1740 100 763
CKS8 57.46900 -106.74500 1615 180 971
CKT7 52.65100 -105.76800 1660 110 823
CKU4 52.74000 -109.02400 2100 70 1220
CKU5 51.35000 -105.40500 1665 170 702
CKU6 50.41900 -102.94000 1964 80 671
CKU7 51.69100 -105.36800 1700 70 1037
CKV2 52.12900 -103.53000 1860 170 763
CKV6 51.02000 -101.81700 1745 170 747
CKV7 49.89700 -102.03100 2168 160 610
CKW6 56.87200 -103.59400 1200 40 540
CKW7 52.40400 -108.72400 2149 100 595
CKW9 59.49000 -97.78100 954 180 1119
CKX5 51.33000 -107.44200 1900 40 656
CKX8 53.84000 -107.01200 1592 150 1007
CKY2 50.33600 -102.28000 2000 100 762
CKY6 49.18400 -101.44800 1650 80 740
CKZ2 49.41100 -105.65300 2427 110 732
CL01 36.90200 -120.67000 153 120 702
CL04 38.41100 -121.23800 92 90 595
CL11 38.13400 -121.22300 64 70 512
CL13 34.51400 -117.76400 3230 30 446
CL18 34.55200 -115.36100 1400 40 1159
CL23 39.46300 -121.69700 109 150 793
CL24 36.84800 -119.51200 529 20 610
CL25 34.93700 -119.45500 3176 110 717
CL29 34.83800 -114.96100 2079 120 915
CL33 33.31300 -117.00200 756 110 824
CL35 33.28500 -116.68200 2885 80 1422
CL36 38.57300 -122.80300 160 170 747
CL46 34.76800 -118.73700 3370 80 939
CL56 36.50600 -121.13700 1200 180 915
CL74 34.83200 -118.40500 2600 70 793
CL77 37.07200 -122.13100 2020 120 732
CL84 37.38900 -120.93200 73 80 798
CL88 41.43000 -120.60000 4480 30 671
CL90 39.68700 -121.78500 200 180 488
CLM2 42.02000 -82.52600 576 10 1166
CLW2 49.98400 -104.12100 1904 270 1191
CMA2 46.29800 -78.75100 600 60 610
CMJN 51.81800 -125.68900 1725 130 915
CN23 34.96100 -116.68000 1825 70 805
CN37 35.38500 -118.23100 4071 40 915
CN64 33.74600 -115.32900 559 50 1280
CNA3 44.40800 -79.73100 963 70 648
CNA4 45.55300 -79.35100 1150 120 763
CNB9 44.48500 -79.56500 968 100 1499
CNC3 43.76400 -79.87800 935 80 1069
CNC4 43.56700 -80.20000 1104 50 763
CNC7 46.11300 -79.49400 690 170 419
CNK4 45.26200 -79.83200 832 170 1231
CNL3 44.63400 -75.75500 402 40 1371
CNP3 45.40900 -76.37300 358 40 1197
CNP7 44.85200 -75.31000 246 60 610
CNQ3 42.97500 -79.32800 586 50 1089
CNR4 45.23500 -81.63900 700 120 955
CNR9 45.92300 -79.92900 745 30 564
CNW2 45.16500 -79.53700 746 150 650
CNY3 44.45100 -80.16700 730 10 1532
CNZ3 42.30100 -82.08800 650 60 1530
CNZ8 43.15700 -79.60200 640 40 867
CO00 39.28600 -103.07300 4945 80 1192
CO02 39.62500 -104.52000 5975 180 1068
CO03 39.25700 -106.91500 8440 20 763
CO07 39.85500 -105.47500 8900 90 610
CO09 38.26800 -104.28700 4500 110 702
CO10 39.99100 -105.22500 5230 180 915
CO11 39.51500 -106.05100 9401 160 1861
CO12 39.98600 -104.71000 5055 120 1205
CO13 39.96100 -104.75200 5060 30 763
CO14 39.91900 -104.80500 5100 170 549
CO15 39.23000 -104.64000 7040 90 1160
CO17 39.71700 -104.19400 5215 80 763
CO18 39.47400 -104.26300 5930 100 1464
CO19 38.41100 -105.60900 6280 80 915
CO20 38.86600 -107.82100 6885 170 732
CO21 37.76500 -106.13100 7646 60 1556
CO27 37.46500 -108.66500 6640 180 671
CO42 39.33500 -104.55000 6650 80 702
CO43 39.00100 -108.71600 6920 50 1037
CO47 39.59700 -106.97700 6720 30 763
CO48 40.51600 -104.65200 4800 170 805
CO49 39.16700 -104.53500 6910 170 915
CO52 39.58600 -105.30500 7700 140 732
CO54 38.98800 -104.63700 7260 140 1220
CO55 40.60300 -105.14500 5160 160 1221
CO56 39.97000 -104.46300 5075 170 1305
CO58 40.10900 -104.95400 5000 180 793
CO60 40.11200 -104.43000 4800 180 763
CO61 37.84600 -105.22200 7710 80 1671
CO65 38.04500 -105.47900 8300 70 1281
CO68 38.05500 -107.98500 9580 120 458
CO70 40.46400 -104.64500 4715 170 763
CO73 38.10500 -102.21600 3610 180 1068
CO76 38.84000 -107.86500 6150 180 915
CO77 39.97300 -104.59500 5128 180 1220
CO80 38.06900 -104.04900 4428 40 997
CO81 39.62600 -102.74400 4345 170 1098
CO82 40.09900 -104.58900 5000 170 793
CO84 39.61400 -102.54100 4159 170 1296
CO86 40.04900 -105.94100 8110 90 549
CO89 38.77600 -108.04400 5050 170 793
CO90 38.76200 -104.30800 6036 170 1050
CO92 39.63800 -103.64200 5000 140 1052
CO93 39.25800 -104.89200 6700 160 1739
CO94 39.71000 -103.35300 5050 150 793
CO96 38.89100 -105.38500 8650 160 686
CO97 39.71700 -104.32600 5435 20 865
CO98 39.55000 -105.03700 5450 90 549
CPB5 50.46200 -104.43300 2000 120 512
CPE6 45.81900 -79.34800 1160 120 976
CPR7 43.87100 -81.30500 1075 130 1196
CPS2 44.24800 -78.12100 650 60 854
CPU6 44.18100 -77.11800 260 60 1293
CPV9 50.04000 -107.25500 2440 150 485
CPX4 46.19300 -80.31300 675 40 732
CRF5 52.28000 -106.69100 1650 80 915
CS21 56.94100 -106.12800 0 130 956
CS22 56.19200 -106.59000 0 130 1036
CS23 57.57500 -108.72800 0 140 872
CS24 57.36400 -107.15000 0 110 1173
CS25 55.20300 -108.34700 0 10 1607
CS26 55.30400 -106.09900 0 170 948
CS27 59.41100 -108.86800 0 110 1118
CS31 52.00500 -106.43800 1670 150 809
CS32 51.19300 -106.96800 2050 130 1201
CS41 49.68300 -102.99800 0 130 721
CSC3 45.84100 -72.40000 365 60 1190
CSD4 46.56700 -75.56900 815 80 1216
CSE5 46.99900 -70.52100 37 80 910
CSG3 46.04800 -73.50600 225 150 981
CSG5 46.68100 -71.15200 325 20 945
CSH4 49.03400 -77.02200 960 150 1130
CSJ4 46.24900 -72.92200 40 90 889
CSK3 45.71900 -73.60400 75 110 932
CSL3 46.61900 -72.63300 434 30 891
CSL7 50.36700 -103.74600 2160 170 902
CSM3 46.04700 -71.26300 1408 60 1366
CSQ3 45.47700 -72.31400 740 50 1145
CSR3 46.10900 -71.93400 486 60 1217
CSS3 45.34500 -74.08100 160 70 913
CSU3 45.60000 -73.01500 115 20 1146
CSY3 45.97500 -73.04400 76 30 1236
CT01 41.66400 -73.18900 1020 10 427
CT07 41.57300 -72.30600 510 90 458
CT08 41.51000 -72.24600 485 160 580
CT09 41.80400 -72.39300 793 160 415
CT10 41.74600 -72.29600 550 50 610
CT11 41.44200 -72.33800 125 180 381
CT13 41.88100 -71.81600 720 20 519
CT14 41.86800 -72.61900 52 130 549
CT15 41.94800 -72.47800 390 180 549
CT19 41.96600 -72.54100 129 30 549
CT20 41.59900 -72.43000 350 140 488
CT24 42.04100 -73.34000 658 30 946
CT29 42.01700 -72.47400 221 180 763
CT31 41.96600 -72.33700 515 120 793
CT32 41.53300 -71.83400 440 180 610
CT36 41.56200 -72.19800 465 20 656
CT39 41.47000 -72.71000 280 150 427
CT42 41.85200 -73.26700 1585 180 488
CT43 41.59600 -71.93300 200 160 526
CT44 41.78800 -73.31000 1330 170 610
CT48 41.43900 -71.92600 316 180 549
CT51 41.53100 -73.41500 300 180 610
CT52 41.36500 -73.29000 610 180 610
CT59 41.54700 -73.26500 949 180 824
CT60 41.51000 -73.30900 650 180 427
CT61 41.58200 -71.91900 207 110 769
CT66 41.66800 -73.28500 940 130 427
CT74 41.94900 -72.18100 900 180 397
CT80 41.34500 -71.88700 7 40 519
CT85 41.88900 -72.61800 37 80 610
CT96 41.71000 -72.97300 950 160 549
CTA4 47.44900 -79.42700 820 100 1365
CTC1 45.97100 -79.40500 1023 70 972
CTG3 48.38100 -64.57200 87 90 1216
CTP9 61.66100 -73.34200 1856 260 2183
CTT5 50.26000 -60.68200 90 120 1197
CWC1 50.42800 -104.30700 2020 80 646
CYAG 48.65800 -93.44800 1125 30 1366
CYAL 50.57500 -126.90400 1 90 831
CYAM 46.47800 -84.51300 630 40 1830
CYAU 44.22700 -64.86200 321 70 1201
CYAV 50.06100 -97.03600 760 40 914
CYAW 44.64900 -63.50600 167 100 2740
CYAX 50.29900 -96.00900 850 180 1115
CYAY 51.39100 -56.09200 108 100 1217
CYAZ 49.07600 -125.78200 80 70 1548
CYBA 51.21100 -115.53900 4583 180 867
CYBB 68.53000 -89.82200 56 50 1518
CYBC 49.13100 -68.22000 71 100 1823
CYBD 52.38600 -126.60400 117 50 1278
CYBE 59.56000 -108.49200 1044 60 1194
CYBF 54.30400 -110.75400 1836 70 1352
CYBG 48.33300 -71.01600 522 110 3019
CYBK 64.30400 -96.08200 59 160 1299
CYBL 49.95600 -125.27800 346 110 1531
CYBP 50.63600 -111.92600 2490 20 854
CYBQ 58.70500 -98.52300 902 70 1210
CYBR 49.90700 -99.96600 1343 20 1975
CYBT 57.89400 -101.67200 1122 220 1245
CYBU 53.32900 -104.01300 1220 30 894
CYBW 51.11300 -114.38000 3937 70 1033
CYBX 51.43700 -57.19100 121 50 1369
CYCA 53.68000 -57.04900 40 80 1201
CYCB 69.11200 -105.15400 90 130 1525
CYCC 45.09200 -74.57000 175 100 1054
CYCD 49.05900 -123.87000 93 160 1529
CYCE 43.28300 -81.51800 824 100 1529
CYCG 49.30300 -117.63500 1624 150 1615
CYCH 47.00800 -65.46900 108 40 2274
CYCL 47.99200 -66.34300 132 120 1837
CYCN 49.10900 -81.02200 861 130 1391
CYCO 67.82100 -115.16100 74 120 1675
CYCP 52.11100 -119.29100 2240 10 1523
CYCQ 55.68500 -121.63700 2000 50 1363
CYCS 63.35000 -90.74100 16 120 1216
CYCT 52.07800 -111.45100 2595 110 911
CYCW 49.15200 -121.94700 32 70 1226
CYCY 70.48100 -68.52100 87 20 1104
CYCZ 50.34000 -115.87600 2661 150 1819
CYDA 64.03900 -139.13900 1215 20 1506
CYDB 61.37500 -139.05200 2647 100 1519
CYDC 49.46400 -120.51800 2298 30 1197
CYDF 49.20500 -57.40000 72 70 1825
CYDL 58.41700 -130.04400 2600 20 1836
CYDM 61.97200 -132.43700 2314 80 1678
CYDN 51.10700 -100.05800 999 20 1502
CYDO 48.77900 -72.38500 372 110 1511
CYDQ 55.74100 -120.19400 2148 60 1518
CYEA 50.93100 -110.00900 2200 110 900
CYEE 44.68800 -79.93300 770 160 1226
CYEG 53.30800 -113.59500 2373 20 3355
CYEK 61.09900 -94.07700 32 150 1216
CYEL 46.35400 -82.57000 1087 120 1383
CYEM 45.83800 -81.85900 869 20 1072
CYEN 49.20800 -102.97600 1905 80 1520
CYER 56.02300 -87.68200 42 140 1182
CYES 47.49500 -68.48800 490 160 1368
CYET 53.57900 -116.47900 3041 70 1823
CYEU 79.99600 -85.85000 256 100 1457
CYEV 68.30300 -133.50500 224 60 1823
CYEY 48.56800 -78.25800 1068 140 1504
CYFB 63.76500 -68.57500 110 170 2622
CYFC 45.86300 -66.55100 68 90 2402
CYFD 43.12400 -80.34700 815 50 1536
CYFE 48.74400 -69.10700 293 90 1520
CYFJ 46.40200 -74.78200 827 30 1703
CYFO 54.68500 -101.68000 997 180 1523
CYFR 61.18500 -113.69700 526 120 1215
CYFS 61.76800 -121.24400 555 130 1824
CYGB 49.69900 -124.52100 305 140 810
CYGD 43.77100 -81.71600 712 50 1523
CYGE 51.30400 -116.98500 2575 140 1371
CYGH 66.24100 -128.66100 268 60 921
CYGK 44.21800 -76.60100 305 10 1518
CYGL 53.62900 -77.71800 639 130 1971
CYGM 50.63600 -97.04900 753 150 2098
CYGP 48.77500 -64.48800 108 110 1368
CYGQ 49.77600 -86.94900 1144 80 1528
CYGR 47.42100 -61.78800 35 70 1367
CYGS 55.76800 -124.69400 2800 80 702
CYGT 69.37000 -81.82700 98 150 1372
CYGV 50.27900 -63.62000 124 90 1371
CYGX 56.35300 -94.72000 476 50 1525
CYGZ 76.42900 -82.91600 656 140 686
CYHB 52.81500 -102.32200 1175 50 1513
CYHD 49.83500 -92.75600 1354 50 1849
CYHE 49.36700 -121.49200 128 70 1208
CYHF 49.70900 -83.69100 827 40 1361
CYHI 70.76000 -117.82200 117 60 1305
CYHK 68.63900 -95.86400 154 130 1361
CYHM 43.18100 -79.95300 780 60 3028
CYHN 49.19100 -84.76500 1099 70 1082
CYHR 50.46500 -59.64500 39 80 1369
CYHT 60.78500 -137.55400 2150 40 1525
CYHU 45.51000 -73.42900 90 60 2398
CYHY 60.84700 -115.79600 543 40 1845
CYHZ 44.86900 -63.52500 477 50 2623
CYIB 48.77000 -91.64300 1408 40 1065
CYID 44.54200 -65.79100 499 60 1205
CYIF 51.20500 -58.65700 20 20 1398
CYIK 62.41400 -77.93300 126 80 1070
CYIO 72.67800 -77.97400 181 20 1215
CYIV 53.86000 -94.66100 776 120 1220
CYJA 52.99200 -118.05500 3350 130 1217
CYJF 60.23200 -123.47300 706 20 915
CYJM 54.40000 -124.27100 2364 100 1214
CYJN 45.29200 -73.28900 136 20 1216
CYJP 61.32200 -117.60800 530 120 915
CYJQ 52.13900 -128.06400 162 100 901
CYJT 48.54000 -58.56900 80 20 3038
CYKA 50.70400 -120.45700 1133 40 1828
CYKC 58.23000 -103.68500 1341 20 1580
CYKD 68.22700 -135.01100 23 130 903
CYKF 43.45700 -80.39100 1054 80 2129
CYKJ 57.24900 -105.62700 1670 30 1610
CYKL 54.81100 -66.81100 1709 180 1521
CYKO 60.81600 -78.15700 75 80 1083
CYKX 48.20800 -79.99000 1157 80 1369
CYKY 51.51800 -109.18800 2277 70 1066
CYKZ 43.86400 -79.37300 650 30 1245
CYLB 54.77500 -112.04200 1884 110 1752
CYLD 47.82200 -83.35700 1470 50 1515
CYLJ 54.12500 -108.53400 1576 90 1525
CYLL 53.30900 -110.08500 2193 80 1661
CYLQ 47.40300 -72.78700 548 10 1525
CYLR 56.51800 -99.98500 959 180 928
CYLT 82.51300 -62.32300 100 50 1665
CYLW 49.96600 -119.37900 1409 160 2224
CYMA 63.61600 -135.88300 1653 60 1474
CYMD 76.23700 -119.34800 40 90 1525
CYME 48.85400 -67.46200 102 90 1672
CYMG 49.08000 -85.86600 1198 50 1084
CYMH 52.30200 -55.85100 38 110 777
CYMJ 50.33800 -105.57500 1892 30 2540
CYML 47.60100 -70.23100 977 150 1348
CYMM 56.65300 -111.23700 1211 70 1834
CYMO 51.28800 -80.60900 30 60 1220
CYMT 49.76400 -74.53400 1270 50 1978
CYMW 46.26800 -75.99300 656 30 1500
CYMX 45.67100 -74.02200 270 60 3644
CYMY 50.71900 -93.39200 1269 100 1212
CYNA 50.19300 -61.79700 39 140 1367
CYND 45.52000 -75.57500 211 90 1823
CYNE 53.95600 -97.85100 731 50 1202
CYNH 56.03400 -121.98800 2220 50 1578
CYNJ 49.09800 -122.62800 34 10 703
CYNL 58.28300 -104.08600 1605 150 1772
CYNM 49.76600 -77.81000 918 150 1522
CYOC 67.56600 -139.85500 824 30 1514
CYOD 54.41900 -110.30500 1775 40 3831
CYOJ 58.62700 -117.17100 1110 130 1518
CYOO 43.92400 -78.90400 459 40 1225
CYOP 58.49400 -119.41900 1759 90 1379
CYOS 44.59600 -80.83900 1007 180 1160
CYOW 45.32700 -75.68600 374 40 3040
CYPA 53.21800 -105.68500 1405 80 1556
CYPC 69.35600 -124.06400 18 20 1215
CYPD 45.65700 -61.37800 377 110 1520
CYPE 56.22300 -117.45800 1873 40 1546
CYPG 49.90700 -98.28400 885 10 2175
CYPH 58.47500 -78.07000 78 230 1193
CYPK 49.21500 -122.72200 11 80 1399
CYPL 51.44700 -90.22500 1267 90 1495
CYPN 49.83600 -64.29900 167 110 1474
CYPQ 44.22800 -78.37500 628 90 1521
CYPR 54.29300 -130.45200 116 130 1841
CYPS 50.30200 -122.74600 670 60 1190
CYPT 41.78100 -82.68400 572 90 1014
CYPU 52.11000 -124.15700 2985 50 1827
CYPW 49.83500 -124.50600 425 90 1090
CYPX 60.04400 -77.28300 74 10 1515
CYPY 58.76300 -111.12700 761 30 1524
CYPZ 54.38200 -125.96000 2343 110 1539
CYQA 44.98500 -79.30900 925 90 1830
CYQB 46.78200 -71.40600 244 60 2749
CYQD 53.97700 -101.10100 887 130 1794
CYQF 52.19400 -113.89300 2968 110 1699
CYQG 42.27300 -82.97100 622 70 2738
CYQH 60.12000 -128.83500 2255 80 1664
CYQI 43.81800 -66.09800 141 60 1830
CYQK 49.78700 -94.37500 1332 80 1747
CYQL 49.62400 -112.81500 3047 50 1954
CYQM 46.10700 -64.69500 232 60 2440
CYQN 50.18200 -86.70400 1057 60 1053
CYQQ 49.72100 -124.90200 83 120 3047
CYQR 50.43900 -104.67100 1894 80 2401
CYQS 42.77200 -81.11900 778 30 1536
CYQT 48.37000 -89.33400 653 70 1891
CYQU 55.18600 -118.89800 2195 70 1977
CYQV 51.26100 -102.47000 1635 30 1453
CYQW 52.77400 -108.25100 1799 60 1545
CYQX 48.92100 -54.56800 496 30 3117
CYQY 46.15400 -60.06100 203 10 2156
CYQZ 53.03300 -122.51700 1789 130 1674
CYRA 64.11900 -117.31700 757 140 983
CYRB 74.72600 -94.97700 215 170 1975
CYRC 48.51900 -71.06200 543 60 1847
CYRI 47.75800 -69.59200 427 50 1849
CYRJ 48.52600 -72.27200 586 160 1553
CYRL 51.06600 -93.80400 1265 80 1534
CYRM 52.43600 -114.91100 3244 130 1674
CYRO 45.45900 -75.65200 188 90 964
CYRP 45.31900 -76.03000 382 100 1179
CYRQ 46.34600 -72.68600 199 50 1829
CYRT 62.81700 -92.13000 94 130 1823
CYRV 50.97200 -118.19000 1459 120 1461
CYSA 43.41100 -80.94000 1215 50 1521
CYSB 46.61700 -80.80500 1141 40 2003
CYSC 45.44200 -71.70200 792 130 1825
CYSE 49.77900 -123.15900 171 140 732
CYSF 59.25200 -105.82800 805 60 1540
CYSG 46.09200 -70.72200 893 60 1555
CYSH 44.94200 -75.94600 416 60 1213
CYSJ 45.30300 -65.89500 357 50 2135
CYSL 47.16200 -67.84000 793 180 1218
CYSM 60.02800 -111.97200 671 20 1826
CYSN 43.18800 -79.17900 321 10 1522
CYSP 48.76000 -86.34800 1035 160 1176
CYSQ 59.58800 -133.66200 2348 180 1205
CYSR 72.98400 -84.64300 2106 110 1942
CYST 53.84200 -94.85700 773 40 1037
CYSU 46.43100 -63.84300 56 60 2437
CYSW 49.83900 -114.88300 3800 170 1219
CYSY 71.99300 -125.26000 282 80 1209
CYSZ 49.12300 -66.53600 0 140 1219
CYTA 45.87100 -77.25600 529 170 1543
CYTB 61.68500 -110.61600 1540 20 1991
CYTE 64.23400 -76.53500 164 130 1211
CYTF 48.51100 -71.65000 445 130 1298
CYTH 55.79600 -97.87500 729 50 1763
CYTN 45.60700 -62.62800 319 70 1522
CYTR 44.10900 -77.54200 283 60 3051
CYTS 48.56300 -81.37900 967 30 1820
CYTZ 43.62700 -79.40300 251 60 1222
CYUB 69.43700 -133.04200 15 90 1527
CYUL 45.46100 -73.76600 117 60 3358
CYUT 66.52600 -86.22900 80 160 1033
CYUX 68.78000 -81.26000 27 120 1642
CYUY 48.20100 -78.84900 988 80 2276
CYVB 48.07500 -65.47100 123 130 1819
CYVC 55.15800 -105.26000 1242 100 1523
CYVG 53.35800 -110.83000 2025 100 966
CYVK 50.24700 -119.33700 1140 50 1021
CYVM 67.54200 -64.03800 21 30 1140
CYVO 48.06700 -77.78700 1107 180 3048
CYVP 58.08400 -68.43800 129 70 1829
CYVQ 65.28600 -126.81500 238 90 1821
CYVR 49.19000 -123.20800 14 80 3501
CYVT 55.84600 -108.42400 1444 60 1525
CYVV 44.73900 -81.11700 729 50 1532
CYWA 45.95600 -77.32300 427 170 1169
CYWG 49.92500 -97.23400 783 130 3348
CYWJ 65.21200 -123.45100 695 100 1333
CYWK 52.91500 -66.86000 1808 180 1827
CYWL 52.18900 -122.06400 3085 110 2106
CYWM 54.74900 -113.20400 1971 160 1205
CYWO 65.74700 -111.25500 1608 10 1952
CYWV 52.79900 -110.86200 2230 120 905
CYWY 63.21300 -123.44500 489 100 1063
CYXC 49.62300 -115.78200 3084 160 2438
CYXD 53.57800 -113.52800 2200 120 1820
CYXE 52.17900 -106.71800 1653 90 2520
CYXH 50.01400 -110.72800 2352 30 1521
CYXJ 56.24500 -120.75300 2280 20 2068
CYXK 48.47400 -68.50400 82 70 1396
CYXL 50.12100 -91.91100 1258 30 1614
CYXN 62.24500 -92.60400 26 150 1323
CYXP 66.14300 -65.72200 73 60 889
CYXQ 62.41100 -140.87100 2129 130 1141
CYXR 47.69400 -79.85800 798 80 1824
CYXS 53.90000 -122.67100 2267 10 2254
CYXT 54.47900 -128.59000 712 30 2282
CYXU 43.04200 -81.16000 912 90 2680
CYXX 49.01900 -122.38000 189 10 2918
CYXY 60.72200 -135.07700 2317 10 2885
CYXZ 47.96100 -84.79000 942 30 1347
CYYB 46.35700 -79.44200 1215 80 3051
CYYC 51.13200 -114.02200 3557 70 3871
CYYD 54.83200 -127.18400 1712 150 1521
CYYE 58.83100 -122.61600 1253 30 1940
CYYF 49.46900 -119.60100 1129 160 1824
CYYG 46.28000 -63.12800 160 30 2135
CYYH 69.55100 -93.58400 92 150 1221
CYYJ 48.65100 -123.44000 63 20 2128
CYYL 56.87100 -101.07000 1170 80 1514
CYYM 49.63900 -114.09700 3876 30 1321
CYYN 50.29700 -107.69500 2680 40 1297
CYYO 51.81000 -104.17600 1740 90 916
CYYQ 58.74600 -94.07800 94 70 2797
CYYR 53.30400 -60.44800 160 80 3369
CYYT 47.62600 -52.75300 461 20 2593
CYYU 49.42100 -82.47200 743 100 1689
CYYW 50.29900 -88.92500 1058 120 1216
CYYY 48.60400 -68.21600 172 60 1824
CYYZ 43.66100 -79.62400 568 50 3379
CYZD 43.75000 -79.47400 652 90 2120
CYZE 45.88600 -82.57700 635 110 1474
CYZF 62.47300 -114.44400 675 90 2268
CYZG 62.18500 -75.66600 705 10 1200
CYZH 55.29600 -114.79000 1912 100 1687
CYZP 53.26000 -131.82100 20 120 1562
CYZR 43.00400 -82.31500 594 50 1560
CYZS 64.20000 -83.36600 210 160 1520
CYZT 50.68600 -127.37300 71 70 1520
CYZU 54.14800 -115.79800 2567 110 1763
CYZV 50.21700 -66.27900 180 50 2026
CYZW 60.17500 -132.75600 2313 80 1519
CYZX 44.98400 -64.93200 85 80 2457
CYZY 55.31100 -123.13100 2264 160 1522
CZAA 55.47800 -129.48500 0 160 733
CZAC 56.09100 -96.09800 623 100 1198
CZAM 50.68800 -119.23200 1751 140 1297
CZBA 43.44500 -79.85500 602 90 1126
CZBB 49.07800 -123.01900 5 70 1143
CZBD 56.05200 -95.63200 646 270 1538
CZBF 47.62900 -65.74800 193 100 1368
CZBM 45.28500 -72.74800 375 50 1524
CZEE 56.04000 -96.51500 620 120 842
CZFA 62.21000 -133.38700 2351 90 1227
CZFD 59.33600 -107.19300 814 100 1159
CZFM 67.41100 -134.86800 116 110 1043
CZFN 64.90900 -125.58200 332 50 915
CZGF 49.01500 -118.43900 1720 70 1296
CZHP 55.39300 -116.48500 1974 70 1195
CZJN 52.11600 -101.24000 1100 20 1197
CZML 51.74300 -121.33700 3127 140 1486
CZMT 54.03000 -132.12400 25 130 1529
CZNL 49.49200 -117.30600 1755 40 945
CZPC 49.52100 -114.01100 3903 70 2005
CZPO 55.53200 -106.58300 1270 160 915
CZSN 56.79800 -98.90600 918 10 1350
CZST 55.94100 -129.98200 24 180 1180
CZTM 55.86900 -92.08000 272 10 1423
CZUC 49.42500 -91.72600 1435 50 1123
CZUM 53.56500 -64.11800 1442 130 1671
CZVL 53.66600 -113.84800 2255 80 1103
CZWH 58.61900 -101.46300 1210 210 1262
CZWL 58.11200 -103.17300 1360 160 1159
DA10 26.57500 8.47200 1778 50 2371
DA11 30.87800 -3.08300 2454 90 3000
DA12 32.90200 0.51500 2965 120 2012
DA13 28.87200 -5.84000 1804 50 3883
DA15 34.90300 0.15100 2444 180 1298
DA16 27.58500 -7.52000 1425 90 3864
DAAB 36.50100 2.80300 535 70 1820
DAAD 35.32500 4.19800 1506 40 2211
DAAE 36.71000 5.05700 20 80 2386
DAAG 36.69400 3.22000 82 50 3492
DAAJ 24.29300 9.45200 3176 20 3103
DAAK 36.53400 2.86300 335 50 3640
DAAN 26.70600 0.27400 955 80 2501
DAAP 26.72400 8.60700 1778 90 3017
DAAQ 35.52700 2.86100 2132 90 3251
DAAS 36.17800 5.31400 3360 90 1926
DAAT 22.79600 5.44400 4518 20 3621
DAAV 36.80600 5.87200 36 170 2409
DAAY 33.52400 -0.26000 3855 60 3591
DAAZ 35.75000 0.62000 282 70 1297
DABB 36.81800 7.80900 16 10 2999
DABC 36.28800 6.61100 2265 140 3008
DABS 35.43800 8.10700 2661 110 3001
DABT 35.74400 6.29500 2697 50 2997
DAFH 32.92800 3.29600 2540 80 2992
DAOB 35.33900 1.44700 3245 80 2989
DAOE 35.73100 -0.81900 187 70 2991
DAOF 27.69800 -8.18200 1453 80 2995
DAOI 36.21000 1.32300 463 70 1644
DAOL 35.53900 -0.54700 367 80 2744
DAON 35.00900 -1.47100 814 70 2597
DAOO 35.61900 -0.63700 295 70 3049
DAOR 31.63800 -2.29600 2661 60 3729
DAOS 35.17300 -0.60100 1614 100 1481
DAOV 35.20600 0.13800 1686 80 1695
DAUA 27.82700 -0.19600 919 40 3004
DAUB 34.80200 5.72600 289 130 2885
DAUE 30.59900 2.86100 1306 100 2996
DAUG 32.38400 3.79400 1512 120 3092
DAUH 31.68600 6.14200 463 180 3033
DAUI 27.24300 2.50000 896 50 2994
DAUK 33.06000 6.08700 279 10 2998
DAUL 33.78100 2.92100 2510 160 3813
DAUO 33.52800 6.76200 203 20 3007
DAUT 29.22900 0.26300 1027 60 3011
DAUU 31.93000 5.41600 492 20 3110
DAUZ 28.04500 9.63500 1847 50 3003
DBBB 6.35100 2.37600 19 60 2403
DBBP 9.35100 2.60500 1266 40 1634
DE07 39.14300 -75.68800 70 140 702
DE09 39.07000 -75.49100 43 150 684
DE10 38.96500 -75.46900 40 60 534
DE11 38.90400 -75.40200 33 30 503
DE12 38.80500 -75.41600 50 90 610
DE14 38.74600 -75.53800 45 140 793
DE17 38.77500 -75.58500 45 30 702
DE19 39.32900 -75.74300 69 170 793
DE21 38.51700 -75.17100 21 100 915
DE23 38.75000 -75.36400 47 100 763
DE25 38.77900 -75.23800 28 140 1068
DE49 38.64300 -75.36000 42 150 1481
DFCC 13.56200 -2.43100 1105 90 1700
DFFD 12.34200 -1.52000 1037 40 3037
DFOO 11.15100 -4.34300 1511 60 3278
DGAA 5.58800 -0.17300 204 30 3405
DGLE 9.56600 -0.85400 553 230 2816
DGLN 10.94800 -1.09200 680 120 1546
DGLW 10.09100 -2.50500 1060 210 2016
DGLY 9.42900 -0.00100 736 220 1340
DGSI 6.70400 -1.59300 942 20 2461
DGSN 7.35900 -2.33400 1014 70 1277
DGTK 4.88900 -1.77900 20 220 1758
DIAP 5.24900 -3.93100 21 30 3013
DIBK 7.72500 -5.08000 1230 30 3313
DIDL 6.78500 -6.47700 823 40 2011
DIKO 9.38600 -5.56600 1214 90 2098
DIMN 7.26400 -7.59100 1089 40 2054
DISP 4.73900 -6.66400 26 30 1907
DIYO 6.89300 -5.37500 699 50 3031
DN50 9.88200 6.81400 1305 60 1276
DN51 7.45300 6.45500 620 60 1520
DN53 10.59100 7.44000 2126 50 2630
DN54 10.91500 11.49600 1000 50 1548
DN55 4.63600 7.94800 42 10 1309
DN56 5.62900 5.18700 6 130 1551
DN57 12.99600 7.64900 1660 40 3040
DNAA 8.99300 7.25400 1123 40 3621
DNAK 7.23500 5.29600 1100 30 2815
DNBE 6.30900 5.59100 258 50 2404
DNCA 4.96600 8.34200 210 30 2461
DNEN 6.47200 7.55100 466 80 2399
DNGU 12.16700 6.69100 1520 50 1466
DNIB 7.35400 3.97100 725 50 2407
DNIL 8.43100 4.48300 1126 50 3105
DNIM 5.43900 7.20300 373 170 2718
DNJO 9.64100 8.85500 4232 100 2997
DNKA 10.68700 7.31000 2073 50 3005
DNKN 12.04200 8.50700 1562 50 3302
DNMA 11.84600 13.07100 1099 50 3006
DNMK 7.69600 8.60300 371 50 2989
DNMM 6.58800 3.31400 135 180 3921
DNMN 9.64200 6.45100 834 50 3406
DNPO 5.00400 6.94300 87 30 3013
DNSO 12.91300 5.19300 1010 80 2997
DNYO 9.27100 12.42800 599 130 3015
DNZA 11.12500 7.68000 2170 60 1667
DRRM 13.50200 7.11800 1240 90 1852
DRRN 13.48100 2.17000 732 90 3003
DRRT 14.87100 5.25700 1266 60 2139
DRZA 16.96100 7.98700 1657 70 3004
DRZD 18.96300 12.86400 1273 40 1612
DRZF 13.37300 12.61800 994 90 1798
DRZR 13.77400 8.97700 1516 50 1832
DT70 33.34900 10.43800 427 80 1203
DTKA 36.98100 8.85900 230 90 2858
DTMB 35.75400 10.73800 9 70 2933
DTNH 36.07600 10.42000 21 90 3292
DTTA 36.83900 10.22400 22 10 3200
DTTB 37.24000 9.77000 20 80 2994
DTTD 32.29600 10.37700 1004 20 2385
DTTF 34.41300 8.81100 1060 50 2913
DTTG 33.87400 10.09800 26 60 1126
DTTI 36.72400 9.93800 108 130 1050
DTTJ 33.87500 10.76000 18 90 3105
DTTR 31.70900 9.24100 827 110 2698
DTTX 34.72900 10.68200 85 150 3009
DTTZ 33.94000 8.08400 287 90 3215
DXNG 9.75600 1.08600 1515 30 2705
DXXX 6.15500 1.24600 72 40 3010
EBAM 50.74000 3.48200 49 270 568
EBAV 50.70600 5.06800 393 50 235
EBAW 51.19200 4.45300 39 110 1502
EBBE 50.74900 4.75600 341 40 2790
EBBL 51.16000 5.45300 200 50 3085
EBBR 50.89900 4.45600 184 20 3689
EBBT 51.34500 4.50200 76 170 900
EBBX 49.88200 5.21500 1514 60 2398
EBBY 50.56700 4.43500 541 40 307
EBBZ 50.54400 4.38100 475 160 206
EBCF 50.15500 4.38200 954 120 801
EBCI 50.45500 4.43700 614 70 2552
EBCV 50.57400 3.81800 201 80 1916
EBFN 51.09400 2.63500 20 110 2668
EBFS 50.24100 4.62500 900 80 3417
EBGB 50.94600 4.39100 68 10 633
EBGG 50.75300 3.86300 66 30 600
EBHN 51.30800 4.38500 32 150 612
EBKH 51.17900 5.21300 131 70 998
EBKT 50.81500 3.19700 64 60 1895
EBLE 51.11700 5.29700 207 80 601
EBLG 50.62700 5.42800 645 50 3289
EBLN 50.57900 4.79000 560 250 263
EBMO 50.85100 3.14400 66 40 650
EBNM 50.48800 4.76600 594 60 811
EBOS 51.19700 2.85300 13 80 3204
EBOT 51.31500 5.01300 75 50 610
EBSF 50.99800 5.05600 100 60 700
EBSG 50.45800 3.81600 75 90 698
EBSH 50.04000 5.40200 1847 50 1000
EBSL 50.94100 5.57200 312 60 2973
EBSP 50.48000 5.90600 1542 50 800
EBST 50.78100 5.17500 240 60 2996
EBSU 50.03000 5.42500 1930 70 2592
EBTN 50.76800 4.95700 247 60 781
EBTX 50.55100 5.85100 1099 60 639
EBTY 50.53200 3.49200 161 110 639
EBUL 51.14000 3.45800 95 70 2422
EBWE 51.39000 4.94000 105 70 2968
EBZH 50.97000 5.37000 141 90 680
EBZR 51.25600 4.73800 173 50 2985
EBZW 51.01100 5.51900 289 40 994
ED01 47.55500 10.27300 2393 180 390
ED02 47.58200 10.68400 2631 80 1001
ED03 50.53200 8.72800 775 80 961
ED04 50.52500 8.39100 805 70 400
ED05 47.72900 12.43600 1820 60 598
ED06 50.43600 8.61600 1104 100 505
ED07 50.24300 8.39700 1325 160 600
ED08 47.85300 10.60900 2353 20 2270
ED09 50.30000 8.38000 1720 60 951
ED11 51.59200 7.70300 203 110 933
EDAB 51.19100 14.50500 549 70 2201
EDAC 50.97400 12.49600 640 40 2182
EDAD 51.83200 12.17700 187 90 1000
EDAE 52.19900 14.57800 149 110 1167
EDAH 53.88200 14.13500 93 100 2298
EDAI 52.82300 12.54700 142 110 925
EDAJ 50.87900 12.13300 1015 60 750
EDAK 51.31300 13.54000 417 120 2345
EDAL 52.39300 14.09100 184 110 800
EDAM 51.36200 11.93300 340 80 1136
EDAN 53.36200 11.60400 115 90 1201
EDAP 51.68500 14.41600 279 90 800
EDAQ 51.55400 12.04700 347 110 1114
EDAR 50.98200 13.90300 400 120 868
EDAS 51.63500 13.66800 384 90 850
EDAU 51.29800 13.34200 321 90 1001
EDAV 52.82900 13.67500 121 100 2512
EDAW 51.57800 12.48600 289 100 1188
EDAX 53.30400 12.73600 220 80 2379
EDAY 52.57600 13.90900 263 50 1214
EDAZ 52.20200 13.15000 131 70 1511
EDBC 51.85300 11.40000 596 80 2492
EDBD 53.35700 13.77700 164 100 900
EDBF 52.79300 12.76100 138 110 820
EDBH 54.33800 12.70100 23 90 1196
EDBJ 50.91000 11.71200 1228 20 1206
EDBK 52.92200 12.42100 130 140 998
EDBL 51.24600 11.68800 737 90 733
EDBM 52.07400 11.61900 267 90 995
EDBO 51.89900 13.05200 287 80 847
EDBP 53.61200 11.56200 144 110 801
EDBQ 51.66700 13.95200 423 80 880
EDBR 51.37400 14.95000 517 180 2499
EDBS 51.19800 11.18600 451 250 924
EDBT 51.37700 11.42900 932 70 1197
EDBU 53.17500 12.18100 289 80 600
EDBV 54.33300 13.03800 49 50 901
EDBW 52.63100 13.76500 263 80 1494
EDBY 53.97600 13.34000 105 150 901
EDBZ 51.49200 13.87500 331 90 700
EDCA 53.83300 13.66200 18 90 999
EDCB 51.74300 11.22400 533 90 560
EDCD 51.88500 14.51500 274 70 2477
EDCE 52.47400 14.06800 220 60 2381
EDCG 54.38400 13.31900 0 80 985
EDCJ 50.74600 12.83100 1202 70 900
EDCK 51.72100 11.94200 304 70 800
EDCM 51.29200 14.12500 495 30 1099
EDCN 52.62800 12.90700 110 110 850
EDCO 51.27000 10.62500 909 110 1446
EDCP 54.16600 13.76000 7 130 2395
EDCQ 51.76800 11.49100 524 110 1100
EDCS 52.30900 13.09500 160 100 841
EDCT 51.39400 12.53300 492 250 600
EDCW 53.91300 11.49500 27 80 700
EDCX 54.16100 12.24300 0 40 1201
EDCY 51.57200 14.13100 375 40 1997
EDDB 52.36800 13.48500 157 70 2991
EDDC 51.12500 13.75500 752 40 2848
EDDE 50.98100 10.94000 1035 100 2597
EDDF 50.03300 8.53500 355 70 3990
EDDG 52.13100 7.66900 159 70 2225
EDDH 53.61800 9.96400 53 50 3661
EDDI 52.47400 13.38700 164 90 2109
EDDK 50.88000 7.12900 302 60 3808
EDDL 51.28000 6.75200 146 50 3004
EDDM 48.36300 11.76800 1487 80 3988
EDDN 49.50100 11.05900 1045 100 2687
EDDP 51.43100 12.21600 464 80 3589
EDDR 49.21400 7.09600 1057 90 1965
EDDS 48.68600 9.20000 1273 70 3337
EDDT 52.55800 13.26600 122 80 3012
EDDV 52.45500 9.67700 183 90 3787
EDDW 53.04600 8.77000 14 50 2625
EDEN 50.84100 9.70700 932 10 670
EDER 50.49800 9.95000 2999 60 671
EDFA 50.28600 8.52900 1067 60 801
EDFB 50.34500 8.87900 395 90 1301
EDFC 49.93800 9.05700 410 80 841
EDFD 50.30700 10.12000 997 140 600
EDFE 49.96000 8.63100 387 90 1491
EDFG 50.19600 9.16100 423 70 841
EDFH 49.93100 7.24700 1649 30 3796
EDFL 50.54300 8.58700 754 70 691
EDFM 49.47300 8.50600 309 90 1059
EDFN 50.87100 8.81000 833 40 873
EDFO 49.67800 8.96900 1143 80 605
EDFP 50.36000 8.70700 828 50 861
EDFQ 51.03800 8.67300 1164 110 1240
EDFR 49.38700 10.21600 1309 30 800
EDFT 50.68200 9.40600 1210 70 680
EDFU 49.69400 9.17900 1501 50 842
EDFV 49.60500 8.36200 295 60 918
EDFW 49.81900 9.89300 986 110 643
EDFZ 49.96800 8.14200 760 80 997
EDGB 50.67800 8.16700 1833 70 900
EDGE 50.99400 10.46400 1101 100 1715
EDGF 50.47500 9.43800 1558 80 614
EDGI 49.32000 9.65300 1375 70 480
EDGM 49.40400 9.12000 1083 150 540
EDGP 49.83800 8.37200 279 20 800
EDGS 50.71300 8.07300 1966 40 1616
EDH1 54.45700 11.10500 16 110 619
EDHB 54.24400 11.02000 6 270 501
EDHC 53.01900 11.14300 50 140 650
EDHE 53.64700 9.69500 22 90 1101
EDHF 53.99200 9.57700 52 20 708
EDHG 53.24700 10.45200 161 90 981
EDHI 53.52900 9.82100 21 50 2629
EDHK 54.37900 10.13600 101 80 1261
EDHL 53.80200 10.70200 53 70 2095
EDHM 53.91400 10.03700 108 50 506
EDHN 54.07800 9.93600 72 10 600
EDHO 53.70100 9.74000 33 50 580
EDHP 54.53700 8.67600 10 110 600
EDHS 53.56000 9.49300 62 110 650
EDHU 53.20900 9.56900 98 110 600
EDHW 53.97100 10.21600 128 110 801
EDJA 47.98200 10.22300 2077 60 2975
EDKA 50.82300 6.18300 623 80 519
EDKB 50.77000 7.15700 197 110 1101
EDKL 51.01900 7.00300 154 150 950
EDKM 51.30000 8.23500 1425 40 901
EDKO 51.40400 8.64500 460 70 750
EDKV 50.40300 6.52200 1896 60 1066
EDKZ 51.09900 7.59500 1548 70 1140
EDLA 51.48100 7.89300 794 50 912
EDLB 51.77800 7.28200 158 80 468
EDLD 51.61700 6.85800 217 260 1501
EDLE 51.40000 6.92900 424 70 1548
EDLH 51.68900 7.81500 190 60 614
EDLI 51.96700 8.53600 454 110 1252
EDLK 51.38500 6.58600 125 60 641
EDLM 51.64700 7.15900 241 70 830
EDLN 51.23400 6.49800 125 130 1197
EDLO 51.93100 8.67200 170 40 600
EDLP 51.60900 8.60300 699 60 2174
EDLS 51.99700 6.83400 157 110 977
EDLT 51.94500 7.76900 177 100 680
EDLV 51.60300 6.12500 106 90 2432
EDLW 51.51500 7.60200 425 60 1995
EDLZ 51.58800 8.21200 394 70 702
EDMA 48.42300 10.92400 1515 70 1275
EDMB 48.10700 9.75800 1903 40 979
EDME 48.39600 12.71400 1342 90 1157
EDMJ 48.17400 11.12300 1860 70 441
EDMK 47.69100 10.33300 2340 70 901
EDML 48.50900 12.02700 1501 70 1034
EDMN 48.11300 10.52100 1857 150 1148
EDMO 48.07400 11.27300 1947 40 2283
EDMS 48.90200 12.50700 1054 100 1452
EDMT 48.01000 10.09300 1898 90 1023
EDMV 48.63800 13.18900 991 120 1136
EDMW 48.83000 12.87500 1029 80 612
EDNB 49.12700 12.98400 1716 170 425
EDNE 48.33800 9.91300 1558 30 650
EDNF 48.82600 13.36800 1417 170 528
EDNG 48.63800 10.21500 1695 170 550
EDNL 47.85700 10.00900 2099 60 1021
EDNM 49.22000 12.29600 1161 10 553
EDNO 48.87100 10.50300 1378 40 500
EDNV 47.94500 12.20200 1535 60 500
EDNY 47.66800 9.49900 1367 60 2358
EDOC 52.52800 11.34900 230 260 550
EDOD 51.90300 13.18700 335 100 1280
EDOE 51.21400 12.36400 429 60 672
EDOF 51.37200 11.13900 767 80 651
EDOG 51.57100 13.04600 269 80 801
EDOI 52.66200 12.74200 102 120 850
EDOL 52.04100 11.19900 340 110 600
EDOM 51.94800 11.76700 170 90 450
EDON 52.61100 14.22500 35 80 2392
EDOP 53.42100 11.76300 166 60 2989
EDOQ 51.29500 13.07300 501 80 756
EDOV 52.62800 11.80500 184 80 1991
EDOX 51.59300 12.23000 308 70 1001
EDOZ 51.99500 11.78700 166 70 801
EDPA 48.77700 10.25800 1916 90 947
EDPJ 48.49600 9.63800 2434 70 522
EDPQ 49.43200 12.09500 1247 120 520
EDPS 48.67900 13.69300 2673 20 650
EDPU 48.75100 10.00300 2092 160 901
EDQC 50.26500 10.99000 1485 120 861
EDQD 49.98200 11.63400 1601 60 1080
EDQE 49.79300 11.12600 1674 80 974
EDQH 49.58200 10.87300 1069 80 756
EDQK 50.13500 11.45400 1660 90 719
EDQM 50.28800 11.84400 1960 90 1476
EDQN 49.58800 10.57400 1198 90 600
EDQP 49.86300 11.78200 1496 90 750
EDQT 50.02000 10.52200 718 110 1100
EDQW 49.68100 12.11400 1330 140 570
EDRA 50.55900 7.13300 672 110 500
EDRB 49.93700 6.54700 1223 60 3049
EDRF 49.47200 8.19200 351 80 600
EDRH 49.60900 7.18200 1093 60 682
EDRJ 49.31200 6.66900 1120 70 800
EDRK 50.32200 7.52100 640 60 1172
EDRP 49.26300 7.48700 1247 50 800
EDRT 49.86000 6.78200 665 40 1201
EDRW 50.56700 7.56100 951 70 580
EDRY 49.30800 8.44900 312 170 1227
EDRZ 49.19800 7.39100 3710 210 2947
EDSB 48.76800 8.07000 408 30 2986
EDSH 48.92000 9.45200 963 100 500
EDSL 47.84200 8.55800 2300 60 1010
EDSN 47.97700 8.89700 2648 90 1244
EDSP 48.54500 8.94600 1315 170 411
EDSZ 48.18600 8.71800 2444 80 744
EDTD 47.98000 8.52200 2231 180 1290
EDTF 48.02800 7.83000 799 160 1241
EDTG 47.89800 7.60800 695 50 1734
EDTH 48.80100 9.92300 1423 70 751
EDTK 48.97600 8.32800 380 30 950
EDTL 48.35700 7.81800 511 30 2998
EDTM 48.05200 9.36200 1820 80 1597
EDTO 48.44400 7.92200 509 20 911
EDTQ 48.86500 9.22000 914 100 671
EDTS 48.06400 8.56800 2169 50 631
EDTU 48.03100 9.50500 1907 130 450
EDTW 48.28200 8.42600 2202 150 705
EDTY 49.11900 9.77300 1311 100 1536
EDUB 52.43600 12.44800 103 70 1494
EDUF 51.54700 13.22100 284 80 1196
EDUO 51.54500 11.59200 738 140 600
EDUS 51.60700 13.72900 399 90 1196
EDUT 53.02900 13.50900 202 90 997
EDUW 53.93200 13.21600 23 170 2198
EDVA 51.85200 10.02500 525 180 725
EDVC 52.68600 10.10300 207 230 901
EDVE 52.31800 10.54200 295 80 1675
EDVH 52.76200 9.60900 79 210 801
EDVI 51.80600 9.38400 561 130 744
EDVK 51.40200 9.36900 908 40 2389
EDVM 52.17800 9.93700 293 250 1221
EDVN 51.70600 10.04400 530 110 685
EDVP 52.39900 10.24400 265 70 900
EDVR 52.17600 9.05000 220 120 600
EDVS 52.15300 10.42200 328 70 636
EDVU 52.98300 10.46100 246 90 600
EDVW 51.96800 9.29000 1177 40 600
EDVY 52.22300 8.85800 160 50 861
EDWA 54.62500 8.92700 3 40 550
EDWB 53.51200 8.57000 10 70 1199
EDWC 52.48800 8.18000 151 110 751
EDWE 53.38900 7.21700 2 70 1296
EDWF 53.27100 7.43400 3 80 1190
EDWG 53.78400 7.91600 6 20 850
EDWH 53.06700 8.30700 26 240 779
EDWI 53.49800 8.04800 16 20 1460
EDWJ 53.68100 7.05300 8 80 700
EDWK 53.33600 9.02400 20 120 700
EDWL 53.74100 7.49400 7 50 660
EDWM 53.05700 9.20800 59 180 851
EDWN 52.45500 7.17900 87 240 901
EDWO 52.28500 7.97300 287 90 801
EDWQ 53.03700 8.50000 96 80 836
EDWR 53.59500 6.71000 3 50 998
EDWS 53.63800 7.18800 3 160 720
EDWU 52.90800 8.03600 128 270 931
EDWV 52.96800 9.28200 144 130 510
EDWX 53.28800 7.92700 30 240 585
EDWY 53.70700 7.22100 6 90 1001
EDWZ 53.72500 7.36900 6 100 360
EDX2 50.60300 8.72200 524 260 965
EDX3 50.78700 8.90200 705 220 837
EDXA 52.37700 7.91200 177 250 287
EDXB 54.15400 8.89600 7 110 720
EDXC 54.42500 9.53600 54 270 826
EDXD 52.35200 8.32700 148 110 580
EDXE 52.27700 7.48500 131 110 920
EDXF 54.77300 9.37000 130 40 1220
EDXG 52.20100 8.37200 236 90 769
EDXH 54.18600 7.91300 7 30 480
EDXI 52.70900 9.15600 82 270 851
EDXJ 54.50500 9.13200 62 30 1451
EDXK 54.79300 8.95700 24 110 820
EDXL 53.16600 7.79000 10 120 771
EDXM 53.97800 9.13800 124 80 700
EDXN 53.76700 8.63800 72 80 876
EDXO 54.30800 8.68200 5 70 672
EDXP 53.70700 7.81800 7 90 510
EDXQ 53.12600 9.34300 97 80 807
EDXR 54.21700 9.59700 23 30 958
EDXS 53.33400 9.25700 72 60 450
EDXT 54.06900 10.74400 80 10 500
EDXU 53.28600 8.94600 10 90 450
EDXW 54.91900 8.33300 51 60 2116
EDXY 54.68400 8.53100 25 20 776
EDXZ 53.56900 8.78500 26 120 580
EEEI 59.25700 24.19200 65 70 1998
EEKA 58.99700 22.82400 18 140 1517
EEKE 58.23700 22.50900 14 50 1515
EEPU 58.41000 24.46100 47 30 2475
EETN 59.41300 24.80600 131 80 3054
EETU 58.30700 26.67900 219 80 1374
EFAA 67.60600 23.97000 738 140 800
EFAH 64.89700 25.74800 95 120 800
EFAL 62.55400 23.57000 407 80 750
EFET 68.35500 23.41000 1005 30 1994
EFEU 61.11800 22.19300 259 110 996
EFFO 60.79900 23.64500 325 40 740
EFGE 60.08600 22.51700 46 70 531
EFHA 61.85500 24.76200 479 80 2592
EFHF 60.26100 25.04400 57 90 1338
EFHI 62.25900 24.33600 531 150 400
EFHK 60.31100 24.93600 179 40 3191
EFHL 64.96600 24.70400 7 60 480
EFHM 61.68900 23.06500 449 70 905
EFHN 59.84200 23.07800 20 30 1604
EFHP 64.11500 25.50100 315 120 770
EFHV 60.65100 24.87500 430 40 1266
EFII 63.63500 27.12400 384 170 660
EFIK 60.46700 23.65200 381 100 930
EFIM 61.25000 28.89000 338 10 1497
EFIT 62.16000 30.06900 364 10 1496
EFIV 68.60000 27.38300 481 40 2490
EFJM 61.77800 22.71200 505 90 830
EFJO 62.66500 29.59800 398 100 2491
EFJP 68.71200 25.75300 1575 120 420
EFJY 62.40800 25.66000 459 120 2593
EFKA 63.13900 23.05000 151 170 2694
EFKE 65.79300 24.58600 61 180 2496
EFKG 60.24900 20.80500 7 150 600
EFKH 64.11400 29.43400 571 120 850
EFKI 64.28300 27.66700 483 70 2490
EFKJ 62.46200 22.38100 407 70 1156
EFKK 63.70800 23.13800 83 10 2493
EFKM 66.71900 27.15500 692 170 1436
EFKO 64.22600 23.81600 43 50 1196
EFKR 63.98900 25.74000 348 90 700
EFKS 65.99500 29.22000 866 120 2452
EFKT 67.71200 24.84000 644 160 2492
EFKU 63.01800 27.78800 323 60 2792
EFKV 63.12700 25.08800 502 120 800
EFKY 60.57700 26.89500 230 160 1380
EFLA 61.14200 25.68400 502 70 1191
EFLL 63.39800 27.48100 328 20 340
EFLN 63.51400 29.62100 374 110 937
EFLP 61.04000 28.12300 349 60 2492
EFMA 60.11400 19.89100 17 30 1899
EFME 62.94300 23.51000 331 40 1196
EFMI 61.69000 27.18700 329 110 1696
EFMM 62.02800 24.65800 350 80 793
EFMN 60.57100 25.51000 135 40 400
EFMP 68.66100 25.70600 1526 40 360
EFNU 60.32600 24.28200 367 40 1198
EFOP 60.87900 22.74300 331 60 940
EFOU 64.93600 25.33200 47 120 2493
EFPH 62.46700 30.03800 318 180 630
EFPI 61.25100 22.19200 148 120 1082
EFPK 62.25600 27.00300 390 150 800
EFPN 61.73100 29.39500 253 160 550
EFPO 61.46800 21.78100 44 120 2344
EFPU 65.40200 26.94700 397 80 1992
EFPY 63.73200 25.92600 528 150 1027
EFRA 63.42900 28.12800 476 50 1241
EFRH 64.68900 24.68600 118 100 996
EFRN 62.07000 28.35800 292 180 943
EFRO 66.55400 25.81000 632 30 2992
EFRU 65.97600 26.36500 541 150 800
EFRV 63.70900 26.61600 515 150 840
EFRY 60.74700 24.10900 407 80 1266
EFSA 61.94900 28.92700 311 120 2293
EFSE 61.06700 26.78900 417 40 1320
EFSI 62.69700 22.82200 301 140 1538
EFSJ 63.82100 27.76400 603 120 600
EFSO 67.40200 26.61500 602 160 1496
EFSU 64.81900 28.70700 541 50 800
EFTO 60.07900 24.17200 15 90 360
EFTP 61.40900 23.58200 390 60 2691
EFTS 61.77000 24.01800 515 50 1193
EFTU 60.51300 22.24000 161 80 2491
EFUT 60.89500 26.92000 339 70 1993
EFVA 63.06200 21.75400 19 160 2653
EFVI 63.12300 25.81800 361 160 290
EFVL 64.50200 26.75500 455 90 800
EFVR 62.18000 27.85400 286 140 1994
EFVT 63.39500 24.02500 415 70 400
EFVU 68.08900 27.12800 853 180 600
EFWB 60.66300 26.74500 82 70 500
EFYL 64.06100 24.71600 252 150 1496
EG02 52.01100 0.22400 283 180 745
EG05 55.14100 -6.97200 10 120 534
EG06 50.97600 -4.10100 675 80 594
EG08 52.97500 -0.07600 8 90 599
EG13 52.93800 0.76800 50 90 557
EG14 51.29000 0.99900 300 20 629
EG15 54.16200 -2.96600 17 60 621
EG17 52.48500 0.08900 5 10 609
EG18 51.13500 -1.42200 292 60 493
EG20 51.38900 -1.73700 623 50 467
EG21 51.34000 -2.52700 600 70 495
EG22 53.30600 -1.43500 720 110 791
EG24 52.08600 -2.14000 70 100 566
EG26 52.70800 -0.14200 10 30 610
EG30 52.49900 -0.59700 328 40 1802
EG32 56.00100 -2.73600 115 110 273
EG33 50.69800 -3.16100 495 90 767
EG34 55.27900 -1.72300 197 10 622
EG35 54.30600 -0.97600 780 10 597
EG36 50.73700 -3.17800 771 10 525
EG37 52.70500 1.19200 420 50 484
EG38 57.09900 -3.89500 860 30 905
EG39 60.60100 -0.87300 270 10 502
EG40 51.98500 -1.06200 405 100 702
EG41 54.68600 -1.46500 377 80 617
EG42 60.12400 -2.05400 150 180 439
EG43 51.46000 -2.30700 600 90 807
EG48 52.46700 1.30400 178 130 1057
EG49 53.47900 -2.62700 80 100 744
EG51 50.86600 -2.49000 325 80 475
EG53 51.27500 -0.94600 225 80 808
EG54 53.77100 -0.58100 460 70 695
EG55 52.43700 -1.05100 505 100 1183
EG59 56.26700 -2.75400 387 60 592
EG60 54.88200 -3.21500 38 100 1304
EG61 52.80500 -2.99600 290 90 677
EG62 58.88600 -2.89600 65 60 645
EG63 52.88400 -0.90200 109 10 1830
EG65 52.85900 0.90000 196 100 770
EG68 52.71800 1.54800 50 70 549
EG69 51.16900 -4.67200 455 60 440
EG70 52.36300 -2.54700 500 180 455
EG71 54.98700 -6.64700 180 70 420
EG74 52.48400 -1.15000 467 60 2960
EG76 51.97500 0.84800 180 140 400
EG77 51.39500 -1.30800 250 110 730
EG78 60.42500 -0.75200 20 90 364
EG79 60.32400 -1.69200 82 180 445
EG80 54.76800 -1.39000 450 120 712
EG83 51.88500 0.51600 225 90 777
EG85 52.70900 -1.74700 171 90 578
EG86 51.33400 -0.31600 160 20 501
EG90 52.10200 -1.38300 530 150 658
EG93 51.44400 0.63000 10 60 439
EG95 52.38400 0.06200 8 10 520
EG96 52.73500 0.95800 155 90 548
EG97 52.45000 1.13000 186 10 656
EG99 52.12100 -0.12300 200 60 844
EGAA 54.65200 -6.23500 268 70 2772
EGAB 54.40300 -7.65800 155 150 1359
EGAC 54.61100 -5.88100 15 40 1831
EGAD 54.57700 -5.69600 9 40 947
EGAE 55.04000 -7.17500 22 80 1846
EGAL 54.61500 -6.31100 82 30 1737
EGBB 52.46600 -1.76100 327 150 2583
EGBD 52.86200 -1.61800 175 50 576
EGBE 52.36500 -1.48800 267 50 1817
EGBF 52.23200 -0.45300 154 260 970
EGBG 52.60800 -1.03400 469 40 931
EGBJ 51.89300 -2.17700 101 40 1412
EGBK 52.30100 -0.79600 429 30 1261
EGBL 52.13600 -1.75900 157 40 1200
EGBM 52.81300 -1.77300 450 80 1183
EGBN 52.92100 -1.08600 138 30 866
EGBO 52.52200 -2.26300 283 40 1113
EGBP 51.66700 -2.07100 433 80 2004
EGBS 52.24100 -2.88900 318 90 937
EGBT 52.04100 -1.10100 448 90 799
EGBW 52.19600 -1.61500 159 50 912
EGCB 53.47100 -2.39400 73 20 624
EGCC 53.34500 -2.29300 257 50 3041
EGCD 53.33400 -2.16500 295 70 2280
EGCF 53.55700 -0.86300 11 50 882
EGCG 53.31000 0.16700 45 80 814
EGCJ 53.78500 -1.22400 26 10 828
EGCK 53.10000 -4.34200 13 20 1066
EGCL 52.74200 -0.03000 8 80 783
EGCN 53.46300 -1.01100 55 20 2735
EGCO 53.64100 -3.03000 6 30 876
EGCP 53.62500 -0.92800 3 170 700
EGCR 53.16600 -2.57700 150 90 622
EGCS 53.38100 -0.69100 58 90 827
EGCT 52.93400 -2.65000 301 140 642
EGCV 52.83200 -2.77600 275 50 1049
EGCW 52.62500 -3.15800 233 40 1018
EGDA 51.87000 -5.12600 355 20 2322
EGDC 51.08700 -4.16300 26 30 1821
EGDD 51.92100 -1.13400 266 60 1019
EGDJ 51.28400 -1.78700 544 220 910
EGDL 51.50200 -2.01100 513 60 2379
EGDM 51.14400 -1.76900 407 50 3148
EGDN 51.25000 -1.76300 455 40 1153
EGDO 49.99600 -5.24100 295 10 1826
EGDR 50.08900 -5.26600 267 70 1830
EGDV 51.52600 -2.14300 328 50 1143
EGDW 50.96200 -2.95200 145 30 1826
EGDX 51.40300 -3.44600 163 80 1818
EGDY 51.00700 -2.66200 75 40 2306
EGEC 55.44100 -5.70900 44 110 3040
EGED 59.18900 -2.77600 20 180 531
EGEF 59.53400 -1.63200 223 60 478
EGEH 60.37400 -0.92800 100 20 461
EGEN 59.36800 -2.43800 40 30 465
EGEO 56.45800 -5.40100 20 10 1269
EGEP 59.34900 -2.90200 91 40 458
EGER 59.15300 -2.64300 39 20 513
EGES 59.24800 -2.57700 66 30 467
EGET 60.18900 -1.24500 43 20 753
EGEW 59.35000 -2.95400 29 90 463
EGEY 56.05800 -6.24700 39 100 500
EGFA 52.11500 -4.55900 428 80 1255
EGFE 51.82700 -4.96600 159 30 1515
EGFF 51.40100 -3.35900 220 120 2386
EGFH 51.60000 -4.07400 299 40 1478
EGFP 51.71100 -4.31500 15 260 794
EGGD 51.38200 -2.73400 622 90 2028
EGGP 53.33300 -2.86700 80 90 2275
EGGW 51.87200 -0.38400 526 80 2153
EGHA 50.96600 -2.15900 810 80 797
EGHB 51.33600 1.15400 110 20 619
EGHC 50.10600 -5.67300 401 30 801
EGHD 50.42600 -4.11300 475 130 1157
EGHE 49.91500 -6.29400 116 90 598
EGHF 50.81100 -1.21400 32 50 1310
EGHG 50.94000 -2.66800 207 90 1378
EGHH 50.77700 -1.85800 38 80 2267
EGHI 50.94300 -1.36100 44 20 1722
EGHJ 50.68000 -1.11500 55 120 832
EGHL 51.18700 -1.04400 618 90 1673
EGHN 50.65000 -1.18700 60 50 884
EGHO 51.20900 -1.60400 330 70 969
EGHP 51.19200 -1.24200 550 30 832
EGHQ 50.44700 -5.01200 389 120 2744
EGHR 50.86400 -0.76500 100 60 1295
EGHS 50.98400 -2.36200 184 70 810
EGHU 50.92800 -3.99300 655 70 599
EGHY 50.28000 -5.14600 400 140 540
EGJA 49.70600 -2.22100 291 30 879
EGJB 49.43500 -2.61200 336 90 1448
EGJJ 49.20700 -2.20700 277 90 1704
EGKA 50.83100 -0.30000 7 20 1039
EGKB 51.32400 0.02700 598 30 1802
EGKC 50.79900 -0.66200 3 20 609
EGKE 51.20600 0.82600 600 20 657
EGKH 51.15800 0.63600 72 30 855
EGKK 51.14500 -0.21200 196 80 3151
EGKL 50.88100 0.15300 60 60 446
EGKN 51.30200 -0.09600 566 120 904
EGKR 51.21300 -0.14500 198 10 894
EGLA 50.50100 -4.66900 625 30 612
EGLB 51.34900 -0.47000 50 10 232
EGLC 51.50600 0.04400 19 90 1502
EGLD 51.58700 -0.51800 249 60 776
EGLF 51.27100 -0.79200 238 60 2434
EGLG 51.80300 -0.16400 249 110 975
EGLJ 51.68200 -1.07700 239 60 1795
EGLK 51.32200 -0.85700 325 70 1348
EGLL 51.47700 -0.49000 83 90 3904
EGLM 51.49900 -0.78200 130 30 1111
EGLP 51.38300 -1.17500 210 70 564
EGLS 51.09700 -1.78900 285 60 781
EGLT 51.42100 -0.66000 220 140 230
EGMA 52.07600 0.05600 124 70 703
EGMC 51.56700 0.68600 49 60 1594
EGMD 50.95000 0.93300 13 30 1502
EGMF 51.33100 0.59800 420 230 362
EGMH 51.34500 1.32700 178 100 2743
EGMJ 52.16700 -0.15800 250 30 765
EGML 51.53200 0.24100 52 30 662
EGMT 51.53700 0.36400 20 70 809
EGNA 53.01200 -1.22100 281 30 912
EGNB 53.72300 -0.57400 12 60 1212
EGNC 54.93300 -2.82100 190 10 1819
EGND 53.62000 -1.83500 825 70 891
EGNE 53.27300 -0.95700 91 30 1809
EGNF 53.31600 -1.19900 250 60 447
EGNG 54.21000 -1.29700 160 60 680
EGNH 53.77200 -3.04300 34 70 1862
EGNI 53.17300 0.31900 10 100 1004
EGNJ 53.56500 -0.35700 121 30 2196
EGNL 54.12400 -3.26800 173 50 1198
EGNM 53.87400 -1.67200 681 140 2248
EGNO 53.74100 -2.90100 55 80 2409
EGNR 53.17100 -2.98800 45 50 2035
EGNS 54.08200 -4.63700 52 30 1833
EGNT 55.03400 -1.70600 266 70 2322
EGNU 53.97700 -0.86800 86 40 759
EGNV 54.50200 -1.44200 120 50 2286
EGNW 53.31400 -0.35100 84 30 633
EGNX 52.83100 -1.35000 306 90 2883
EGNY 53.90000 -0.36700 4 120 719
EGOD 52.81500 -4.13000 19 50 2308
EGOE 52.87100 -2.53600 272 50 935
EGOQ 53.25300 -4.38200 193 40 1663
EGOS 52.80200 -2.66800 249 50 1829
EGOV 53.25400 -4.54700 37 10 2301
EGOW 53.57500 -3.06400 37 30 1649
EGOY 54.84700 -4.96000 57 60 1842
EGPA 58.95800 -2.91300 51 90 1447
EGPB 59.88100 -1.30700 20 60 1497
EGPC 58.46400 -3.10500 126 80 1822
EGPD 57.21000 -2.20300 215 50 1830
EGPE 57.53700 -4.06000 31 50 1883
EGPF 55.86300 -4.44900 26 50 2657
EGPG 55.97400 -3.98200 370 80 817
EGPH 55.94400 -3.39000 135 60 2549
EGPI 55.68700 -6.27000 54 80 1544
EGPJ 56.18200 -3.22500 398 70 687
EGPK 55.48700 -4.58800 65 30 2983
EGPL 57.47600 -7.37500 19 60 1828
EGPM 60.42900 -1.30600 81 60 1354
EGPN 56.45200 -3.03700 17 90 1395
EGPO 58.22400 -6.33300 26 70 2071
EGPR 57.02500 -7.44700 3 70 796
EGPT 56.43800 -3.37700 397 30 852
EGPU 56.49500 -6.87800 38 50 1477
EGPW 60.74800 -0.85900 62 120 638
EGQK 57.64600 -3.57900 22 80 2300
EGQL 56.37300 -2.88200 38 40 2647
EGQS 57.69800 -3.35300 41 50 2764
EGSA 52.62600 0.92600 210 20 851
EGSB 52.14100 -0.40600 70 40 355
EGSC 52.19900 0.16400 47 50 1955
EGSD 52.63500 1.71800 1 90 643
EGSE 52.02600 1.18700 128 80 1125
EGSF 52.46800 -0.24400 26 100 971
EGSG 51.64900 0.15100 185 40 1114
EGSH 52.67600 1.26900 117 90 1835
EGSJ 52.50900 1.41200 130 60 799
EGSK 52.56300 1.17500 161 60 1024
EGSL 51.89500 0.44500 286 90 716
EGSM 52.43500 1.62000 80 260 444
EGSN 52.21300 -0.04500 225 10 660
EGSO 52.17300 1.10600 201 130 769
EGSP 52.55900 -0.38900 129 70 938
EGSQ 51.78800 1.13000 37 180 597
EGSR 51.91200 0.67600 227 60 1005
EGSS 51.87500 0.22000 348 40 3051
EGST 52.07300 0.97300 226 50 886
EGSU 52.08700 0.12300 125 60 1444
EGSV 52.50100 1.05300 193 20 796
EGSW 52.23800 0.34600 100 130 771
EGSX 51.71400 0.15100 321 20 1872
EGSY 53.39500 -1.39800 231 100 1207
EGTA 51.77300 -0.94400 289 60 961
EGTB 51.61000 -0.81300 520 70 728
EGTC 52.06500 -0.62400 358 30 1794
EGTD 51.11400 -0.54800 170 70 1878
EGTE 50.73200 -3.42800 102 80 2031
EGTF 51.34600 -0.56400 80 60 798
EGTG 51.51900 -2.60800 225 90 2431
EGTH 52.08200 -0.32200 110 30 817
EGTK 51.83000 -1.32200 270 10 1505
EGTN 51.93200 -1.42200 550 80 958
EGTO 51.35600 0.50000 425 20 974
EGTP 50.32900 -5.18500 330 10 938
EGTR 51.65500 -0.33000 332 80 649
EGTU 50.85700 -3.23900 838 40 1245
EGTW 51.63500 -2.00900 250 40 966
EGUB 51.60700 -1.09800 226 10 1820
EGUD 51.69600 -1.31800 229 70 2010
EGUL 52.40200 0.54400 32 60 2734
EGUN 52.36500 0.46200 33 110 3415
EGUO 51.43800 -2.29100 593 10 1782
EGUW 52.12000 0.94200 284 50 2414
EGUY 52.35500 -0.13000 135 90 2735
EGVA 51.68300 -1.81200 286 90 3036
EGVN 51.74600 -1.60400 289 80 3052
EGVO 51.23500 -0.95600 405 90 1830
EGVP 51.14600 -1.57600 296 40 1187
EGWC 52.63800 -2.31200 272 60 1147
EGWE 52.01400 -0.30400 170 20 1318
EGWN 51.78700 -0.73900 370 20 1190
EGWU 51.55000 -0.43100 124 70 1685
EGX3 52.95000 1.12100 30 160 525
EGX4 54.22900 -0.97700 120 100 737
EGX5 54.58400 -1.07400 30 70 613
EGX6 51.40300 0.84500 110 90 477
EGXC 53.08900 -0.18600 25 80 2731
EGXD 54.14400 -1.42700 117 100 1876
EGXE 54.30200 -1.54300 132 160 2295
EGXG 53.83000 -1.20700 29 60 1822
EGXH 52.34100 0.75300 174 90 2735
EGXJ 52.72700 -0.66200 461 40 2740
EGXP 53.29900 -0.56400 202 40 2735
EGXT 52.61000 -0.49600 273 80 2741
EGXU 54.04200 -1.26000 53 30 1829
EGXW 53.15500 -0.53100 231 20 2739
EGXY 53.01900 -0.92400 228 70 1806
EGXZ 54.19800 -1.38700 92 30 1855
EGYC 52.74600 1.34800 64 30 2295
EGYD 53.02900 -0.50600 218 10 1820
EGYE 52.95900 -0.57200 367 60 1827
EGYJ 53.94200 -1.17100 65 180 1201
EGYM 52.64100 0.53400 75 10 2776
EGYP -51.81800 -58.47500 244 50 2588
EHAL 53.45300 5.67300 11 80 801
EHAM 52.31700 4.74600 -11 40 3808
EHBD 51.25200 5.59800 114 30 1198
EHBK 50.90200 5.76000 375 30 2499
EHBX 52.48500 4.60800 10 80 122
EHDL 52.04700 5.86600 158 20 2947
EHDP 51.52200 5.87400 96 60 2471
EHDR 53.11700 6.12200 14 80 951
EHDS 52.46500 6.33100 16 70 1037
EHDV 52.67100 5.93300 1 50 854
EHEH 51.43900 5.36200 74 30 2996
EHGG 53.11100 6.56100 17 10 2494
EHGR 51.57000 4.91200 49 20 2771
EHHO 52.73100 6.51600 42 100 1102
EHHS 51.68300 3.70300 25 60 428
EHHV 52.19100 5.14100 3 70 700
EHKD 52.91900 4.77500 3 40 1273
EHLE 52.45100 5.51100 -39 50 1248
EHLV 52.33300 4.53200 134 60 808
EHLW 53.21900 5.73800 4 60 2444
EHMD 51.77500 5.87800 115 10 1343
EHMZ 51.51200 3.74000 6 90 1001
EHNP 52.73000 5.74100 -8 90 816
EHNR 51.68500 5.54200 25 110 887
EHOW 53.20000 7.02700 2 70 1000
EHRD 51.95200 4.42800 -15 60 2194
EHSB 52.12700 5.25400 66 90 3077
EHSE 51.55300 4.54800 30 70 847
EHTE 52.24200 6.04200 17 30 1200
EHTL 52.07200 5.96100 264 10 1196
EHTW 52.26800 6.87100 114 60 2976
EHTX 53.11200 4.82700 2 130 1128
EHVB 52.15900 4.40400 0 50 2441
EHVK 51.65000 5.68900 72 230 3022
EHWO 51.44500 4.32600 63 70 2430
EI01 53.45400 -6.26600 236 180 37
EIAB 53.59200 -7.65300 189 100 821
EIBN 51.66900 -9.48700 6 70 461
EIBR 53.07100 -7.89900 250 180 570
EIBT 54.22600 -10.04300 149 70 492
EICA 53.22900 -9.47100 69 50 570
EICD 53.54000 -10.08600 65 50 568
EICK 51.85000 -8.49600 502 70 2131
EICL 53.24900 -7.13000 149 90 850
EICM 53.29900 -8.95100 81 80 1206
EICN 52.66600 -8.68500 17 100 419
EICS 53.78300 -7.84000 149 150 1201
EIDL 55.03800 -8.34500 29 30 1495
EIDW 53.42200 -6.29000 242 100 2628
EIGM 53.64400 -6.23500 70 80 907
EIGN 53.18600 -6.63700 490 30 504
EIHN 52.85700 -6.54200 609 160 540
EIIB 53.61700 -10.21200 32 20 568
EIIM 53.10900 -9.65600 29 140 577
EIIR 53.06000 -9.51000 40 130 550
EIKH 53.06500 -6.86100 303 10 601
EIKK 52.65000 -7.30400 299 90 935
EIKL 52.65000 -7.31000 300 90 947
EIKN 53.90800 -8.83600 665 90 2289
EIKY 52.17800 -9.53800 111 50 1994
EILT 54.95000 -7.67700 20 70 602
EIME 53.30500 -6.46900 319 50 1822
EIMH 53.63800 -6.88200 229 110 400
EIMN 53.09500 -9.57100 15 50 601
EIMY 52.70100 -7.70600 399 20 577
EINC 53.07800 -6.03700 0 180 791
EINN 52.69300 -8.94400 46 40 3192
EIPT 53.18000 -6.20100 426 120 633
EIRT 52.10900 -8.99700 280 90 450
EISG 54.28100 -8.60800 11 110 1156
EISP 52.84500 -9.41600 17 60 443
EITM 53.57400 -6.74200 200 100 663
EITT 53.54100 -6.53600 384 40 650
EIWF 52.18100 -7.09100 119 30 1432
EIWT 53.35000 -6.49500 154 70 1041
EK01 55.83300 8.54800 127 70 660
EK02 57.16000 10.19600 110 170 610
EK03 55.32300 10.57900 125 40 656
EK04 55.36800 8.46500 3 140 352
EK05 56.56000 10.35500 23 130 671
EK06 55.99200 9.26300 230 120 634
EK07 54.95600 9.99600 141 180 359
EK10 55.63300 8.74900 98 100 885
EK12 55.94600 9.65100 174 150 482
EK13 57.28700 9.85600 58 10 524
EK14 55.46800 8.96900 196 10 466
EK15 55.75600 10.29400 10 180 672
EK17 55.81600 9.04000 150 100 877
EK18 55.85400 12.06600 10 100 872
EK21 55.81600 12.07900 38 80 474
EK22 55.55300 9.17800 160 100 976
EK23 55.55200 11.19200 20 90 671
EK24 55.88600 12.22200 52 100 792
EK25 55.58200 11.75400 120 90 640
EK26 57.45900 10.08300 71 90 814
EK27 55.24800 10.19300 120 90 1099
EK28 55.90900 9.44200 296 100 853
EK29 55.54300 10.02900 6 80 407
EK31 56.64000 10.16100 122 120 665
EK32 55.42100 10.67100 24 90 429
EK34 55.25200 12.05600 130 70 1105
EK36 55.28300 9.92200 150 100 277
EK37 55.21000 11.71500 7 60 433
EK38 55.07300 9.75000 49 60 646
EK39 54.87700 11.83800 50 90 560
EK41 55.83100 8.18300 6 180 706
EK42 55.94800 8.73800 41 110 1103
EK43 56.96300 8.77300 30 80 470
EK45 56.10600 9.38900 320 90 738
EK46 55.45300 11.63700 110 260 874
EK49 55.60800 8.43800 34 110 706
EK50 55.25000 10.04800 237 160 305
EK51 56.01100 9.00400 150 90 1126
EK55 55.62000 12.44300 2 140 118
EK57 55.06900 10.23900 11 110 561
EK59 54.96600 10.41300 2 120 465
EK60 55.16900 10.49800 198 70 692
EK61 56.02300 8.68500 100 120 848
EK62 54.98200 11.53300 50 50 672
EK63 56.94500 9.92800 150 90 861
EK64 56.19700 11.69700 6 70 515
EK65 55.03200 10.87200 47 10 464
EK66 55.75200 12.27700 39 90 279
EK67 56.30300 8.58300 100 20 916
EK68 55.15200 11.15200 16 100 347
EK69 55.78900 11.84300 24 180 506
EK71 55.08200 9.29700 148 150 750
EK72 55.90800 11.08800 16 50 369
EK73 55.17600 8.75000 33 140 777
EK74 55.16500 9.06000 120 180 396
EK75 56.18000 10.06900 220 100 923
EK76 55.95600 10.40600 8 90 443
EK78 55.02400 11.34400 8 60 544
EK80 56.18400 8.32500 36 10 739
EKAE 54.85600 10.45300 0 150 788
EKAH 56.30700 10.59800 82 100 2767
EKAL 55.87600 12.31100 128 150 793
EKAT 56.69600 11.55400 23 30 647
EKAV 55.08600 11.75100 2 90 814
EKBI 55.74000 9.13500 247 90 2793
EKCH 55.60300 12.63300 17 40 3610
EKEB 55.52400 8.53300 97 80 2600
EKEL 55.75800 10.24400 6 110 625
EKFR 55.89700 12.24400 59 20 490
EKFU 56.82600 8.98300 11 110 568
EKGH 55.94200 12.37400 97 110 1015
EKGR 56.43900 10.92900 33 10 751
EKHE 55.98500 12.21100 52 90 471
EKHG 56.18500 9.03600 167 90 897
EKHK 55.73400 11.60100 16 100 559
EKHO 56.39500 8.43500 49 70 1199
EKHS 56.75600 10.22300 7 90 658
EKHV 55.30200 9.51600 81 100 1107
EKKA 56.29900 9.07800 170 40 2982
EKKL 55.70000 11.24500 0 90 697
EKKO 55.33900 11.23700 40 120 696
EKLS 57.27500 10.99300 25 70 924
EKLV 56.50200 8.30600 100 80 739
EKMB 54.70000 11.42900 16 100 1196
EKMN 54.96600 12.18600 0 90 894
EKNM 56.82500 8.78100 51 110 693
EKOD 55.47100 10.31500 56 60 1840
EKPB 54.86700 9.27300 88 50 1072
EKRA 55.77900 9.93600 130 100 741
EKRD 56.50600 10.02900 153 70 904
EKRK 55.59000 12.11600 146 30 1800
EKRN 55.06700 14.74500 52 110 1996
EKRR 55.20900 14.87700 333 40 514
EKRS 55.42400 11.80300 112 50 732
EKSA 57.34700 10.40400 115 120 526
EKSB 54.96900 9.78500 24 140 1793
EKSD 56.10500 8.51100 245 140 664
EKSN 57.50300 10.21900 92 90 1195
EKSP 55.22500 9.24400 141 110 2997
EKSS 55.89100 10.60800 0 100 693
EKST 55.01800 10.55600 16 110 900
EKSV 56.55400 9.16700 74 140 1196
EKTD 54.93100 8.83400 6 120 872
EKTS 57.07000 8.69200 23 100 1594
EKVA 55.69900 9.17000 241 90 2981
EKVB 56.41100 9.40600 80 110 676
EKVD 55.43100 9.32800 143 10 975
EKVG 62.06600 -7.28800 280 130 1246
EKVH 56.84900 9.44900 119 110 1199
EKVJ 55.99000 8.34200 17 90 1445
EKVL 55.76700 12.31000 58 80 2997
EKYT 57.09400 9.83300 10 80 2646
ELLX 49.61800 6.18700 1158 60 4003
EN01 61.26100 11.67100 1620 10 603
EN02 61.72700 10.83800 1171 140 1446
EN03 62.23700 8.23800 1916 120 822
EN05 63.01300 9.05100 131 250 527
EN07 62.83500 6.83400 45 80 572
EN08 64.39700 12.33900 561 160 548
EN09 60.02300 11.38100 488 170 618
EN10 60.65600 11.90900 574 160 500
EN13 60.26800 12.02200 495 160 767
EN21 61.50100 9.79400 3149 150 506
EN24 63.37400 11.81000 1010 160 573
EN25 61.84000 11.72900 2080 10 805
EN26 63.05600 8.72200 150 70 633
ENAL 62.55600 6.09000 69 70 2305
ENAN 69.30900 16.11600 43 30 2995
ENAS 78.93000 11.85500 50 120 923
ENAT 69.98200 23.34100 9 110 2176
ENBJ 74.50800 19.00400 52 80 2440
ENBL 61.39100 5.75300 1046 70 947
ENBM 60.63900 6.49200 298 90 994
ENBN 65.45400 12.20400 25 40 1437
ENBO 67.26500 14.31800 42 70 3381
ENBR 60.30700 5.21400 165 170 2984
ENBS 70.59600 29.68800 490 30 1096
ENBV 70.87000 29.02200 42 70 880
ENCN 58.19700 8.07500 57 40 2031
ENDI 60.41500 8.49800 2618 80 1796
ENDU 69.06000 18.51000 252 100 2444
ENEG 60.21400 10.31800 650 40 850
ENEN 67.96900 14.99900 9 230 618
ENEV 68.50400 16.67700 84 170 2806
ENFA 63.69800 8.75500 152 40 800
ENFB 59.89000 10.59500 52 10 2440
ENFG 61.01900 9.28400 2697 150 2044
ENFL 61.58100 5.00700 37 70 1259
ENFY 59.19900 8.08700 990 10 795
ENGK 58.51500 8.69900 410 50 497
ENGM 60.18500 11.07400 681 10 3701
ENGN 62.11600 10.10100 2263 100 964
ENHA 60.82300 11.06400 730 150 866
ENHD 59.35100 5.19800 76 140 2115
ENHF 70.67700 23.65800 266 50 883
ENHK 70.48800 22.13000 21 110 966
ENHN 60.88100 11.66900 715 150 693
ENHT 65.59500 13.97900 688 90 726
ENHV 71.01000 25.97200 46 80 880
ENJA 70.92600 -8.70900 33 40 2135
ENJB 59.30300 10.37700 90 180 606
ENKA 69.03600 23.03100 1132 10 1201
ENKB 63.10900 7.80700 204 70 1887
ENKJ 59.97300 11.02400 354 120 1617
ENKR 69.72200 29.86800 283 60 1887
ENLI 58.10900 6.60700 29 140 2982
ENLK 68.14900 13.60500 78 30 876
ENLU 59.29900 9.12600 190 110 880
ENMH 71.02600 27.82600 39 180 880
ENML 62.74200 7.24800 10 70 2098
ENMS 65.78800 13.21200 237 160 876
ENNA 70.08100 24.97100 25 170 2774
ENNK 68.43300 17.38200 95 10 910
ENNM 64.47100 11.57000 7 70 841
ENNO 59.56900 9.20200 63 120 1389
ENOL 63.71000 9.59200 28 150 2707
ENOP 62.64900 9.83900 1830 70 932
ENOV 62.17800 6.06600 243 70 866
ENRA 66.36700 14.29500 226 140 841
ENRI 61.54600 10.05600 570 110 798
ENRK 59.40100 11.34300 380 150 855
ENRM 64.83400 11.13700 13 40 880
ENRO 62.58500 11.33300 2054 140 1715
ENRS 67.52400 12.09700 7 30 880
ENRV 60.67500 10.56500 1381 160 751
ENRY 59.38400 10.76600 174 120 2435
ENSA 77.86200 16.66800 7 10 610
ENSB 78.24900 15.41800 88 100 2309
ENSD 61.83000 6.10200 177 80 841
ENSG 61.15300 7.12700 1633 60 1107
ENSH 68.24700 14.67100 27 10 944
ENSI 59.70900 10.88200 351 10 520
ENSK 68.58100 15.01000 11 80 918
ENSN 59.17900 9.56500 463 10 1398
ENSO 59.79700 5.33300 161 140 1456
ENSR 69.78300 20.96400 16 150 985
ENSS 70.36000 31.04200 42 150 1126
ENST 65.95200 12.46400 56 30 1082
ENSU 62.65700 8.67500 196 100 606
ENTC 69.67300 18.91300 31 10 2358
ENTO 59.20000 10.25800 286 180 2992
ENVA 63.45800 10.88900 56 90 2851
ENVD 70.06500 29.83200 125 90 880
ENVE 59.03500 7.55600 770 10 792
ENZV 58.89400 5.63700 29 110 2551
EP07 47.82200 11.70300 2370 20 554
EP62 49.66200 22.51100 426 160 1193
EP65 49.28400 22.11500 1968 130 500
EP66 49.51100 22.40700 1475 10 630
EP67 49.35400 22.48600 1609 50 730
EP68 49.44700 22.32100 1330 50 350
EP69 52.71300 15.50700 135 50 791
EP73 54.03900 16.24600 250 70 2519
EPBC 52.27100 20.90200 352 100 1811
EPBP 52.00100 23.12700 465 60 3324
EPBY 53.09500 17.95900 236 30 2503
EPCE 54.41300 17.74500 495 70 2496
EPCH 50.88400 19.18900 860 80 1985
EPDA 54.40300 16.35000 9 40 593
EPDE 51.55700 21.87500 388 120 2502
EPDK 51.08100 23.43600 694 10 589
EPGD 54.38100 18.45200 489 110 2790
EPKK 50.07500 19.76800 791 70 2542
EPKM 50.23500 19.02800 909 50 1112
EPKN 50.53300 18.07000 683 110 2291
EPKS 52.33700 16.95000 265 70 2495
EPKT 50.47400 19.05500 995 90 2790
EPLB 51.23800 22.69600 633 60 2522
EPLE 51.18200 16.16700 407 80 1581
EPLK 51.55400 19.16200 633 110 2492
EPLL 51.71600 19.37200 606 70 2494
EPLR 51.22100 22.39100 787 10 951
EPLU 51.42600 16.19100 512 130 986
EPMB 54.02900 19.15600 16 80 2492
EPMI 53.40100 16.06700 459 120 2496
EPML 50.32700 21.45300 547 90 2294
EPMM 52.19600 21.63800 604 90 2505
EPMO 52.45000 20.63400 341 80 2495
EPNM 51.62500 20.51900 511 80 2377
EPNT 49.46600 20.04200 2060 20 1681
EPOK 54.58800 18.50400 144 90 2498
EPPI 53.16100 16.70000 259 30 2399
EPPO 52.42500 16.80600 308 110 2484
EPPR 54.24900 18.65700 21 100 1958
EPPW 52.38400 17.82700 380 100 3511
EPRA 51.38700 21.19800 623 70 2002
EPRP 51.47600 21.10300 484 50 881
EPRZ 50.11000 22.00200 675 80 3190
EPSA 51.45600 23.54500 515 20 761
EPSC 53.59200 14.88800 154 130 2495
EPSD 53.39300 14.62700 2 60 901
EPSK 54.47800 17.09100 217 90 2193
EPSN 53.79500 15.80900 385 110 2492
EPSO 52.20200 20.27400 259 100 2493
EPST 50.62800 21.99300 492 100 911
EPSY 53.47100 20.93200 463 20 1998
EPTM 51.58800 20.08400 603 110 2001
EPTO 53.03000 18.53800 164 10 1203
EPWA 52.17100 20.94700 328 110 3691
EPWI 54.55000 16.61900 6 20 1192
EPWR 51.10900 16.86600 404 120 2496
EPWT 53.29800 18.40700 298 80 888
EPZA 50.70300 23.20000 751 120 923
EPZG 52.13400 15.78200 193 60 2489
ES01 59.54200 18.03200 30 150 732
ES03 59.71900 17.72400 30 150 488
ES04 59.56900 18.20500 82 60 610
ES08 59.74600 17.13400 80 70 763
ESCF 58.38700 15.51600 308 10 2210
ESCK 58.61900 16.09300 90 150 2246
ESCM 59.89500 17.57000 68 30 2002
ESDF 56.25700 15.26300 191 10 2328
ESFR 58.50700 13.05500 230 180 1983
ESFS 57.06600 16.86500 16 170 600
ESGA 58.17900 11.97900 424 60 695
ESGC 58.13700 13.60500 1098 30 550
ESGD 58.19400 13.99900 456 40 675
ESGE 57.69800 12.84700 563 40 800
ESGF 56.97100 12.39500 36 90 700
ESGG 57.65000 12.26800 506 30 3292
ESGH 58.09800 13.10800 480 180 900
ESGI 57.95300 12.57900 226 10 741
ESGJ 57.74800 14.06300 741 10 2199
ESGK 58.16500 13.58200 785 40 1313
ESGL 58.46100 13.15900 200 60 1984
ESGM 57.44400 12.64400 378 60 680
ESGN 58.57700 13.61600 259 120 650
ESGP 57.76600 11.86900 59 10 2035
ESGR 58.44900 13.96900 324 10 1733
ESGS 59.01300 11.34000 115 30 900
ESGT 58.32400 12.33700 137 150 1706
ESGU 58.36500 11.77300 120 30 599
ESGV 57.12300 12.22400 3 60 600
ESGY 59.08700 12.95700 151 10 870
ESIA 58.50900 14.49000 308 60 2270
ESIB 58.41800 12.71000 181 10 2260
ESKB 59.41700 17.88300 50 60 987
ESKC 59.92000 17.53400 62 30 630
ESKD 60.56000 14.38100 773 30 900
ESKG 60.29100 17.42100 105 180 900
ESKH 60.15700 13.52600 460 150 519
ESKK 59.34000 14.49100 400 30 1496
ESKM 60.96600 14.50600 634 160 1810
ESKN 58.78700 16.88000 140 80 2868
ESKO 59.79600 13.48700 279 30 700
ESKU 59.85700 13.11200 380 10 770
ESKV 59.67100 12.63900 237 10 1147
ESMA 56.60500 15.60200 442 10 1293
ESMB 56.86100 16.65400 118 30 625
ESMC 57.66200 14.94500 720 10 1000
ESMD 56.18700 13.74700 184 150 670
ESME 55.84200 13.33000 196 40 644
ESMF 56.38500 13.47100 378 170 550
ESMG 56.94500 13.91900 534 10 1150
ESMH 56.18600 12.57200 21 60 801
ESMI 55.59700 13.68300 118 120 800
ESMJ 55.99600 13.04700 276 110 800
ESMK 55.91200 14.08300 76 10 2212
ESML 55.94700 12.86100 194 120 1176
ESMN 55.68700 13.21300 80 30 630
ESMO 57.34200 16.49700 96 10 1502
ESMP 57.26000 13.59500 507 40 984
ESMQ 56.69700 16.27700 17 50 2046
ESMS 55.54800 13.37400 236 110 2796
ESMT 56.68100 12.81800 101 10 2258
ESMU 56.56800 14.16400 480 30 605
ESMV 57.28500 14.12600 556 40 2045
ESMW 56.53000 14.96200 426 10 610
ESMX 56.92000 14.72400 610 10 2101
ESMY 57.16600 13.43600 540 40 791
ESMZ 57.32600 17.06100 28 150 600
ESNA 63.74200 15.45200 1119 140 997
ESNB 63.16800 16.99100 433 140 820
ESNC 62.40700 13.73900 1460 60 997
ESND 62.04700 14.40500 1178 90 1694
ESNE 66.53300 22.36300 295 50 900
ESNG 67.13600 20.79700 1027 120 1707
ESNH 61.77200 17.07100 95 120 1316
ESNJ 66.50400 20.13400 904 140 1990
ESNK 63.05700 17.76600 34 170 1996
ESNL 64.55700 18.70100 705 140 1995
ESNM 63.13300 14.80300 1236 150 998
ESNN 62.53700 17.43700 16 160 2085
ESNO 63.41400 18.97100 354 120 2007
ESNP 65.40300 21.25800 43 160 997
ESNQ 67.81300 20.32000 1508 30 2494
ESNR 61.18600 14.70800 683 30 996
ESNS 64.62700 21.05600 155 100 2094
ESNT 62.48600 16.98600 886 120 1993
ESNU 63.79900 20.26900 24 140 2295
ESNV 64.58100 16.81800 1140 100 1496
ESNX 65.59900 19.25600 1245 120 2491
ESNY 61.26900 17.08100 88 30 2517
ESNZ 63.19900 14.47900 1231 120 2491
ESOE 59.21100 15.03300 188 10 2597
ESOH 60.02700 13.57800 474 180 1506
ESOK 59.43500 13.32800 352 30 2511
ESOL 60.58900 16.59200 210 60 620
ESOW 59.57800 16.62900 21 10 2576
ESPA 65.55500 22.09700 65 140 3339
ESPE 65.88000 20.12800 597 110 2221
ESQO 59.39400 15.91400 33 150 2000
ESSA 59.63700 17.91300 137 10 3295
ESSB 59.35900 17.92800 47 120 1890
ESSC 59.38000 16.44200 43 50 850
ESSD 60.42900 15.50000 503 120 2304
ESSE 59.34400 17.74700 17 30 800
ESSF 57.53000 15.80900 366 120 1940
ESSG 60.09200 15.09800 892 10 819
ESSH 58.98200 14.67000 389 30 900
ESSI 58.09300 14.39100 309 10 800
ESSK 60.60200 16.95200 224 180 1996
ESSL 58.41000 15.66300 172 110 2123
ESSM 59.60900 13.91900 588 80 800
ESSN 59.73400 18.70200 40 70 650
ESSP 58.58600 16.23200 32 90 2195
ESST 60.16400 12.98600 393 160 1587
ESSU 59.36000 16.70800 139 180 1882
ESSV 57.65400 18.34000 164 30 1996
ESSW 57.77700 16.52700 129 150 800
ESSX 59.57800 16.50900 25 50 850
ESSZ 59.10000 17.21400 56 30 630
ESTA 56.29800 12.84400 68 140 1932
ESTL 56.08700 13.17800 140 110 2264
ESTO 55.54300 14.00700 220 90 750
ESTT 55.38800 13.01900 12 30 784
ESUB 61.50900 16.37200 378 180 700
ESUD 64.97000 17.68500 915 150 2281
ESUE 61.87600 12.68100 1477 150 1559
ESUG 65.30800 17.97500 980 170 700
ESUH 62.63400 17.97600 271 100 610
ESUJ 62.56300 15.83900 427 140 720
ESUK 67.77000 20.24900 1549 50 1200
ESUL 61.81700 15.99800 485 90 620
ESUM 61.29300 16.84000 215 120 800
ESUP 67.24900 23.05500 542 110 1415
ESUR 63.49300 16.47800 660 140 800
ESUS 64.15700 17.28500 1011 120 1141
ESUT 65.81200 15.07500 1503 150 1596
ESUV 65.64800 21.06700 227 40 730
ESUY 61.38600 15.83900 515 110 700
ESVA 60.18300 16.12000 320 150 698
ESVB 57.84900 19.04000 66 90 671
ESVF 59.46100 17.72900 30 70 610
ESVG 60.55100 15.07600 575 80 600
ESVH 59.87100 14.42400 600 180 720
ESVK 59.02600 16.21800 132 160 800
ESVM 60.65500 13.72900 975 160 800
ESVQ 59.52600 15.96400 25 70 700
ESVS 60.78200 14.83300 611 140 921
ETAD 49.96700 6.68400 1197 50 3045
ETAR 49.43300 7.57900 781 80 3190
ETEJ 49.91700 10.91000 823 40 1149
ETHB 52.27700 9.06900 230 80 1828
ETHC 52.59000 10.00900 129 80 1825
ETHE 52.29100 7.38300 129 90 502
ETHF 51.11700 9.27900 566 120 1046
ETHL 48.22100 9.89900 1766 30 1641
ETHM 50.36400 7.30400 597 80 1615
ETHN 49.39100 9.95100 1536 70 999
ETHR 49.21700 11.09600 1268 90 548
ETHS 52.92000 10.16600 245 60 2432
ETHT 51.76700 14.28100 131 80 1572
ETIC 49.70200 11.93600 1363 140 1004
ETIH 49.21800 11.83200 1455 90 646
ETMN 53.76500 8.64000 74 80 2431
ETND 52.58500 8.33200 127 80 1291
ETNG 50.96100 6.02000 296 90 3041
ETNH 54.31000 9.52000 39 80 2432
ETNJ 53.53600 7.87000 24 100 2474
ETNL 53.92000 12.26000 138 100 2503
ETNN 50.82700 6.64200 386 70 2432
ETNS 54.45200 9.50200 70 50 2428
ETNT 53.54600 7.64900 26 80 2430
ETNU 53.60200 13.28900 228 90 2285
ETNW 52.45600 9.41400 187 30 1870
ETOI 49.63400 11.76000 1353 100 1043
ETOR 49.56100 8.45900 309 50 914
ETOU 50.04700 8.31100 461 70 2147
ETSA 48.06800 10.89300 2044 70 2056
ETSB 50.16400 7.05500 1568 30 2508
ETSE 48.32000 11.93300 1515 80 2514
ETSF 48.20600 11.24900 1703 90 2720
ETSH 51.76900 13.15000 265 90 2413
ETSI 48.70500 11.51900 1202 70 2938
ETSL 48.17600 10.85300 1822 30 2440
ETSN 48.71100 11.19500 1249 90 2434
ETUO 51.92300 8.29000 236 90 2245
ETWM 52.72200 7.32600 68 240 183
EVLA 56.51400 21.08200 16 70 1995
EVRA 56.93500 23.97300 34 180 2547
EVVA 57.35300 21.53800 19 30 1295
EYKA 54.96300 24.05900 256 80 3141
EYKS 54.88100 23.87300 246 90 1139
EYPA 55.96400 21.09000 33 10 1972
EYPP 55.73600 24.45100 197 130 2010
EYSA 55.90700 23.37900 443 140 3493
EYSB 56.07200 23.55000 270 100 997
EYVI 54.62400 25.27900 646 20 2502
FA00 26.31700 -80.27100 13 90 915
FA03 27.60100 -82.19300 109 180 702
FA07 30.20400 -85.82000 10 180 198
FA08 28.15800 -81.81700 139 40 1504
FA09 29.34100 -82.26800 200 90 824
FA11 30.61900 -83.26100 150 30 747
FA18 28.45100 -81.00700 18 90 1220
FA24 27.09600 -80.61200 9 180 549
FA26 30.53700 -84.45600 200 90 763
FA27 27.20500 -81.78100 60 90 732
FA29 30.12800 -83.55100 51 30 717
FA30 29.28300 -82.50000 65 180 763
FA36 29.51800 -82.87500 46 180 1192
FA37 26.12300 -81.70300 9 180 1328
FA40 28.28000 -82.65000 30 50 1037
FA54 26.85100 -82.25600 4 50 1281
FAAB -28.58400 16.53600 98 10 1849
FAAG -29.28800 18.80600 2648 70 2104
FAAL -22.68000 29.04900 2600 100 1446
FABB -26.23100 28.29900 5300 180 1440
FABE -32.90300 27.26800 1950 80 2500
FABL -29.10500 26.30200 4458 20 2561
FABM -28.24500 28.32900 5561 110 1312
FABO -27.37000 26.62400 4236 70 1219
FACT -33.98800 18.60900 151 10 3208
FACV -31.50200 19.72100 3250 90 1247
FADK -28.37400 32.24600 210 40 1224
FADN -29.97900 30.94300 33 60 2441
FAEL -33.03700 27.81200 435 60 1936
FAEO -26.49300 29.97300 5700 130 1528
FAFB -28.82600 27.90300 5315 80 1403
FAGC -25.97900 28.13600 5325 170 1831
FAGG -34.00600 22.36800 648 110 2001
FAGM -26.24300 28.14100 5483 110 1713
FAGR -32.19700 24.54000 2604 20 1276
FAGT -33.28100 26.49400 2135 40 1211
FAGY -29.12700 30.58100 3531 60 1618
FAHA -28.08200 26.85600 4399 80 1161
FAHR -28.23100 29.10200 5585 150 1203
FAHS -24.33800 31.04700 1743 90 3709
FAHV -30.56600 25.52000 4176 100 1309
FAJS -26.14600 28.23400 5558 30 4421
FAKD -26.86500 26.71600 4444 50 1501
FAKM -28.82000 24.76500 3950 20 3002
FAKN -25.39300 31.09800 2829 50 2602
FAKR -26.08300 27.72200 5499 80 818
FAKS -27.66500 27.30800 4700 30 1775
FAKU -27.46400 23.41100 4382 20 1709
FAKZ -29.69500 17.09300 270 20 1501
FALA -25.94800 27.91500 4517 60 3046
FALC -28.35600 23.43300 4900 150 1590
FALE -29.62500 31.10800 304 60 3705
FALI -26.17000 26.18300 4875 60 1267
FALL -30.40600 25.10000 255 40 1361
FALM -23.15800 29.67900 3069 100 4051
FALO -23.06300 29.85900 3025 100 1209
FALW -32.97800 18.16600 108 20 2345
FALY -28.58200 29.74400 3548 110 1201
FAMB -25.68000 29.43300 4886 20 1801
FAMD -24.81300 31.54000 1124 160 1421
FAMG -30.86300 30.34000 495 40 1371
FAMI -24.99300 29.28000 2980 60 1022
FAMJ -27.07600 29.77200 5600 140 1498
FAMM -25.81800 25.53900 4181 40 4623
FAMN -25.47500 31.56000 1153 90 1242
FAMS -25.71100 26.90700 4251 30 1424
FAMU -27.61800 32.04100 400 170 1850
FANC -27.77000 29.96900 4074 110 1501
FANY -24.68700 28.42900 3900 100 1220
FAOB -34.55400 20.25000 52 100 3117
FAOH -33.61500 22.18800 1063 40 1701
FAPE -33.99300 25.60100 226 80 1981
FAPG -34.08900 23.32100 465 120 1221
FAPH -23.94200 31.15700 1432 10 1374
FAPI -23.93100 29.47500 4354 80 2260
FAPJ -31.60800 29.51500 1227 90 1089
FAPL -27.35900 31.60300 890 160 698
FAPM -29.64300 30.39400 2423 160 1538
FAPN -25.34400 27.16500 3412 50 2752
FAPP -23.86000 29.45900 4076 10 2561
FAPS -26.67800 27.08000 4520 30 1485
FAPY -26.89400 27.49900 4740 60 1352
FAQT -31.92000 26.87600 3637 120 1198
FARB -28.74600 32.08800 109 50 1301
FARG -25.64000 27.26800 3700 160 1226
FARS -33.81200 19.90200 640 100 1501
FASB -29.69100 17.93200 2690 100 1589
FASC -26.52400 29.16500 5250 110 1100
FASD -32.97100 17.97000 50 20 1430
FASH -33.98400 18.82400 321 10 823
FASI -26.25500 28.39500 5340 30 1601
FASK -25.81800 28.16400 4780 20 1993
FASS -27.64200 22.99600 3848 170 1741
FASX -34.04400 20.46800 407 60 1003
FASZ -24.95500 31.58600 1020 170 1551
FATF -28.26700 22.99200 4360 30 1521
FATP -29.04900 26.16100 4547 10 1309
FATT -26.78300 29.33600 5313 40 1501
FATZ -23.82900 30.32400 1914 60 1421
FAUL -28.32600 31.41300 1720 20 1652
FAUP -28.38000 21.25200 2791 10 4903
FAUT -31.54400 28.66500 2400 90 1986
FAVB -26.97700 24.72700 3920 180 1201
FAVG -29.77400 31.05600 20 50 930
FAVM -22.45000 29.33100 2333 80 1539
FAVR -31.64400 18.53900 330 80 1300
FAVV -26.57700 27.95900 4846 30 1608
FAWB -25.65300 28.21200 4095 60 1829
FAWI -25.83800 29.19000 5078 40 1269
FAWK -25.84400 28.22500 4940 10 3355
FAWM -28.00400 26.66200 4399 70 2009
FAYP -33.90700 18.49900 52 20 1589
FAZR -25.60700 26.03800 4258 40 1971
FB00 -19.42400 22.54400 3170 60 995
FB01 -25.20300 25.71300 3850 50 858
FB02 -22.60000 28.27800 2450 90 1129
FB03 -26.89400 20.68700 2810 50 1096
FB04 -18.77300 25.23700 3200 70 998
FB05 -19.54200 22.59000 3170 120 1003
FB06 -18.52200 25.48100 3500 20 1196
FB07 -19.46200 23.37000 3130 120 1004
FB08 -18.53200 23.65400 3165 120 999
FB09 -21.42900 23.79900 3400 100 999
FB10 -20.99100 23.66100 3050 20 1054
FB11 -19.52700 23.08700 3100 140 997
FB12 -19.66100 26.03100 3390 160 1303
FB13 -19.32800 25.69800 3390 160 1199
FB14 -18.11500 25.29400 3488 110 1304
FB15 -21.26000 22.74000 3385 60 1400
FB16 -22.64700 24.75600 3200 60 1437
FB17 -23.64600 21.96600 2750 170 926
FB18 -21.71700 22.34500 3465 90 992
FB19 -21.40500 27.69000 3000 110 999
FB20 -18.63100 22.89500 3150 90 990
FB21 -18.95400 22.37600 3270 150 998
FB22 -20.19900 25.21000 3000 100 1091
FB23 -20.95400 23.66300 3200 40 1192
FB24 -23.99400 21.75500 3600 30 1102
FB25 -19.26600 22.46200 3240 100 1098
FB26 -19.31000 22.59300 3200 90 1007
FB27 -22.04800 29.02900 2200 120 948
FB28 -24.33800 20.63100 3800 20 1197
FB29 -19.58100 20.99700 3100 120 799
FB30 -21.20300 22.49900 3540 80 948
FB31 -22.06900 29.09500 2150 60 1193
FB32 -23.35200 24.60400 3800 180 801
FB33 -18.45200 23.67900 3100 60 994
FB34 -19.61300 23.03100 3103 150 1003
FB35 -22.00700 29.01300 2135 180 1201
FB36 -23.05300 27.89800 2650 30 899
FB37 -19.10000 23.28300 3100 120 1192
FB38 -18.35900 23.52700 3000 120 1000
FB39 -23.92900 21.84200 3575 180 1001
FB40 -23.33000 25.87900 3320 110 1020
FB41 -18.45800 23.80500 3100 140 1001
FB42 -22.91700 22.16300 3600 90 748
FB43 -23.86500 22.41400 3100 120 599
FB44 -24.37900 23.55000 3500 180 1001
FB45 -22.27200 20.02600 4140 50 1505
FB46 -19.32900 24.83100 3100 150 998
FB47 -23.70200 20.91100 3870 10 498
FB48 -24.09600 23.06700 3500 180 1001
FB49 -24.05300 23.29700 3600 40 937
FB50 -19.21200 22.78800 3155 60 999
FB51 -20.18700 24.17100 3200 80 995
FB52 -19.16700 25.61200 3200 90 998
FB53 -22.05200 28.99600 2100 60 854
FB54 -23.14100 20.28000 3600 50 1002
FB55 -23.11700 20.66700 4000 180 1101
FB56 -19.52700 23.13400 3150 110 604
FB57 -19.51200 22.77400 3100 140 899
FB58 -21.47000 21.80300 3760 20 1207
FB59 -24.75100 24.06800 3300 20 995
FB60 -19.02100 22.68900 3200 120 997
FB61 -25.02900 24.21200 3500 30 998
FB62 -19.29700 22.89700 3150 140 1015
FB63 -19.58800 22.84100 3160 150 1003
FB64 -18.13200 24.06300 3124 60 995
FB65 -19.50900 23.29200 3110 180 600
FB66 -19.51000 23.62600 3140 140 853
FB67 -22.17100 29.26900 3605 120 859
FB68 -24.51200 23.91700 3600 180 1001
FB69 -22.92100 27.95000 2640 60 1490
FB70 -18.56800 23.50800 3170 60 960
FB71 -18.81600 22.41200 3000 120 1102
FB72 -20.93600 23.81200 3050 60 997
FB73 -19.11000 23.15700 3100 90 1198
FB74 -19.61400 23.27900 3050 120 1003
FB75 -23.03600 27.73600 2725 60 1003
FB76 -24.01700 24.31300 3460 90 741
FB77 -22.21800 29.01400 1750 50 605
FB78 -19.49500 25.08100 3100 150 1185
FB79 -20.15700 22.44800 3200 100 1102
FB80 -24.17100 21.39800 3820 20 1006
FB81 -20.45900 25.15200 3080 90 948
FB82 -18.78000 21.73500 3275 90 800
FB83 -20.65900 24.57800 3050 110 898
FB84 -23.85400 23.64800 3700 30 1005
FB85 -20.48600 27.04800 3610 30 795
FB86 -23.37000 27.46300 2516 40 1001
FB87 -21.63000 21.37600 3450 90 1199
FB88 -18.95000 22.79800 3200 150 1013
FB89 -21.33400 25.99300 3000 80 1493
FB90 -22.33200 22.99500 3400 110 1096
FB91 -19.86500 21.06300 3670 110 899
FB92 -19.19900 23.43600 3175 80 834
FB93 -22.40300 20.39700 3750 40 989
FB94 -18.86700 22.69500 3150 90 1000
FB95 -19.38300 22.73800 3100 120 999
FB96 -18.70000 23.09600 3000 90 906
FB97 -19.67800 22.86400 3140 150 1002
FBCO -19.12500 23.09600 3150 140 891
FBFT -21.15800 27.46400 3283 110 2190
FBGH -25.43600 25.40300 4218 80 1103
FBGM -19.35000 22.14200 3150 70 1105
FBJW -24.60500 24.68300 3900 80 1669
FBKD -18.21200 23.39300 3100 90 1204
FBKE -17.83600 25.15300 3289 80 2006
FBKF -19.50100 20.99500 3600 80 1001
FBKR -19.14400 23.77700 3000 120 1005
FBKY -25.05400 25.31400 4200 30 1105
FBLT -21.42100 25.57300 3241 30 1000
FBMG -23.18200 27.49500 2747 120 1372
FBML -24.39400 25.49600 3790 30 975
FBMM -20.31100 23.90200 3100 80 890
FBMN -19.97600 23.42200 3093 80 1987
FBNN -19.68200 22.19600 3200 60 831
FBNT -20.23300 26.16100 2690 90 1095
FBNX -18.60300 22.07000 3250 120 898
FBOK -23.08300 21.88000 3500 90 747
FBPD -18.53100 25.62900 3600 120 1047
FBPY -22.55200 27.12800 3000 70 1104
FBSK -24.56200 25.90500 3299 80 3001
FBSN -20.55200 26.10800 2985 110 1635
FBSP -22.05700 27.82000 2925 120 1778
FBSV -18.52800 24.07000 3150 40 993
FBTE -24.03600 21.89600 3700 60 1007
FBTP -24.22700 25.33400 3750 80 2998
FBTS -26.03700 22.39800 3150 50 981
FBXB -19.54900 23.05600 3150 150 997
FBXG -19.05500 23.08700 3000 10 1017
FCBB -4.26100 15.24200 1048 50 3306
FCOO -0.53300 15.94200 1214 90 1796
FCOU 1.60700 16.03600 1158 20 2063
FCPP -4.80500 11.88400 55 170 2613
FD01 30.28200 -84.05100 34 140 650
FD02 29.48900 -82.02400 80 160 915
FD03 30.79900 -86.43800 200 70 549
FD04 29.09300 -82.03300 86 180 1905
FD08 28.50700 -81.61100 110 180 772
FD09 27.80600 -80.85900 75 180 915
FD13 30.41400 -85.75300 95 90 1346
FD14 29.37100 -82.05900 140 10 915
FD15 26.97900 -80.22300 19 90 824
FD20 26.79600 -81.48600 50 10 946
FD22 29.66300 -81.96100 159 50 1402
FD24 27.22100 -80.52500 26 90 876
FD25 27.56000 -80.50000 25 180 610
FD26 30.98400 -85.49200 180 180 549
FD27 30.36300 -82.23100 120 90 991
FD29 29.13100 -82.12400 75 90 915
FD30 27.41100 -80.53000 23 90 793
FD31 29.93200 -82.70100 20 180 793
FD33 28.21500 -81.99900 115 180 793
FD35 30.49600 -85.83900 100 180 1281
FD37 28.13700 -81.26700 80 90 671
FD38 26.65100 -80.29800 19 150 1220
FD39 27.15800 -80.69400 19 140 715
FD40 27.35000 -81.79300 75 180 1220
FD42 30.21100 -83.06000 90 90 1068
FD44 29.43300 -81.58700 60 180 976
FD48 30.25100 -81.45000 24 180 1977
FD49 28.77300 -82.13700 70 90 1220
FD50 30.11400 -83.18900 45 180 1037
FD53 28.45600 -82.21500 70 180 610
FD57 27.47200 -80.41700 18 180 580
FD59 26.87200 -81.71900 34 160 683
FD61 30.18000 -82.99800 104 180 793
FD63 29.25300 -81.20200 35 180 458
FD68 30.19300 -84.25400 15 10 1044
FD69 30.08700 -83.02000 69 90 675
FD70 27.33000 -81.03200 30 150 1220
FD71 30.05400 -82.98300 50 180 732
FD72 27.18600 -81.39100 148 180 763
FD74 28.06900 -80.90300 36 180 805
FD77 27.71200 -82.28800 100 90 915
FD81 29.70300 -82.42900 170 90 549
FD82 30.84100 -87.10900 180 90 595
FD83 28.26100 -81.38600 65 150 580
FD84 30.12500 -82.66700 200 90 717
FD86 29.02800 -81.45000 45 50 854
FD88 27.34200 -80.52700 25 90 961
FD89 30.82700 -87.36200 220 90 793
FD90 29.17200 -81.26800 35 150 976
FD92 28.73400 -81.08200 15 110 647
FD93 30.68600 -86.75100 150 90 778
FD94 30.85300 -87.24000 110 90 805
FD95 30.48700 -83.25000 95 180 732
FD96 26.83500 -81.08000 13 180 458
FDMS -26.53600 31.29700 2075 70 2599
FEFF 4.41000 18.51600 1208 170 2608
FEFT 4.22900 15.78500 1929 170 1712
FGBT 1.89900 9.80000 13 40 2004
FGSL 3.74500 8.70000 76 50 2938
FHAW -7.96300 -14.40600 278 130 3050
FIMP -20.42300 57.66900 186 140 3363
FIMR -19.75600 63.35500 95 120 1286
FJDG -7.30500 72.39700 9 130 3661
FKKC 4.08500 9.35600 151 50 1379
FKKD 4.01200 9.70800 33 30 2853
FKKL 10.45700 14.25000 1390 130 2101
FKKM 5.62900 10.74500 3963 40 2106
FKKN 7.34600 13.55500 3655 20 2644
FKKR 9.33500 13.35500 794 90 3359
FKKU 5.54600 10.34800 4347 150 2511
FKKV 6.05000 10.12100 4065 170 2516
FKKY 3.82800 11.52000 2464 30 1996
FKYS 3.70700 11.55100 2278 10 3419
FL01 27.62400 -81.61400 90 140 953
FL02 29.89100 -82.80100 72 130 508
FL03 30.00000 -82.36600 131 50 1853
FL05 30.17500 -82.61000 160 80 597
FL06 30.90600 -87.04400 255 180 610
FL07 30.25100 -82.92700 130 100 659
FL08 30.41800 -83.01700 93 180 549
FL09 30.34000 -83.14800 90 110 793
FL10 30.12000 -82.90900 90 90 1068
FL11 30.34900 -82.12400 100 90 549
FL12 30.59400 -84.03800 183 120 1647
FL13 30.06800 -81.96500 150 90 854
FL14 30.78000 -85.60300 69 90 915
FL15 30.41700 -85.30100 60 10 763
FL16 28.06300 -81.81700 125 180 915
FL17 30.52400 -86.43800 67 180 1007
FL18 30.09000 -83.05900 50 90 793
FL19 29.25100 -82.35400 74 180 1190
FL20 30.52500 -81.64500 20 70 824
FL23 27.49700 -80.53400 27 90 763
FL27 30.04100 -82.60500 120 50 854
FL28 30.06100 -82.17700 123 150 1481
FL29 27.36100 -80.57700 26 90 1220
FL31 25.55600 -80.55400 6 180 412
FL33 29.66800 -82.82900 55 90 595
FL34 30.64300 -86.74700 136 180 2440
FL35 30.58900 -86.45100 159 180 2434
FL36 30.88700 -85.19200 110 180 785
FL37 27.23800 -80.49800 30 90 1220
FL40 26.83600 -81.15100 18 180 1159
FL41 26.58100 -80.76200 14 90 1133
FL59 26.64800 -81.71400 23 60 1235
FL60 29.96800 -81.66600 21 50 1529
FL67 27.27800 -80.59100 24 90 906
FLKE -12.57100 27.88800 4636 110 1432
FLLC -15.41700 28.32200 4200 80 2030
FLLI -17.82100 25.81000 3302 100 2284
FLLS -15.32900 28.43400 3779 100 3946
FLMF -13.26000 31.92700 1853 90 2194
FLMG -15.25500 23.15500 3488 90 1505
FLND -12.99700 28.65400 4167 100 2515
FLSO -12.89800 28.14100 4145 110 2013
FM43 -12.24900 49.24500 200 130 2505
FMCH -11.54700 43.27000 93 20 2918
FMCI -12.29500 43.76100 46 130 1302
FMCV -12.13100 44.42400 62 100 1346
FMCZ -12.80200 45.27800 23 160 1862
FMEE -20.88600 55.50500 66 120 3224
FMEP -21.31500 55.41700 56 150 1866
FMMA -19.02600 47.16000 4757 120 2508
FMMI -18.79500 47.46400 4198 110 3098
FMMN -19.55900 45.44800 203 160 1104
FMMS -17.09900 49.81700 7 10 1057
FMMT -18.11900 49.39400 22 10 2215
FMMV -20.28500 44.31500 30 100 1495
FMNA -12.34600 49.28600 374 130 1495
FMNC -16.16300 49.76800 9 110 1258
FMND -14.65700 49.62000 1552 20 1272
FMNE -13.18700 48.98100 72 110 1497
FMNH -14.99400 50.31900 20 180 1198
FMNL -14.62900 47.75800 345 110 1199
FMNM -15.66000 46.34400 87 140 2205
FMNN -13.31900 48.30800 36 50 2200
FMNQ -16.74400 44.47600 125 80 1234
FMNR -15.43400 49.68400 13 140 1292
FMNS -14.27400 50.17200 20 160 1400
FMNV -13.37200 49.99800 19 140 1293
FMNW -14.90600 47.99400 92 10 1504
FMNZ -13.48000 48.62900 49 150 1360
FMSD -25.04300 46.95100 29 80 1499
FMSF -21.44400 47.10600 3658 80 1246
FMSG -22.80400 47.81600 26 130 1055
FMSK -22.12400 48.01900 33 50 1187
FMSM -21.20800 48.35600 20 40 1494
FMSR -21.75900 43.37300 16 40 1304
FMST -23.39200 43.72500 29 40 2006
FN18 -14.72700 15.00300 4120 100 2430
FN19 -9.65700 13.24800 360 80 3005
FNBC -6.26200 14.24400 1860 160 1823
FNBG -12.60400 13.39800 118 140 1604
FNCA -5.60800 12.18900 66 10 2513
FNDU -7.40800 20.81300 2451 40 1977
FNGI -17.03700 15.67000 3566 130 3242
FNHU -12.80700 15.74900 5587 110 2655
FNKU -12.40900 16.93700 5618 80 2503
FNLB -12.36500 13.53300 10 160 1524
FNLU -8.87700 13.21400 243 50 3703
FNLZ -9.12200 18.04600 2904 40 1509
FNMA -9.52000 16.30400 3868 130 2208
FNME -14.65000 17.70600 4469 130 3491
FNMO -15.26600 12.13600 210 80 2507
FNNG -7.74500 15.28300 4105 160 2404
FNPA -10.72500 13.76200 16 70 1003
FNSA -9.67900 20.42000 3584 140 3409
FNSO -6.14600 12.36400 15 70 2092
FNSU -11.17100 13.84400 36 50 963
FNUB -14.92500 13.56100 5778 100 2937
FNUE -11.76500 19.88700 4360 110 2404
FNUG -7.61200 15.02700 2720 10 1994
FNWK -11.43000 15.09300 4324 60 2000
FNXA -16.76500 14.96100 3635 30 2267
FNZG -7.71900 21.35000 2431 80 1804
FO22 -1.13400 13.91200 1660 60 2101
FOGK -1.17800 12.43700 1070 150 1788
FOGM -1.83700 11.05500 295 170 1805
FOGO 1.53600 11.57800 2158 30 1804
FOGQ -0.66700 13.66700 1325 80 1500
FOGR -0.71200 10.23900 82 40 2307
FOOB 2.08000 11.48700 1969 130 1748
FOOG -0.72000 8.75100 13 30 1909
FOOH -1.57000 9.25800 33 140 1615
FOOK 0.57500 12.88400 1726 60 1797
FOOL 0.47100 9.40600 39 160 3013
FOON -1.64500 13.43000 1450 150 3087
FPPR 1.66900 7.41000 591 180 1316
FPST 0.38100 6.70200 33 110 2226
FQ49 -21.16200 34.56200 98 170 1018
FQBR -19.79400 34.89700 33 60 2393
FQCH -19.16200 33.42800 2287 10 2417
FQIN -23.87100 35.40500 30 60 1504
FQLC -13.27800 35.25500 4505 80 2526
FQLU -15.04000 40.67200 33 10 1507
FQMA -25.92500 32.57000 145 50 3676
FQMD -11.66300 39.55900 2789 160 2363
FQMP -11.37000 40.35100 89 30 2010
FQMR -13.21900 37.54700 2480 150 1705
FQNC -14.49900 40.71100 410 20 2513
FQNP -15.11200 39.27500 1444 50 1992
FQPB -12.98600 40.52200 331 80 1810
FQQL -17.84700 36.86800 36 90 1807
FQSG -15.59900 32.77200 2904 160 911
FQTT -16.11600 33.64000 525 10 2519
FQUG -14.69700 34.34900 4265 160 1807
FQVL -22.01100 35.31000 46 100 1476
FSAL -7.00000 52.72300 10 150 1218
FSAS -9.73900 46.50200 10 130 1209
FSDA -5.41300 53.29400 9 160 804
FSDR -5.69500 53.65000 10 120 1381
FSFA -10.10700 51.17300 10 130 926
FSIA -4.66700 55.51100 10 130 2990
FSPP -4.31400 55.68800 10 150 1408
FSSC -7.13100 56.27300 10 130 1404
FTTC 13.84800 20.83000 1788 90 2796
FTTD 8.61800 16.06700 1407 40 1808
FTTJ 12.12500 15.02500 968 50 2803
FTTY 17.91000 19.10000 771 60 2802
FV76 -18.99600 30.01900 4025 80 1711
FV77 -16.91500 30.23700 4078 50 1560
FVBU -20.01600 28.61500 4359 20 2597
FVCN -16.73500 31.11700 4058 90 1086
FVCP -17.75500 30.92000 4845 60 1189
FVCZ -21.00300 31.57200 1421 140 1765
FVFA -18.09200 25.82900 3490 120 2348
FVHA -17.94700 31.07700 4887 50 4728
FVKB -16.52100 28.87700 1706 90 1652
FVMD -16.76900 31.55500 3240 100 1111
FVMT -17.43200 32.17900 3950 90 1105
FVMU -18.99600 32.62300 3410 120 951
FVMV -20.05500 30.85900 3595 100 1733
FVOT -16.98400 32.66800 2450 110 1094
FVSH -20.28500 30.08500 3012 160 1204
FVSK 61.93500 -147.17500 3289 30 732
FVTL -19.43100 29.85000 4680 130 2671
FVWN -18.63800 27.00100 3543 80 4605
FWCL -15.67700 34.95900 2555 100 2319
FWKA -9.94900 33.88900 1765 140 1282
FWKG -13.01600 33.46300 3470 80 1198
FWKI -13.77900 33.76800 4035 140 3544
FWLE -13.96300 33.69400 3722 90 1414
FWUU -11.43900 34.01000 4115 170 1314
FWZA -15.38600 35.37900 2650 90 1248
FXMM -29.47000 27.55000 5348 40 3207
FXMU -29.31000 27.50100 5105 40 1372
FY00 -25.35400 16.09500 3380 50 1209
FY01 -23.99100 16.07700 3510 90 894
FY02 -20.02000 13.73200 1994 30 182
FY03 -21.51700 15.56900 3815 40 1197
FY04 -20.37500 16.93300 5133 90 1397
FY05 -17.54900 17.69300 3800 100 1508
FY06 -19.35900 18.32000 4230 120 699
FY07 -24.43200 18.09700 3953 90 982
FY08 -22.73300 16.13000 5200 90 636
FY09 -25.88900 16.93100 4220 20 1373
FY0A -24.82500 18.76700 3500 170 1591
FY0B -21.93200 17.74400 5000 80 1203
FY0C -27.43500 16.56500 3172 90 10
FY0D -23.01200 17.68100 4800 150 992
FY0E -27.66700 15.55000 100 90 20
FY0F -23.76200 18.29400 4140 10 892
FY0G -22.22700 15.41600 2900 90 10
FY0H -23.56400 18.31800 4300 180 1201
FY0I -21.46900 13.86600 30 20 499
FY0J -25.87300 17.77800 3200 50 1198
FY0K -22.30200 17.19300 6450 50 1595
FY0L -23.72100 16.07200 3500 30 796
FY0M -18.41700 12.03100 30 90 549
FY0N -25.55000 16.75000 5100 90 10
FY0O -23.39400 16.16300 3800 60 694
FY0Q -25.86700 16.81700 4586 90 10
FY0R -20.10100 15.29700 3992 80 996
FY0S -20.74500 14.30000 3100 90 10
FY0T -20.44800 14.28800 2400 90 1094
FY0U -23.85600 19.15700 4000 180 600
FY0V -25.26800 16.54000 4840 180 1490
FY0W -24.32800 15.83200 3000 170 1096
FY0X -23.75400 18.41600 4000 10 948
FY0Y -21.54000 16.38700 4750 60 1003
FY0Z -21.07800 16.41200 5400 140 1406
FY10 -21.19700 17.81600 4700 110 1193
FY11 -19.62100 17.19400 4517 90 995
FY12 -21.76700 16.64000 4900 90 2003
FY13 -21.42400 19.27200 4734 90 1201
FY14 -19.70000 14.77800 3720 90 1204
FY15 -20.76700 14.03600 1929 90 10
FY16 -23.09900 15.53200 3000 90 1207
FY17 -19.39000 17.31000 4190 60 1200
FY18 -20.93900 16.14800 5095 180 500
FY1A -27.50500 17.52100 2985 80 1000
FY1B -24.21500 17.41500 4200 140 642
FY1C -23.76300 16.26700 5600 180 823
FY1D -23.14700 18.11400 4700 140 903
FY1E -28.63300 17.87500 1836 90 1532
FY1F -28.83300 18.15900 1000 90 1539
FY1G -23.38200 17.75300 4435 160 449
FY1H -23.36500 17.79600 4490 70 1000
FY1I -24.50000 17.83000 3300 90 637
FY1J -24.62000 17.53200 3840 20 818
FY1K -21.79000 19.10300 4900 40 800
FY1L -21.96600 18.49700 5114 110 681
FY1M -22.94700 16.65200 5889 90 799
FY1N -19.76300 15.47900 4100 90 1193
FY1O -20.13400 16.60000 4600 40 882
FY1P -26.16000 14.95200 18 10 1195
FY1Q -24.09600 17.30200 4297 40 1194
FY1R -19.71700 13.39700 2168 40 122
FY1S -19.78000 13.40200 2106 40 115
FY1T -22.72000 15.07900 1000 50 1057
FY1U -20.81700 16.72000 5300 120 827
FY1V -23.74700 18.09300 4150 90 10
FY1W -20.89900 16.20300 5060 120 997
FY1X -17.93900 24.14200 3060 90 11
FY1Y -21.25400 16.06500 4448 20 1197
FY1Z -19.41500 14.63800 4200 60 1190
FY20 -19.41700 13.82800 2000 90 1059
FY21 -23.32900 17.94400 4300 70 1196
FY22 -23.79200 16.65100 5300 90 1068
FY23 -27.98100 19.03400 2850 20 1103
FY24 -19.84200 13.65700 2683 40 246
FY25 -19.72100 13.50600 2604 90 502
FY26 -25.45300 17.16600 4800 10 700
FY27 -24.84700 15.90800 2828 180 1001
FY28 -22.83300 15.37600 2240 90 1527
FY29 -25.26600 19.38900 3400 160 995
FY2A -23.80000 17.66300 4300 90 641
FY2B -24.05000 18.19700 4000 90 630
FY2C -28.06700 16.94400 200 90 10
FY2D -20.78700 16.16200 4700 50 1194
FY2E -22.68300 17.86700 4800 90 10
FY2F -25.11100 16.89400 4685 180 1301
FY2G -21.73400 16.44300 4625 180 901
FY2H -21.23300 17.45000 4625 90 10
FY2I -17.67800 18.23000 3733 90 11
FY2J -22.32000 16.30100 3200 60 998
FY2K -23.58300 16.25800 4000 90 1743
FY2L -26.92200 17.91300 3300 40 606
FY2M -23.09200 15.95200 3900 90 603
FY2N -24.40000 16.81700 4890 90 10
FY2O -18.00000 20.89100 3400 90 1988
FY2P -22.13300 17.46200 5700 90 896
FY2Q -22.27600 18.99600 4957 50 1497
FY2R -19.92100 15.16400 3916 80 892
FY2S -20.38300 18.16100 4000 90 1199
FY2T -22.36400 16.32900 3281 120 998
FY2V -18.06700 16.23300 3500 90 11
FY2X -20.96700 18.16100 4400 90 1194
FY2Y -21.11600 16.08500 4700 130 1200
FY2Z -23.66400 18.38600 4150 10 994
FY30 -21.23600 16.66300 4500 50 904
FY31 -21.08300 15.49700 4000 90 643
FY32 -17.50000 14.99400 3500 90 1209
FY33 -18.70000 13.91100 4800 90 1201
FY34 -21.66900 15.66700 4500 70 1176
FY35 -18.81900 14.67800 3862 110 898
FY36 -23.17000 19.51600 4300 10 735
FY37 -19.85800 14.98900 3445 60 1002
FY38 -20.06700 18.26700 3800 90 10
FY39 -20.39700 17.41700 4500 180 600
FY3A -18.16400 12.56500 2600 50 1527
FY3C -21.76900 17.35700 5800 180 1801
FY3D -19.79900 15.17100 3737 60 1002
FY3E -21.90300 17.81500 5550 50 1295
FY3G -21.30500 17.89800 4888 20 1208
FY3H -20.49100 17.31000 4900 90 1104
FY3I -19.23500 14.49500 4000 90 1302
FY3K -19.97600 13.82900 2555 90 1097
FY3L -24.09700 15.87700 3172 90 1299
FY3M -23.30400 18.36600 4300 10 972
FY3N -23.40900 15.99900 3000 160 801
FY3O -23.58300 17.97900 4200 90 897
FY3P -21.61100 16.05300 4300 90 1396
FY3Q -19.28800 14.64400 4156 90 94
FY3R -18.99700 12.50000 30 180 756
FY3S -21.19100 16.05800 4600 50 1055
FY3T -25.36500 16.69500 4920 110 1134
FY3U -22.42900 17.08500 5068 90 10
FY3V -20.73300 16.06300 4400 90 697
FY3W -19.24100 15.29100 3850 60 1105
FY3X -28.72100 18.50200 2150 90 1092
FY3Y -18.28300 12.71300 2500 90 729
FY3Z -20.24800 15.46400 3500 130 762
FY40 -22.00100 17.47900 5800 70 901
FY41 -24.26700 18.24700 3800 90 608
FY42 -28.17300 16.87600 180 70 607
FY43 -19.10800 20.68700 3635 90 893
FY44 -22.83300 16.58300 5500 90 10
FY45 -26.83500 17.33100 3000 50 637
FY46 -22.28300 19.98000 4500 90 731
FY48 -20.93800 17.76500 4000 20 1100
FY49 -21.54200 18.59400 5000 30 1489
FY4A -24.98300 16.29600 4800 90 726
FY4B -22.86300 17.57600 5150 70 1190
FY4C -22.81800 17.55200 5300 50 603
FY4D -21.22700 13.74600 113 70 895
FY4E -21.67900 15.92600 871 80 1522
FY4F -24.35000 15.93300 3402 90 10
FY4G -22.51700 18.21400 4900 90 606
FY4H -17.40400 13.82200 2500 70 1198
FY4I -23.72800 16.19200 5640 30 898
FY4J -21.18800 15.19800 3500 20 1197
FY4K -21.96800 18.24800 5000 50 614
FY4L -28.69700 18.77100 2684 60 1097
FY4M -22.99000 18.46000 4700 40 1989
FY4N -25.89100 16.26900 4094 90 1200
FY4O -23.44500 18.01700 4260 180 1001
FY4P -21.91700 18.11300 5100 90 732
FY4Q -19.91900 15.57700 4350 10 1197
FY4R -21.65000 18.76400 5100 90 641
FY4S -22.33300 15.09600 2500 90 761
FY4T -22.66700 16.12900 4000 90 893
FY4U -24.44900 16.16300 3650 50 1798
FY4V -25.86700 18.13300 3600 90 10
FY4W -18.78200 17.96300 3800 120 826
FY4X -18.80000 13.39600 2500 90 737
FY4Z -21.20000 13.68300 100 90 10
FY50 -23.75000 17.95000 4200 90 10
FY51 -19.61700 16.82900 4300 90 974
FY52 -20.39400 15.42300 3208 90 1595
FY53 -24.18000 15.96800 3540 90 954
FY54 -21.22900 13.89900 2500 40 505
FY55 -19.11700 12.61700 100 90 11
FY56 -23.67700 16.49900 4200 90 10
FY57 -21.89700 16.32800 4600 70 1395
FY58 -22.64800 15.79300 4500 10 1320
FY59 -24.50000 18.53000 3700 90 729
FY5A -27.58300 16.69700 3900 90 631
FYAA -27.99300 17.59100 1500 90 1492
FYAB -26.80200 19.64800 3300 90 10
FYAH -21.29700 15.39500 3330 40 801
FYAI -21.82100 15.61700 3316 50 1000
FYAK -28.45000 17.45600 984 140 2496
FYAM -23.64000 19.33600 4100 30 898
FYAN -24.12200 19.11400 3900 180 1701
FYAR -22.46400 14.97100 1905 100 1919
FYAS -26.66600 16.28600 4720 110 1437
FYAV -28.11300 19.82300 2400 90 726
FYBA -21.41700 16.52900 5200 90 901
FYBE -24.62300 15.99100 2950 70 1001
FYBG -18.09400 21.61900 3300 80 1105
FYBJ -23.86500 17.98300 4140 90 2796
FYBR -26.99300 17.76400 3000 90 10
FYBW -17.78300 22.58300 3300 90 11
FYBY -19.61300 15.41900 4300 90 1697
FYCB -23.95000 14.46700 0 90 10
FYCC -21.76600 13.98700 10 50 719
FYCO -23.83300 18.83300 4100 90 10
FYCV -21.73300 18.51200 5207 90 1002
FYDC -20.43200 14.12000 1800 50 1089
FYEA -19.80200 13.93400 3270 40 1205
FYED -19.54300 18.82900 3800 90 1792
FYEF -17.02800 13.20600 2500 110 950
FYEH -17.48600 13.81500 3750 90 11
FYEK -21.68500 19.10900 4850 180 1001
FYEM -22.89100 15.69600 3900 90 1526
FYEN -17.48500 16.31400 3660 90 1746
FYEO -21.22700 16.02200 4460 30 1299
FYEP -19.41900 15.67400 3871 110 1495
FYER -19.29800 14.54800 5584 90 997
FYET -22.19100 15.75100 3561 30 1390
FYEU -17.45300 14.52400 3690 90 902
FYGC -24.85800 18.82200 3600 150 638
FYGF -19.60500 18.11600 4636 80 3564
FYGI -25.12700 17.75800 3100 90 735
FYGK -24.67100 15.78300 2300 110 1795
FYGL -21.33000 16.08200 4100 60 1197
FYGM -24.42100 16.71300 4400 40 1118
FYGN -27.75800 18.34400 3800 90 10
FYGO -23.55200 15.04000 1400 40 902
FYGP -20.25000 16.66700 4500 90 10
FYGT -20.02800 15.06000 3800 90 1097
FYGW -22.36700 16.13000 3000 90 699
FYHA -21.72200 19.34300 4800 90 1002
FYHC -20.48800 17.00700 5120 80 2296
FYHH -25.89200 16.81000 4400 130 915
FYHI -19.03600 16.45700 3650 10 1829
FYHL -19.97500 14.76900 3000 70 1258
FYHM -24.88900 16.19200 4470 90 1200
FYHN -22.10700 14.29600 120 60 1497
FYHS -27.63400 17.69300 2316 30 1002
FYHT -19.33000 14.36200 3700 60 1600
FYHV -17.37600 12.25300 2045 10 1095
FYIA -24.09200 17.95100 4000 10 892
FYIB -22.95200 17.64100 5100 60 1004
FYIH -21.11900 15.88700 4300 60 1495
FYII -17.77400 25.18000 3058 100 1300
FYIM -17.77500 23.30100 3300 90 1302
FYIR -21.00000 17.33300 4400 90 10
FYKB -28.03300 18.73000 3265 70 1944
FYKC -27.66200 17.84000 3124 30 1104
FYKE -25.63400 19.86100 3150 150 798
FYKG -17.56900 17.21800 3600 90 996
FYKI -18.77000 12.57400 800 60 745
FYKL -23.61800 17.86700 4400 90 1009
FYKM -17.63600 24.16600 3144 90 2290
FYKN -20.86800 16.63500 5357 60 1300
FYKO -19.70000 17.71300 5200 90 701
FYKP -20.12800 17.00100 4900 180 1601
FYKR -20.04600 16.73100 4500 150 1105
FYKS -25.95000 19.11100 3150 90 1200
FYKT -26.55000 18.10800 3506 40 2303
FYKU -20.65900 13.86200 800 50 1195
FYKW -17.44200 13.27000 3800 90 1199
FYKX -20.36700 15.05200 3296 90 1199
FYKY -25.11700 16.26700 4143 90 10
FYKZ -23.33000 18.36300 4400 140 1001
FYLR -18.97900 17.85200 3900 90 1546
FYLS -18.11400 23.38700 3180 110 1294
FYLV -23.50400 18.78200 4100 10 994
FYLW -24.99700 18.54700 3700 140 994
FYLZ -26.69200 15.24100 457 40 1840
FYMB -24.62000 14.69500 46 30 896
FYMD -19.53000 19.72900 4000 80 1500
FYMF -17.29500 12.43300 2500 170 893
FYMG -22.02500 17.36300 5100 20 1692
FYMI -21.87300 14.07500 43 50 992
FYML -24.61200 17.92700 3650 10 2007
FYMP -21.73100 17.88500 5633 180 1290
FYMR -21.09300 16.22600 4850 60 1199
FYMS -24.69100 19.85400 3580 130 501
FYMT -18.73500 18.57700 3800 110 995
FYMU -18.82400 17.13800 3600 80 1400
FYMW -19.39700 12.74100 30 10 1197
FYNB -22.04500 16.17800 4101 40 999
FYND -28.70200 17.61700 6200 90 1395
FYNG -19.33100 15.90700 3775 70 1700
FYNL -17.98100 23.30500 3181 110 1093
FYNN -23.99200 15.92900 3500 130 1201
FYNP -17.76300 18.44800 3700 140 1396
FYNR -24.45700 16.22200 4000 40 998
FYNS -26.89300 18.60000 3041 90 10
FYNT -26.04100 16.22300 4590 50 1204
FYNU -19.56600 15.72800 4020 60 1199
FYOA -17.88400 15.94000 3599 80 2989
FYOB -21.21700 16.29500 4200 90 1099
FYOD -22.16900 16.29600 2210 80 1201
FYOE -18.00000 22.29300 3400 90 1459
FYOF -21.59800 17.86400 5345 160 1005
FYOG -28.59200 16.44700 14 20 1606
FYOH -17.88400 15.06700 3600 90 11
FYOJ -20.06800 16.12000 4343 80 1854
FYOK -20.60200 17.46200 4400 90 1520
FYOM -21.41800 15.92600 3983 90 1605
FYON -22.00200 16.88100 4900 50 697
FYOR -21.75600 16.49000 4930 50 1296
FYOS -17.78400 15.69200 3600 170 1333
FYOT -23.96700 19.70000 4000 90 10
FYOV -19.63200 17.31200 4658 110 970
FYOZ -20.63300 17.06000 4900 90 1405
FYPA -22.29900 17.06300 4700 180 1001
FYPO -23.63500 17.73200 4265 170 2494
FYPR -21.61100 17.70500 5291 90 1199
FYPU -18.76000 12.94600 886 10 993
FYPW -19.87600 13.93800 3200 70 1368
FYRC -17.42100 14.37200 3765 110 2168
FYRF -19.76300 17.85600 4955 100 1701
FYRH -23.29500 17.01200 4950 160 1902
FYRO -20.61400 17.18400 4714 90 1197
FYRP -27.96100 16.74900 1274 150 1204
FYRR -20.54000 14.42900 2100 60 890
FYRS -23.28700 16.10100 3832 100 1101
FYRU -17.96100 19.70400 3627 80 3344
FYRW -24.96200 16.00500 3168 100 1801
FYRZ -23.54100 15.83500 2800 90 1600
FYSC -25.72100 16.37400 4000 180 1001
FYSE -24.50900 19.87000 3600 10 1196
FYSF -19.10600 13.64400 1800 40 1200
FYSG -18.00000 21.36200 3400 90 899
FYSI -17.98000 20.52900 3455 120 1350
FYSL -24.80900 15.88400 2854 50 1496
FYSN -22.11000 16.97000 4900 90 896
FYSO -23.88300 16.01300 3800 100 796
FYSP -24.33300 18.43300 4000 90 10
FYSR -18.76800 12.38100 500 50 452
FYSS -24.50400 15.76000 2500 180 1890
FYST -23.99700 18.54800 4000 150 849
FYSU -24.48600 15.81100 2500 130 1199
FYSV -24.62900 15.93200 2800 90 1294
FYSW -23.50000 16.05000 3100 90 10
FYTB -22.39200 15.79400 3100 120 759
FYTE -19.96500 13.02100 23 150 1522
FYTF -20.54300 14.35200 1800 100 1998
FYTJ -20.89600 15.54900 2800 160 901
FYTL -21.84300 20.72500 4100 100 1835
FYTM -19.26000 17.72600 4353 120 1522
FYTN -21.16200 18.75000 4800 180 1001
FYTO -20.22000 13.19900 100 10 755
FYTR -25.45600 19.43800 3500 90 10
FYTS -17.75200 14.88200 3628 90 11
FYTT -25.24800 10.05900 3400 40 850
FYTW -20.76300 16.80000 4700 10 1197
FYTZ -21.93000 17.12900 4230 100 1298
FYUE -17.75000 15.83300 3600 90 11
FYUK -21.98800 15.60200 2954 80 1101
FYUS -21.22700 14.86400 2700 40 1703
FYVA -21.16700 16.91700 4500 90 10
FYVK -26.96800 17.51500 2854 40 995
FYWB -22.98300 14.63500 299 90 2128
FYWD -25.10900 15.99000 3400 130 1800
FYWE -22.61500 17.08100 5575 10 2259
FYWH -22.49000 17.45000 5640 80 4572
FYWI -22.70500 18.48000 4688 90 10
FYWK -22.43100 14.46700 20 180 456
FYWL -20.33700 17.52600 4547 60 1194
FYWM -28.45000 18.71300 2500 90 635
FYZR -24.52300 16.29300 4480 140 1148
FZAA -4.39700 15.42700 1027 60 4702
FZAB -4.32900 15.32000 915 80 1684
FZAG -5.93700 12.34900 89 40 1486
FZAI -5.92600 12.43800 394 50 2405
FZBO -3.31000 17.37600 1053 110 1379
FZCA -5.04100 18.78100 1572 60 1577
FZEA 0.03200 18.28800 1040 180 2210
FZFD 4.24900 20.96200 1509 70 3202
FZFK 3.23700 19.76200 1378 110 1996
FZFP 4.15200 21.66100 1801 50 2021
FZGA 2.16400 21.49000 1509 50 2194
FZIA 0.51900 25.14500 1289 100 2207
FZIC 0.49100 25.32500 1417 130 3496
FZJH 2.83500 27.58000 2438 130 2514
FZKA 1.56700 30.21200 4045 100 1853
FZKJ 2.81600 24.78500 1378 70 2086
FZMA -2.30000 28.80600 5643 170 1998
FZNA -1.66200 29.23800 5089 180 2006
FZNI -0.72400 29.69600 3248 20 2019
FZOA -2.90900 25.91500 1630 180 2216
FZQA -11.59700 27.51700 4295 70 3237
FZQM -10.76400 25.49800 5007 110 1747
FZRF -5.88000 29.24300 2569 60 1752
FZSA -8.63300 25.25600 3543 130 2704
FZUA -5.89700 22.46000 2139 110 2196
FZWA -6.11300 23.56600 2221 170 2000
GA01 33.20100 -84.08500 722 180 690
GA02 33.34900 -83.96500 720 20 519
GA03 34.86700 -85.20100 795 30 610
GA04 33.36400 -84.16900 837 70 854
GA06 33.33600 -83.73100 690 140 1190
GA08 32.69400 -84.49800 659 170 599
GA10 33.08500 -84.36100 854 120 641
GA12 31.58900 -84.39100 240 180 1281
GA13 31.53500 -84.00700 297 90 976
GA14 31.40300 -84.33200 170 90 1687
GA15 33.71100 -83.58100 740 150 580
GA16 33.72500 -83.57000 710 100 641
GA17 32.17400 -83.97400 320 180 1068
GA18 34.83300 -83.41400 1650 90 854
GA19 32.15600 -81.89200 185 80 732
GA1A 14.42900 -11.44500 161 70 1159
GA20 30.81400 -81.46300 26 140 854
GA21 31.46200 -81.34200 10 110 610
GA22 31.43800 -84.71300 250 80 915
GA25 30.69400 -82.57000 118 150 671
GA27 33.47000 -84.85600 780 90 763
GA28 33.32400 -82.16100 465 90 763
GA29 33.15500 -84.43400 843 70 503
GA30 33.19800 -82.27000 400 60 732
GA31 33.17900 -84.48000 780 180 610
GA34 32.03000 -82.04400 202 40 641
GA35 32.16000 -81.40000 30 130 824
GA36 34.39600 -84.24500 1425 150 1220
GA39 31.98600 -81.25000 10 120 805
GA41 32.61100 -82.29900 288 30 732
GA42 31.61300 -83.88400 330 10 854
GA44 33.08200 -85.03200 650 180 519
GA45 31.54400 -81.53900 26 100 793
GA46 13.25500 -10.51100 538 90 1506
GA47 31.18800 -82.27400 134 180 717
GA48 30.94300 -81.53500 20 110 686
GA49 32.93100 -84.14200 730 170 763
GA53 33.81500 -84.37300 810 90 259
GA59 33.09800 -84.06200 800 50 763
GA61 33.26600 -84.50000 780 50 793
GA62 33.25900 -84.40000 820 180 917
GA63 32.17900 -83.90300 354 90 580
GA65 34.44200 -84.92000 660 180 1068
GA67 34.76600 -83.59400 1840 30 491
GA68 33.11200 -84.45000 800 20 671
GA73 33.16100 -84.45700 850 80 732
GA74 33.04100 -84.41600 850 80 763
GA75 33.09100 -84.40500 784 180 824
GA76 33.15500 -83.90100 620 90 473
GA77 34.13300 -85.11300 810 10 566
GA79 33.34800 -84.91100 800 180 610
GA80 33.78500 -83.99100 940 150 793
GA81 33.61600 -83.78700 760 80 854
GA82 33.59800 -83.80800 700 120 869
GA83 33.54900 -83.80800 740 140 610
GA87 34.69600 -84.01400 2800 20 610
GA88 33.63500 -84.21100 830 60 659
GA90 33.45200 -84.41300 875 90 610
GA91 33.39500 -84.46000 885 180 558
GA92 33.51900 -84.51600 990 60 336
GA93 33.44500 -84.41100 870 90 763
GA94 33.49000 -84.48900 900 180 437
GA95 33.52500 -84.50400 1010 50 458
GA98 32.55800 -83.94000 561 180 824
GA99 32.55400 -83.80200 468 180 1098
GABS 12.52700 -7.96000 1246 60 2708
GAGO 16.24300 -0.01600 870 70 2498
GAKY 14.48000 -11.41200 164 90 1603
GAMB 14.50500 -4.08800 906 50 2546
GASO 11.59600 -5.80700 1301 80 1600
GATB 16.72700 -3.01700 863 70 2109
GATS 20.23500 0.96900 1621 50 2503
GBYD 13.34900 -16.66500 95 140 3603
GCFV 28.44200 -13.86400 85 10 2409
GCGM 28.02900 -17.22200 715 90 1497
GCHI 27.82000 -17.89000 337 160 1252
GCLA 28.61700 -17.75500 107 10 2206
GCLB 27.78100 -15.51100 0 250 820
GCLP 27.91900 -15.39200 77 30 3109
GCRR 28.93600 -13.61100 0 30 2405
GCTS 28.03900 -16.58800 209 80 3196
GCXO 28.48800 -16.35800 2076 120 3402
GE99 34.91000 -83.46600 2724 50 1545
GEML 35.28600 -2.96100 156 150 1466
GFLL 8.62100 -13.20900 84 120 3202
GG64 11.53900 -14.76600 165 140 1209
GGCF 11.28200 -15.18700 65 60 1902
GGOV 11.87700 -15.65400 129 30 3202
GLMR 6.28300 -10.76400 25 50 1834
GLRB 6.22100 -10.37000 31 40 3361
GM47 29.01700 -10.06200 984 50 3053
GMAA 30.38300 -9.56100 89 100 2918
GMAD 30.32300 -9.42800 250 100 3202
GMAT 28.44000 -11.16600 653 30 2006
GMFF 33.92700 -4.99500 1900 90 3188
GMFI 33.49700 -5.15800 5459 30 2113
GMFK 31.95700 -4.41500 3428 130 3223
GMFM 33.87200 -5.52500 1890 80 2825
GMFO 34.78000 -1.93800 1535 60 2997
GMMA 26.74400 -11.69200 350 160 3004
GMMB 33.66600 -7.23200 627 140 3076
GMME 34.03800 -6.76100 276 40 3505
GMMH 23.70600 -15.93800 36 30 3012
GMMI 31.40600 -9.68600 384 160 2093
GMML 27.13000 -13.23500 207 20 2709
GMMN 33.38400 -7.59400 656 170 3725
GMMW 34.98600 -3.04400 574 80 2994
GMMX 31.60800 -8.05300 1545 100 3099
GMMY 34.29600 -6.61200 16 30 2434
GMMZ 30.94500 -6.92300 3782 120 2987
GMSL 34.22500 -6.06800 179 80 3440
GMTA 35.18800 -3.84100 95 180 2509
GMTN 35.58800 -5.33000 10 60 2302
GMTT 35.73300 -5.94000 62 70 3494
GO66 15.53700 -14.96000 66 20 1602
GODK 12.89300 -14.97100 33 20 1507
GOGG 12.55500 -16.28900 75 100 1543
GOGS 12.39800 -16.75100 52 150 1452
GOOK 14.14200 -16.05700 26 60 1600
GOOY 14.75700 -17.48100 85 30 3508
GOSS 16.05900 -16.46400 9 10 1908
GOTB 14.84300 -12.47500 98 70 1751
GOTK 12.57400 -12.22800 584 110 1798
GOTT 13.73100 -13.66000 161 60 2000
GQNA 16.70500 -9.64200 951 40 1604
GQND 18.56700 -11.43000 1316 70 1589
GQNF 16.58700 -11.41300 423 70 1587
GQNI 16.62100 -7.32600 758 90 2103
GQNK 16.15400 -13.51800 75 70 2503
GQNN 18.08700 -15.95700 7 50 3018
GQNS 15.17600 -12.21300 262 70 1601
GQPA 20.49500 -13.05000 758 40 3013
GQPP 20.92200 -17.03300 16 20 2436
GQPT 25.22600 -11.58800 1194 10 2304
GROM 60.70900 30.12900 230 120 2502
GUCY 9.56700 -13.62300 72 60 3302
GUFA 10.34600 -13.57500 499 60 1610
GUFH 10.03400 -10.78100 1476 90 2369
GULB 11.32000 -12.29400 3396 60 2002
GV01 17.19600 -25.08800 0 120 366
GVAC 16.72100 -22.94900 177 10 3299
GVBA 16.13100 -22.89100 69 30 1227
GVMA 15.15100 -23.21400 36 20 1202
GVNP 14.93200 -23.48800 230 30 2104
GVSN 16.58200 -24.28400 669 10 1407
GVSV 16.82800 -25.06200 66 70 1978
HAAB 8.97200 38.78400 7656 70 3797
HAAL 9.00600 38.72100 7749 120 1171
HAAM 6.02900 37.58400 3895 30 2811
HAAX 14.15700 38.76900 6915 160 2395
HABD 11.59900 37.31200 5976 40 2984
HADR 9.63600 41.84800 3829 150 2690
HAGM 8.14000 34.56300 1771 180 2528
HAGN 12.53200 37.43200 6541 170 2779
HAGO 5.92700 43.57200 834 40 2294
HAJM 7.67100 36.80900 5587 130 1998
HALL 11.97600 38.96900 6423 100 2432
HAMK 13.47300 39.51800 7406 110 3608
HASO 10.02200 34.57800 5120 110 1948
HBBA -3.30800 29.31600 2582 170 3608
HCMH 9.51200 44.08000 4423 60 2465
HCMI 10.37600 44.92700 30 50 4150
HCMK -0.39000 42.44800 49 40 3714
HDAM 11.54800 43.14500 49 90 3131
HE11 29.88100 27.93300 -62 130 1996
HE12 30.33000 31.43400 115 40 2630
HE13 30.03500 31.83500 816 10 3339
HE14 23.98200 35.45000 100 130 3033
HE17 25.00500 33.49200 995 140 3012
HE18 31.12000 25.44700 670 160 3014
HE19 31.46400 25.27600 85 130 1999
HE20 27.84300 33.51800 20 140 2391
HE21 28.20500 33.20100 15 150 2142
HE22 30.99800 32.54400 50 70 1676
HE23 24.42800 32.95100 325 160 2901
HE24 29.35300 25.50400 330 160 1804
HE25 28.11400 30.72500 121 160 3006
HE27 29.56000 25.57500 460 110 2995
HE28 30.55800 30.56900 85 150 3232
HE29 28.90500 33.19500 39 130 1991
HE30 29.56700 30.89300 0 150 2775
HE31 29.81700 28.54200 206 140 1750
HE32 30.97500 31.42200 13 140 2770
HE33 30.73800 27.01100 740 130 2007
HE34 30.25600 32.48300 22 140 2697
HE35 30.57000 32.08000 49 90 2962
HE36 30.41600 33.14700 1056 150 2516
HE37 30.38800 31.58300 90 40 3500
HE38 28.96300 31.69400 1092 20 3024
HE39 30.78300 32.03600 16 20 3009
HE40 31.47900 25.87300 320 160 3022
HE41 31.04200 25.84700 740 160 3011
HE42 30.59100 31.12600 33 160 2767
HE44 30.60800 32.22200 39 130 3208
HE46 30.02600 32.97200 1596 70 799
HEAL 30.93500 28.44800 143 130 3499
HEAR 31.08600 33.83000 121 160 3026
HEAT 27.05500 31.00000 772 130 3020
HEAX 31.17500 29.93800 -6 40 2202
HEAZ 30.10200 31.36000 300 50 2048
HEBA 30.93000 29.68500 177 140 3404
HEBL 22.38800 31.60400 616 150 3008
HEBS 29.18200 31.01600 108 10 3551
HECA 30.10000 31.39800 382 50 4000
HECW 30.13200 30.91100 550 100 2982
HEDK 25.42100 28.99700 613 150 2495
HEEM 30.07200 31.18300 59 170 1150
HEGN 27.19600 33.79400 52 160 4013
HEGO 27.37400 33.66600 56 160 1610
HEGR 31.07000 34.13700 324 80 2407
HEKG 25.48900 30.59100 192 180 3514
HELX 25.65900 32.70100 294 20 3009
HEMA 25.56900 34.57600 251 150 3009
HEMM 31.32200 27.21500 94 60 3008
HEOC 29.80300 30.82200 807 10 2009
HEOW 22.57000 28.71400 859 10 3514
HEPS 31.28200 32.22800 8 100 2345
HESC 28.69500 34.06100 4368 170 2121
HESH 27.96800 34.38300 143 40 3084
HESN 23.98000 32.81700 662 170 3415
HETB 29.57500 34.76300 2415 40 4006
HETR 28.21200 33.63100 115 100 2996
HHAS 15.28400 38.89400 7660 70 2997
HHMS 15.66600 39.35400 194 70 3493
HHSB 13.08000 42.63100 46 120 3516
HI01 22.20600 -159.45000 344 50 1086
HI02 19.90200 -155.16900 1087 70 514
HI03 22.04200 -159.39400 404 50 561
HI05 20.08400 -155.50500 1440 90 549
HI13 19.78900 -155.85000 2250 20 839
HI23 19.54600 -155.10800 1500 50 384
HI25 19.12100 -155.58000 1964 50 610
HI27 20.02800 -155.39100 1520 50 468
HI28 19.21800 -155.46900 1194 180 481
HI29 19.22600 -155.50700 2609 140 454
HI31 19.76400 -155.14200 1419 70 489
HI32 19.84300 -155.11600 675 50 610
HI33 21.94400 -159.44400 385 50 751
HI36 -14.22600 -169.51000 185 180 662
HI46 21.96500 -159.43000 480 50 611
HI49 21.14900 -157.26100 250 70 572
HK47 -1.37500 37.97500 3790 50 951
HKEL 0.40100 35.22100 6941 80 3496
HKJK -1.32800 36.91600 5330 60 4027
HKKG 0.27000 34.78300 5020 70 1041
HKKI -0.09000 34.72100 3796 70 1985
HKKT 0.96700 34.95400 6070 40 1464
HKLK 4.20400 34.34000 2074 90 1886
HKLO 3.12100 35.60400 1715 90 1004
HKLU -2.24600 40.91000 20 80 1009
HKMO -4.04000 39.59200 200 30 3364
HKNV -0.78300 36.43400 6380 180 1101
HKNW -1.31900 36.81200 5546 70 1543
HKRE -1.28300 36.85300 5380 60 2444
HKWJ 1.74400 40.08500 770 150 2807
HL49 29.48500 21.11600 145 80 1738
HL50 28.57900 19.30100 550 10 1568
HL51 26.56900 12.80900 1387 100 2845
HL52 32.55500 22.73300 1014 140 3594
HL53 32.49800 13.28600 490 130 994
HL54 31.74700 13.95500 985 180 1807
HL55 29.01300 20.78100 318 150 1813
HL56 21.67400 21.82700 1722 10 3384
HL57 24.18800 14.53000 1558 60 3657
HL58 30.76900 20.18900 50 140 1026
HL59 32.01300 21.18200 800 150 3617
HL60 32.53000 20.87200 950 150 1306
HL61 27.67200 22.50600 400 160 2211
HL62 30.88100 20.07300 16 60 1744
HL63 28.33200 19.93000 488 170 2106
HL64 31.98000 20.02400 85 150 999
HL65 29.22500 21.58400 122 150 3025
HL66 27.25000 14.64400 1325 130 3396
HL67 31.84900 23.89400 519 20 3023
HL68 32.46500 23.10700 33 140 3417
HL69 29.21300 15.98800 846 140 4205
HL70 27.27000 21.60700 500 140 3598
HL71 26.33700 13.41600 1400 130 1500
HL72 29.14300 16.15100 910 110 1988
HL73 27.66400 14.25800 1482 130 3603
HL74 28.51400 19.00100 499 170 2292
HL76 32.33800 15.05100 60 150 3392
HL77 32.47600 11.88100 253 100 3235
HL78 30.71200 12.48100 2000 70 2372
HL79 25.34800 16.79400 1465 60 3803
HL80 30.64900 18.31300 100 130 2101
HL81 29.53100 12.93200 2090 90 2363
HL82 28.97000 17.58800 381 80 1884
HL83 31.71500 14.89500 185 130 3896
HL84 27.98500 22.35500 330 170 2207
HLFL 28.80500 22.07800 161 160 2156
HLGD 31.06800 16.59000 267 130 3608
HLGL 28.63900 21.43800 325 90 2011
HLGT 25.15200 10.14200 2296 60 3623
HLKF 24.16300 23.30800 1367 20 3663
HLLB 32.11200 20.26100 433 150 3582
HLLM 32.89500 13.27000 36 30 3364
HLLQ 32.79400 21.93400 2157 30 3597
HLLS 27.00400 14.45100 1427 60 3592
HLLT 32.66300 13.12900 263 90 3595
HLMB 30.38600 19.57000 50 150 2222
HLNF 30.51200 18.52700 42 120 1925
HLON 29.11500 15.95900 919 130 1790
HLRA 29.47800 17.92600 1050 120 2099
HLTD 30.13900 9.68700 1122 10 3600
HLZA 28.59400 17.28400 1085 50 2147
HLZW 32.94800 12.00700 0 60 1801
HRYG -1.68200 29.25800 5082 10 1021
HRYR -1.96600 30.12400 4859 100 3500
HRZA -2.46900 28.90600 5192 20 1511
HSDN 19.16700 30.42900 773 170 3014
HSDZ 11.79700 34.33500 1582 170 2511
HSFS 13.60700 25.31400 2393 50 2982
HSKA 15.37500 36.32400 1671 20 2509
HSLI 11.13300 29.69100 1848 60 2553
HSNN 12.04300 24.94700 2106 40 3027
HSOB 13.14000 30.23100 1927 10 3000
HSPN 19.44500 37.23100 135 170 2511
HSSJ 4.87900 31.59300 1513 130 2405
HSSM 9.55200 31.64600 1291 50 2003
HSSS 15.60300 32.55300 1265 180 2993
HTAR -3.36700 36.61800 4550 90 1637
HTDA -6.88300 39.19800 182 50 3007
HTDO -6.17000 35.74400 3637 100 1955
HTIR -7.67600 35.75000 4678 20 1664
HTKJ -3.43000 37.05800 2932 90 3601
HTLM -3.37400 35.81300 4150 120 1226
HTMT -10.34900 40.18100 371 10 2270
HTMW -2.43800 32.92000 3763 120 3115
HTPE -5.26400 39.80900 80 20 1532
HTTG -5.09500 39.06600 129 60 1265
HTZA -6.21100 39.22400 54 180 2468
HUAJ 3.33900 31.76000 2611 90 1130
HUAR 3.04200 30.91300 0 180 1615
HUEN 0.05600 32.43600 3782 120 3679
HUGU 2.81900 32.26700 3510 170 3159
HUJI 0.45800 33.18800 3871 130 1692
HUKF 2.32300 31.49000 2365 240 1739
HUKI -1.28900 29.72000 6200 170 1199
HUKJ 0.20100 32.55000 0 140 1113
HUKK 0.50100 33.28300 3937 20 1691
HUKO 3.71600 33.74300 4068 260 1343
HUKS 0.19100 30.10300 3146 20 1722
HULI 2.24800 32.90600 3579 100 910
HUMA -0.55700 30.60700 4599 110 1655
HUMI 1.74800 31.73600 0 180 2188
HUMO 2.50900 34.58900 4133 130 1615
HUMW -0.19700 29.88900 3215 240 1256
HUPA 2.19800 31.54900 2395 230 1543
HUSO 1.72200 33.61600 3641 50 1860
HUTO 0.67500 34.16800 3838 180 1481
IA01 41.35400 -95.46900 1300 140 793
IA02 42.26500 -90.58000 1025 180 641
IA03 42.52200 -92.49700 970 90 397
IA04 42.19200 -91.67500 911 90 580
IA05 40.85600 -92.85800 1200 180 915
IA06 41.38600 -92.18400 818 170 598
IA07 40.76500 -93.30400 1100 60 793
IA08 42.28200 -94.55200 1150 170 799
IA11 41.29300 -93.66600 980 180 305
IA15 42.88000 -91.93400 1115 180 747
IA16 41.70700 -91.50300 800 60 549
IA17 42.62500 -92.50400 924 120 610
IA18 42.47100 -92.09200 960 90 610
IA20 42.13500 -91.58800 900 90 695
IA21 41.60000 -90.38600 720 90 458
IA22 40.94100 -91.40400 790 170 503
IA23 42.81200 -91.10000 620 160 775
IA24 41.75900 -91.73300 750 130 1199
IA25 41.80100 -91.44400 820 90 763
IA26 40.81200 -91.80800 750 180 805
IA27 40.98100 -92.58700 890 180 666
IA28 42.06100 -91.69000 860 180 702
IA30 42.30000 -90.75300 1050 80 458
IA31 42.76800 -93.25000 1148 110 729
IA32 41.32700 -92.71700 845 180 549
IA33 43.01200 -93.24700 1200 90 793
IA35 41.18800 -95.90900 970 90 732
IA36 41.07500 -94.43000 1320 90 549
IA38 41.55000 -93.42900 850 180 519
IA41 41.41300 -93.55900 950 140 717
IA44 40.65200 -93.96100 1150 180 168
IA45 42.77200 -95.84700 1446 180 763
IA47 41.64400 -93.80800 999 180 787
IA48 41.73900 -93.72500 900 180 641
IA49 43.14500 -92.05800 1180 90 801
IA50 41.29400 -92.18800 697 80 686
IA52 43.44400 -94.84900 1350 150 305
IA54 42.20000 -93.63800 1022 90 689
IA56 41.78400 -93.37900 916 180 763
IA58 42.11200 -96.17200 1063 180 732
IA59 40.39000 -91.41700 680 50 488
IA61 41.07800 -91.94900 800 40 641
IA62 41.53100 -95.07600 1310 180 549
IA63 41.26100 -92.55100 840 180 549
IA65 40.62100 -91.54600 700 90 763
IA66 41.30700 -93.56700 991 180 675
IA68 42.26400 -90.60300 1055 30 671
IA70 43.43000 -93.83600 1220 170 885
IA76 40.73100 -93.34400 1100 170 763
IA77 41.03000 -91.14200 755 180 702
IA79 41.45400 -93.60700 950 70 869
IA83 42.95700 -94.16800 1153 170 790
IA84 42.48600 -96.20100 1235 170 708
IA86 41.26700 -93.51300 990 100 610
IA87 41.65800 -93.82600 965 90 793
IA93 41.61600 -95.89600 1030 170 763
IA94 42.43600 -94.28400 1147 170 666
ID01 48.13800 -116.20300 2071 80 732
ID04 42.02900 -111.42700 6190 80 702
ID05 45.52700 -115.51500 5148 180 1373
ID06 47.82600 -116.78600 2315 10 732
ID07 47.68000 -117.02400 2430 180 549
ID09 47.73900 -117.00100 2150 50 458
ID10 46.92300 -116.96100 2580 30 564
ID11 46.38200 -116.51500 3400 70 351
ID12 43.18200 -112.47000 4450 30 824
ID13 47.32200 -116.64200 2880 70 305
ID16 43.40900 -114.27300 5017 160 1220
ID17 45.01600 -116.68600 4487 180 1190
ID19 48.22900 -116.39100 2192 180 580
ID21 47.75900 -117.02400 2370 160 549
ID22 47.98000 -116.80000 2500 90 1220
ID23 47.38900 -116.87500 2500 180 793
ID24 48.22100 -116.44000 2220 180 610
ID25 48.35500 -116.55400 2140 160 915
ID26 42.61200 -112.03500 5268 140 1037
ID27 47.75500 -116.86000 2333 20 244
ID29 46.69400 -115.98600 2249 10 793
ID32 48.10900 -116.13700 2086 160 824
ID33 46.93700 -115.87100 3850 90 915
ID34 47.98700 -116.68200 2260 170 549
ID35 44.24200 -116.14200 4883 180 702
ID36 43.75800 -113.34500 5509 160 1190
ID39 42.79600 -115.73700 2620 90 488
ID40 43.42000 -116.71000 2240 120 915
ID41 44.89500 -115.33900 6526 60 747
ID43 47.55000 -116.76800 2702 50 824
ID44 44.22500 -116.18800 4845 70 1312
ID48 47.93200 -116.71100 2350 160 824
ID50 43.60500 -112.24300 4875 170 793
ID52 43.99000 -111.55400 5100 30 793
ID56 43.97700 -114.05100 6660 30 1525
ID59 43.70600 -116.31200 2680 160 915
ID60 46.71300 -117.00200 2550 70 763
ID61 48.29700 -117.01900 2425 70 549
ID62 42.61300 -111.72900 5598 160 1144
ID63 43.67300 -117.02600 2290 160 549
ID65 47.58100 -116.77600 2775 70 580
ID67 44.81000 -114.81000 4200 130 336
ID68 43.48400 -116.46300 2865 70 763
ID72 43.42100 -111.28400 5200 170 793
ID74 44.53900 -115.35700 5835 100 1007
ID75 48.12900 -116.16700 2076 140 793
ID92 43.72600 -116.53000 2550 50 1294
II01 40.75600 -85.25400 830 90 586
II02 41.38500 -84.83000 825 90 580
II04 40.88000 -87.36900 660 180 793
II05 41.07700 -86.06400 858 180 702
II06 39.97000 -85.47600 1070 90 836
II07 39.53200 -86.83700 880 90 793
II08 40.66400 -87.44000 745 180 805
II09 39.57200 -86.62200 760 60 732
II10 40.58200 -86.17000 810 90 390
II11 41.21000 -84.98800 825 90 405
II12 40.96100 -86.37200 790 180 763
II13 40.40600 -87.14300 680 90 805
II14 40.96100 -85.56600 840 90 580
II15 40.99100 -86.33800 770 140 793
II16 41.63800 -84.95200 1000 130 549
II17 41.27000 -86.56000 720 180 403
II18 41.33900 -86.92900 685 180 775
II19 40.40600 -86.75600 660 90 458
II20 40.67100 -85.26600 845 50 702
II21 41.47500 -85.69800 860 90 610
II22 41.10000 -86.93200 695 180 412
II23 40.50800 -86.71100 665 180 366
II24 41.47200 -85.90300 860 90 610
II25 39.34000 -86.78100 800 160 610
II26 40.70700 -87.18800 750 180 671
II27 40.16400 -85.94100 830 180 549
II28 41.21000 -85.06600 860 90 427
II29 39.61100 -86.76100 840 100 763
II30 38.91000 -87.40200 510 90 763
II32 38.05300 -87.39400 400 130 1131
II33 38.46000 -87.66000 620 80 915
II34 39.27500 -87.12200 600 180 427
II35 39.80500 -86.49500 925 90 793
II37 39.74900 -85.77500 905 180 549
II38 41.42700 -86.31900 860 100 488
II39 38.33600 -87.47100 480 80 488
II40 38.31200 -87.40900 460 180 805
II41 40.26600 -86.67200 830 180 610
II42 40.06700 -85.92400 800 50 488
II43 41.74900 -86.19100 780 140 366
II45 37.89200 -87.19100 380 50 275
II49 38.03900 -86.91400 476 130 549
II50 39.48100 -86.67700 790 180 397
II51 41.48200 -85.59700 930 50 854
II52 39.87600 -86.52900 960 50 381
II53 38.77300 -85.48500 810 180 610
II54 38.81800 -85.44600 850 180 519
II55 39.52700 -86.30300 625 90 519
II58 40.53000 -85.24500 860 180 671
II59 39.84000 -87.39500 650 70 305
II60 39.87200 -86.68000 910 90 610
II62 41.38800 -86.26100 800 90 397
II63 38.25800 -87.82700 390 90 549
II65 40.88700 -87.12700 680 90 610
II67 40.42800 -85.37500 900 120 336
II68 39.85400 -86.96300 852 80 671
II69 38.72100 -85.76000 580 180 549
II70 40.38400 -86.06600 870 90 488
II71 39.38900 -85.61700 900 180 641
II72 39.19500 -85.20700 965 70 305
II73 40.22300 -84.83500 1080 180 793
II74 41.55600 -86.05300 825 180 915
II75 40.67700 -85.41900 839 50 763
II76 38.85400 -86.13700 528 180 702
II77 40.25900 -85.26400 965 90 580
II78 39.85800 -85.60500 995 90 610
II79 41.07700 -86.72900 710 90 702
II80 40.99700 -86.65000 690 180 702
II81 38.38000 -87.22500 425 80 702
II82 39.79100 -86.58000 1000 30 824
II83 39.83200 -86.43100 870 140 732
II84 37.93200 -87.77400 381 90 427
II85 40.89400 -85.04900 800 180 549
II86 40.01500 -85.89100 860 90 630
II87 39.45400 -86.32900 715 170 659
II88 39.84400 -87.33500 550 20 519
II89 38.08600 -87.68300 525 50 305
II90 41.20000 -86.83900 705 90 458
II91 39.84600 -86.50500 940 180 488
II93 39.48200 -86.23000 780 60 667
II94 40.12800 -85.89100 800 90 805
II95 41.36700 -86.06300 820 180 503
II96 38.49600 -86.93400 520 170 610
II97 39.47500 -85.88300 720 180 610
II98 39.04700 -87.42200 480 180 650
II99 41.43800 -86.47300 730 140 427
IL01 40.79100 -90.44200 720 60 793
IL02 42.47000 -87.91300 719 60 793
IL05 42.44300 -88.48900 980 180 549
IL06 41.64000 -89.39800 794 90 915
IL07 41.72400 -89.29400 760 110 397
IL09 41.62800 -89.40500 802 180 671
IL10 41.46700 -89.94600 608 90 763
IL11 42.46400 -88.04200 805 50 458
IL12 42.45400 -90.16900 990 180 915
IL13 41.48300 -89.17000 700 90 519
IL15 40.56500 -90.55300 650 90 800
IL16 37.53900 -89.12500 800 70 488
IL18 38.38700 -90.19500 580 90 553
IL19 41.72000 -88.26300 693 50 610
IL20 41.69200 -88.29600 680 180 592
IL22 40.66400 -90.49200 691 90 793
IL23 42.44500 -89.45300 900 140 610
IL24 42.19800 -89.66000 900 90 686
IL25 40.49800 -90.58000 680 90 805
IL26 42.16000 -88.22900 860 130 580
IL27 42.20600 -88.18000 760 180 427
IL28 39.80700 -90.37000 615 90 610
IL29 41.29700 -87.65000 715 180 580
IL30 41.38400 -87.65400 760 180 526
IL34 42.21400 -88.76200 815 90 854
IL36 42.32100 -88.76200 840 90 656
IL38 41.76700 -88.53500 705 90 541
IL39 38.51200 -90.23900 400 120 305
IL41 40.50000 -89.09000 809 110 580
IL45 40.31100 -88.01800 780 90 514
IL46 40.46400 -91.03400 700 180 549
IL50 41.28100 -90.21600 800 140 534
IL51 41.03800 -88.34200 645 90 793
IL52 40.43900 -91.14700 679 90 580
IL53 40.46300 -91.07400 617 180 431
IL54 37.79600 -89.60500 363 180 671
IL55 40.15900 -88.30400 810 180 366
IL56 40.22000 -88.25800 750 90 702
IL57 40.42400 -89.02100 765 180 549
IL58 41.43400 -88.25100 600 50 549
IL59 41.43200 -88.25100 650 90 610
IL60 40.74700 -88.29200 742 80 793
IL63 40.69600 -88.67500 720 180 805
IL64 40.18100 -89.50400 558 90 580
IL65 41.00900 -90.70800 605 180 811
IL66 41.42600 -89.16400 680 180 793
IL68 42.07400 -88.16000 850 180 763
IL72 41.11900 -89.04500 700 180 671
IL73 38.08100 -89.77100 550 30 549
IL78 41.13400 -87.79200 660 180 610
IL80 40.21700 -88.90400 763 90 732
IL81 40.93600 -88.04600 658 90 702
IL82 40.10700 -88.82900 725 180 610
IL84 40.57700 -91.10700 650 90 702
IL85 40.65300 -87.83400 650 90 671
IL86 41.51700 -89.48000 790 10 763
IL87 41.70800 -89.11200 930 180 610
IL88 41.67300 -89.11700 929 180 397
IL89 41.68500 -90.24000 570 180 610
IL91 41.02100 -88.65800 688 90 805
IL93 41.94900 -88.92400 889 180 854
IL94 40.22900 -89.24300 623 180 628
IL96 41.38800 -88.67400 680 90 671
IL97 39.74200 -89.81000 635 180 1037
IL98 40.64000 -88.19200 750 90 1014
IL99 41.59300 -88.97100 715 90 671
IN00 40.43900 -85.39600 905 90 397
IN01 39.88600 -86.06900 815 50 763
IN08 39.17300 -87.19000 613 150 702
IN10 40.97600 -86.42400 760 90 671
IN11 41.29300 -86.07500 825 90 671
IN12 40.43500 -86.77100 665 90 915
IN13 38.22400 -85.97900 885 90 671
IN14 38.23700 -86.02200 858 50 702
IN15 38.60300 -87.46500 550 50 520
IN16 40.19400 -86.92200 795 180 778
IN18 41.27700 -84.80500 790 180 641
IN19 39.64600 -85.98200 800 180 549
IN20 39.45300 -86.28300 765 70 549
IN21 40.04300 -85.26400 1110 90 610
IN23 37.91200 -87.75800 378 180 744
IN25 38.11100 -87.80900 450 130 458
IN26 41.25900 -86.87300 669 10 610
IN27 40.17500 -86.11700 895 20 915
IN29 40.57300 -87.11000 747 90 1098
IN30 38.40600 -87.59900 423 180 889
IN31 40.01900 -85.75300 870 180 793
IN32 39.97500 -85.74400 880 180 512
IN33 40.73300 -86.11500 735 180 793
IN34 40.83700 -86.05200 770 180 488
IN35 40.65800 -86.02300 809 180 793
IN36 40.80100 -86.05000 800 170 610
IN38 41.54900 -86.45300 725 180 793
IN39 40.76700 -86.92500 685 90 732
IN40 37.91000 -87.18700 400 90 763
IN41 40.35300 -85.05100 1025 50 412
IN42 41.48800 -86.19900 835 180 580
IN43 38.47400 -85.99700 830 10 305
IN44 38.56200 -86.06000 800 40 610
IN45 40.23900 -84.90700 1050 180 691
IN46 38.65400 -85.79200 600 20 867
IN48 39.54800 -85.69100 844 180 671
IN49 39.49000 -85.80500 760 180 641
IN50 39.44200 -85.76500 750 180 403
IN51 40.14000 -86.15700 920 90 793
IN53 39.29200 -86.82800 710 90 793
IN54 41.28100 -86.46300 745 10 702
IN55 40.08300 -87.26100 652 180 763
IN56 40.69900 -87.19200 760 90 799
IN57 39.26300 -87.42100 550 180 366
IN58 40.90600 -84.84800 820 180 567
IN60 40.01800 -86.16500 908 90 763
IN62 41.24500 -85.30200 905 90 793
IN63 40.36900 -85.33900 940 180 595
IN64 39.56100 -86.20600 800 90 305
IN65 40.82300 -87.04300 695 180 747
IN67 38.93500 -85.73800 618 10 622
IN68 38.13300 -86.02000 700 20 549
IN69 41.66400 -85.83200 860 50 305
IN70 41.63700 -87.02700 675 180 732
IN71 41.18800 -85.52300 910 170 641
IN72 41.43500 -87.38800 712 180 650
IN73 41.22200 -86.39100 821 80 763
IN74 41.30800 -86.44400 755 100 1129
IN76 41.12600 -86.69800 710 90 793
IN77 39.97000 -87.23100 710 180 702
IN81 41.72700 -86.07200 770 90 702
IN82 41.75300 -86.08800 790 180 732
IN83 41.50000 -84.93300 928 40 671
IN84 41.41200 -86.74700 680 180 793
IN85 40.83700 -85.48700 810 80 549
IN86 41.27900 -86.63000 714 140 458
IN87 41.35100 -86.63100 685 90 805
IN88 39.51400 -86.76600 760 100 366
IN89 41.45000 -85.61000 920 90 805
IN90 41.26000 -87.48700 695 90 854
IN91 40.99900 -84.99200 810 180 793
IN92 38.65100 -87.56800 412 60 793
IN93 41.70900 -86.43300 760 180 702
IN95 41.22700 -86.79400 700 90 671
IN98 39.68300 -85.84900 825 90 763
IN99 39.40600 -86.30800 870 70 366
IS00 40.84500 -89.27400 780 180 732
IS01 39.27300 -89.90400 620 180 805
IS02 40.77800 -87.79600 640 90 793
IS05 38.27500 -89.63900 475 90 628
IS06 40.86700 -89.67100 765 180 244
IS07 39.35400 -88.61100 638 90 793
IS08 40.26100 -90.23900 620 50 580
IS10 40.54100 -88.82500 800 90 641
IS13 39.57600 -87.84900 713 180 763
IS15 42.03300 -88.90600 850 90 610
IS16 37.46800 -89.22900 645 170 305
IS24 41.20000 -88.20300 580 100 580
IS26 40.18300 -88.62000 725 90 799
IS27 40.51600 -88.13500 794 180 723
IS34 38.71000 -87.63300 425 180 763
IS36 38.96300 -89.64700 600 180 580
IS37 41.44000 -90.11500 645 90 791
IS41 41.46100 -88.59600 740 90 652
IS45 39.97700 -91.33700 738 90 488
IS47 42.03300 -88.70200 856 180 610
IS51 40.44900 -91.20800 705 50 946
IS52 40.92800 -87.62700 710 90 763
IS55 40.59400 -90.94200 705 180 793
IS56 41.18300 -89.14800 733 180 732
IS57 42.18000 -88.65500 810 90 793
IS61 39.87100 -88.53600 680 180 790
IS62 40.86700 -89.45900 450 90 1068
IS63 41.97000 -88.75500 865 90 610
IS64 40.72600 -88.86700 735 180 671
IS65 41.63800 -88.65000 677 80 911
IS66 40.59200 -91.20500 684 90 610
IS68 41.02200 -88.93000 650 90 793
IS69 39.92100 -90.51100 440 180 515
IS70 39.36300 -89.27600 645 180 598
IS72 40.63700 -88.14700 720 100 488
IS80 41.91500 -88.78900 880 180 702
IS84 38.87000 -89.98800 500 90 720
IS85 39.50500 -90.50800 625 90 488
IS86 41.04500 -88.19200 656 180 702
IS88 40.15200 -87.69500 660 180 793
IS91 41.46400 -88.48700 645 180 705
IS93 42.44200 -89.50200 950 70 433
IS94 41.60600 -88.66400 667 90 549
IS95 41.56000 -88.66800 640 120 580
JY04 39.06700 -74.91200 8 140 610
JY07 40.69600 -75.13600 360 110 549
JY08 39.65100 -75.28600 135 140 355
KAAA 40.15300 -89.34000 597 30 1219
KAAF 29.73300 -85.03500 20 60 1632
KAAO 37.75600 -97.22000 1421 180 1863
KAAP 29.72900 -95.58900 80 160 1423
KAAS 37.35400 -85.31600 921 50 1524
KAAT 41.48800 -120.57000 4374 30 1312
KABE 40.64700 -75.45100 394 60 2314
KABI 32.42800 -99.68500 1791 40 2201
KABQ 35.04400 -106.62200 5355 30 4194
KABR 45.45500 -98.42800 1302 130 2101
KABY 31.53000 -84.20000 197 40 2013
KACB 44.98200 -85.20100 623 20 1525
KACJ 32.10400 -84.19600 471 50 1836
KACK 41.24700 -70.07300 48 60 1920
KACP 30.75700 -92.68800 107 180 1554
KACQ 44.07800 -93.55600 1126 150 1036
KACT 31.60400 -97.23000 516 10 2016
KACV 40.98600 -124.11300 221 10 1830
KACY 39.46400 -74.59100 75 40 3043
KACZ 34.71700 -78.01000 39 90 1216
KADC 46.45600 -95.21300 1369 160 1221
KADG 41.86200 -84.08500 798 50 1523
KADH 34.81300 -96.67200 1016 130 1895
KADM 34.30600 -97.02300 762 40 2201
KADS 32.97800 -96.84100 644 150 2199
KADT 39.84800 -101.04400 2991 30 1526
KADU 41.70500 -94.92400 1287 140 1077
KADW 38.79800 -76.86400 280 10 2978
KAEG 35.13900 -106.80900 5837 40 2255
KAEJ 38.82500 -106.12500 7946 150 2533
KAEL 43.68700 -93.36900 1259 40 1373
KAEX 31.33800 -92.55900 89 140 2854
KAFF 38.97800 -104.82600 6572 80 1380
KAFJ 40.13600 -80.29900 1184 90 1520
KAFK 40.61200 -95.87000 1162 50 1374
KAFN 42.80900 -72.00600 1040 160 909
KAFO 42.71800 -110.94200 6221 160 2142
KAFP 35.02700 -80.08100 300 160 1678
KAFW 33.00200 -97.32100 722 160 2933
KAGC 40.35400 -79.94100 1252 50 1976
KAGO 33.23400 -93.21700 317 180 1408
KAGR 27.64100 -81.35100 68 50 2441
KAGS 33.38200 -81.97100 144 80 2444
KAGZ 43.06400 -98.30400 1475 80 1062
KAHC 40.26800 -120.16500 3934 80 2179
KAHH 45.28700 -92.37600 1088 180 1220
KAHN 33.94900 -83.33800 808 20 1680
KAHQ 41.23700 -96.59700 1224 20 1252
KAIA 42.06000 -102.81900 3931 80 2804
KAIB 38.23600 -108.57100 5940 50 1400
KAID 40.11200 -85.62300 919 120 1643
KAIG 45.16000 -89.11100 1521 80 1220
KAIK 33.64600 -81.69600 528 60 1675
KAIO 41.41100 -95.05300 1182 120 1191
KAIT 46.55600 -93.67600 1205 80 1225
KAIV 33.10300 -88.20500 150 60 1513
KAIY 39.36200 -74.46200 8 40 897
KAIZ 38.08900 -92.55600 869 30 1981
KAJG 38.61100 -87.73400 429 40 1370
KAJO 33.89800 -117.60800 533 70 971
KAJR 34.49600 -83.56400 1447 60 1675
KAJZ 38.78100 -108.07000 5193 30 1706
KAKH 35.19800 -81.15300 797 30 1150
KAKO 40.18000 -103.23300 4714 110 2130
KAKQ 36.98200 -77.00300 113 20 1324
KAKR 41.03300 -81.47800 1067 10 1928
KALB 42.73800 -73.80400 285 10 2593
KALI 27.74500 -98.03400 178 80 1830
KALM 32.83300 -105.99900 4200 30 2135
KALN 38.89500 -90.05500 544 110 2465
KALO 42.56600 -92.41200 873 60 2557
KALS 37.42500 -105.87600 7539 20 2598
KALW 46.08500 -118.29200 1205 20 2013
KALX 32.92200 -85.96300 686 180 1658
KAMA 35.20500 -101.73300 3607 40 4114
KAMG 31.54200 -82.51000 200 150 1526
KAMN 43.32300 -84.69600 754 90 1519
KAMT 38.84800 -83.57100 896 50 1146
KAMW 41.98300 -93.62500 955 10 1739
KANB 33.58200 -85.86700 612 50 2134
KAND 34.48900 -82.71600 782 50 1829
KANE 45.15200 -93.21000 912 90 1481
KANJ 46.48400 -84.37600 716 140 1594
KANK 38.53500 -106.06100 7523 60 2234
KANP 38.94400 -76.57300 34 120 761
KANQ 41.63500 -85.09000 995 50 1382
KANW 42.58600 -99.99700 2589 130 1980
KANY 37.16400 -98.07900 1340 100 1099
KAOC 43.60000 -113.34600 5332 60 2007
KAOH 40.70700 -84.03600 975 90 1565
KAOO 40.28900 -78.32300 1504 30 1667
KAOV 36.97600 -92.68600 1311 130 1108
KAPA 39.58400 -104.85100 5883 100 3052
KAPC 38.22300 -122.27800 35 60 1810
KAPF 26.14700 -81.78100 8 50 1614
KAPG 39.45600 -76.17500 57 40 2440
KAPH 38.06700 -77.32200 220 50 671
KAPN 45.06500 -83.56100 689 10 2745
KAPT 35.05700 -85.58900 641 40 1067
KAPV 34.58800 -117.18300 3062 80 1984
KAQO 30.79000 -98.66200 1102 130 1284
KAQP 45.23000 -96.00900 1020 40 1066
KAQR 34.40200 -96.14800 590 180 921
KAQW 42.69800 -73.17800 654 110 1300
KARA 30.04800 -91.88700 24 160 2446
KARB 42.22000 -83.75000 839 60 1067
KARG 36.11400 -90.93400 273 40 1829
KARM 29.26000 -96.15800 100 140 1528
KARR 41.77000 -88.48500 712 90 1977
KART 43.98800 -76.03000 325 70 1522
KARV 45.93800 -89.73300 1630 100 1570
KASD 30.35200 -89.82100 27 180 1525
KASE 39.23200 -106.87300 7820 150 2137
KASG 36.18400 -94.11800 1353 180 1619
KASH 42.78600 -71.52300 199 140 1674
KASJ 36.29100 -77.17100 68 10 1375
KASL 32.52600 -94.31100 357 10 1527
KASN 33.56300 -86.05700 528 30 1831
KAST 46.16000 -123.89000 15 80 1761
KASW 41.27200 -85.84600 850 90 1824
KASX 46.54100 -90.92500 826 20 1585
KASY 46.02800 -99.35700 2032 80 1310
KATA 33.10000 -94.20000 280 50 1158
KATL 33.63500 -84.44800 1026 80 3616
KATS 32.84600 -104.47500 3541 30 1921
KATW 44.24900 -88.52600 918 30 2439
KATY 44.92200 -97.16900 1748 120 2103
KAUG 44.32800 -69.80400 352 80 1525
KAUH 40.90000 -97.99600 1804 160 1312
KAUM 43.67100 -92.93400 1233 170 1769
KAUN 38.95400 -121.08800 1536 70 1132
KAUO 32.62000 -85.43600 777 110 1609
KAUS 30.21400 -97.67900 542 170 3745
KAUW 44.93000 -89.63800 1201 40 1510
KAUX 30.30500 -97.70900 632 130 2216
KAVC 36.68100 -78.05400 442 10 1527
KAVK 36.78100 -98.66900 1474 80 1339
KAVL 35.44600 -82.54600 2165 160 2442
KAVO 27.58400 -81.53500 156 40 1636
KAVP 41.32900 -75.73200 962 40 2286
KAVQ 32.41800 -111.22600 2031 30 2104
KAVX 33.40200 -118.42000 1601 40 953
KAWG 41.28000 -91.67600 754 130 1221
KAWM 35.14300 -90.23400 212 170 1834
KAWO 48.16200 -122.16900 465 110 1621
KAXA 43.08200 -94.27800 1219 120 1206
KAXH 29.50700 -95.48500 68 90 1522
KAXN 45.87200 -95.40200 1425 40 1553
KAXQ 41.22200 -79.44600 1458 60 1249
KAXS 34.70600 -99.33800 1433 170 1681
KAXV 40.49200 -84.30800 912 80 1521
KAXX 36.43400 -105.28900 8380 170 2718
KAYS 31.25500 -82.39800 142 50 1834
KAYX 35.38500 -86.09100 1065 30 1831
KAZC 36.96500 -113.02400 4874 10 1918
KAZE 31.88900 -82.65200 255 140 1375
KAZO 42.24200 -85.55200 874 50 1984
KAZU 35.27300 -94.23300 785 70 1373
KBAB 39.15200 -121.44300 113 150 3662
KBAD 32.51600 -93.67200 166 150 3592
KBAF 42.14500 -72.71900 271 20 2746
KBAK 39.25500 -85.90500 656 50 1950
KBAM 40.60500 -116.88200 4532 30 2225
KBAX 43.78500 -82.98800 766 40 1525
KBAZ 29.71000 -98.04400 650 130 1640
KBBB 45.33600 -95.65500 1039 140 1219
KBBD 31.18500 -99.32500 1827 80 1408
KBBG 36.54000 -93.20800 1303 140 2178
KBBP 34.61800 -79.74100 147 60 1523
KBBW 41.44100 -99.64600 2547 140 1281
KBCB 37.21000 -80.41500 2132 120 1384
KBCE 37.69900 -112.15500 7590 30 2255
KBCK 44.25000 -90.86400 836 80 1399
KBCT 26.37200 -80.11400 13 50 1915
KBDE 48.73200 -94.62200 1086 120 1672
KBDF 41.23000 -89.62000 808 80 797
KBDG 37.59100 -109.48300 5865 170 1765
KBDH 45.12300 -95.13800 1126 30 1678
KBDJ 46.13400 -89.65200 1665 50 1159
KBDL 41.93200 -72.69700 172 10 2896
KBDN 44.10200 -121.20000 3456 160 1586
KBDQ 35.13300 -92.72000 321 90 1197
KBDR 41.16600 -73.13500 9 60 1447
KBDU 40.04000 -105.23500 5288 80 1256
KBEA 28.36600 -97.79600 268 120 1387
KBEC 37.70500 -97.21200 1408 180 2443
KBED 42.47200 -71.30000 133 50 2128
KBEH 42.12800 -86.43700 643 90 1553
KBFA 45.17300 -84.92600 719 170 1583
KBFD 41.80900 -78.64900 2143 50 1924
KBFE 33.16600 -102.19700 3264 20 1592
KBFF 41.88200 -103.60500 3967 50 2529
KBFI 47.53800 -122.30700 20 130 3046
KBFK 36.86900 -99.61900 1822 170 1235
KBFL 35.44600 -119.07100 507 120 3311
KBFM 30.63300 -88.08000 26 140 2934
KBFR 38.84600 -86.45300 728 60 1371
KBFW 47.24800 -91.42200 1089 70 973
KBGD 35.71000 -101.39400 3055 30 1924
KBGE 30.97300 -84.64300 141 90 1674
KBGF 35.18400 -86.06600 979 180 1528
KBGM 42.21900 -75.98700 1636 100 2164
KBGR 44.81800 -68.84400 192 150 3483
KBHB 44.44400 -68.36700 83 40 1586
KBHC 31.71200 -82.40200 201 80 1523
KBHK 46.35300 -104.26600 2973 130 1491
KBHM 33.55500 -86.77200 643 60 3656
KBID 41.16800 -71.58200 108 100 763
KBIE 40.31000 -96.75400 1324 130 1710
KBIF 31.83600 -106.39500 3948 30 4133
KBIH 37.38000 -118.37300 4124 70 2285
KBIJ 31.39300 -84.90200 214 50 1676
KBIL 45.81300 -108.55500 3652 70 3197
KBIS 46.78400 -100.76200 1661 30 2677
KBIV 42.74100 -86.11900 698 80 1904
KBIX 30.40200 -88.93100 33 30 2329
KBJC 39.91500 -105.12800 5670 20 2739
KBJI 47.51600 -94.94300 1390 70 2008
KBJJ 40.87500 -81.89800 1136 100 1578
KBKD 32.72500 -98.89100 1284 40 1527
KBKE 44.84200 -117.81300 3373 80 1552
KBKF 39.71500 -104.76100 5662 140 3356
KBKL 41.51400 -81.69300 583 60 1886
KBKS 27.21500 -98.12000 112 140 1530
KBKT 37.06900 -77.95700 439 10 1627
KBKV 28.47600 -82.47100 77 30 2130
KBKW 37.78200 -81.12600 2504 10 2061
KBKX 44.31000 -96.82200 1648 120 1592
KBLF 37.29100 -81.21300 2857 50 1446
KBLH 33.61700 -114.72800 399 80 1990
KBLI 48.80200 -122.53800 170 160 2058
KBLM 40.19500 -74.13600 159 30 2224
KBLU 39.27900 -120.71100 5284 150 1007
KBLV 38.55600 -89.83300 459 140 3047
KBMC 41.56300 -112.06200 4229 160 2289
KBMG 39.15800 -86.61800 846 60 1984
KBMI 40.46400 -88.91600 871 20 2441
KBML 44.58100 -71.17900 1161 180 1586
KBMQ 30.73200 -98.24100 1284 10 1528
KBMT 30.07400 -94.22100 32 130 1213
KBNA 36.14100 -86.69500 598 20 3361
KBNG 33.92300 -116.86000 2219 80 1584
KBNL 33.25300 -81.39800 246 40 1602
KBNO 43.59700 -118.96400 4148 30 1553
KBNW 42.05400 -93.85100 1160 20 1465
KBOI 43.57000 -116.23700 2871 90 3041
KBOK 42.07700 -124.29300 459 120 885
KBOS 42.37400 -71.01800 20 40 3071
KBOW 27.94500 -81.79300 125 230 2092
KBPG 32.22700 -101.52100 2573 60 2690
KBPI 42.59300 -110.11800 6990 80 2070
KBPK 36.36500 -92.47700 928 50 1523
KBPP 46.19100 -103.43600 2958 110 1460
KBPT 29.95500 -94.02800 15 120 2053
KBQK 31.25400 -81.47800 26 70 2436
KBQP 32.76100 -91.88200 167 160 1222
KBQR 42.92100 -78.61800 750 80 976
KBRD 46.41800 -94.13600 1226 50 2181
KBRL 40.78900 -91.12400 698 120 2045
KBRO 25.91300 -97.43100 21 130 2258
KBRY 37.80800 -85.50300 669 20 1527
KBST 44.41300 -69.01700 198 100 1218
KBTA 41.42300 -96.11700 1325 130 1281
KBTF 40.87500 -111.92800 4234 160 1418
KBTL 42.29600 -85.26600 952 50 3047
KBTM 45.96700 -112.50100 5550 20 2743
KBTN 45.81900 -97.74800 1318 10 1280
KBTP 40.77500 -79.95900 1248 80 1460
KBTR 30.54100 -91.16100 70 40 2136
KBTV 44.48100 -73.16600 334 10 2532
KBTY 36.86800 -116.78700 3170 160 1711
KBUB 41.78100 -99.15200 2182 150 980
KBUF 42.93100 -78.74200 724 50 2689
KBUM 38.29500 -94.34000 892 180 1221
KBUR 34.19800 -118.36900 778 80 2121
KBUU 42.69400 -88.31300 779 10 1308
KBUY 36.04400 -79.48200 617 60 1523
KBVI 40.77300 -80.40000 1253 100 1368
KBVN 41.73300 -98.05900 1806 150 1129
KBVO 36.77100 -96.01100 713 170 1894
KBVS 48.47800 -122.43100 144 40 1666
KBVU 35.94900 -114.86900 2201 90 1460
KBVX 35.72300 -91.66100 464 70 1826
KBVY 42.58000 -70.92500 107 90 1521
KBWC 32.99300 -115.52400 -129 80 1339
KBWD 31.80200 -98.95500 1387 130 1711
KBWG 36.95900 -86.42500 547 30 1983
KBWI 39.17500 -76.69000 146 40 3315
KBWL 36.79900 -97.31700 1054 170 732
KBWP 46.25100 -96.61100 968 30 1554
KBXA 30.81900 -89.86500 119 180 1162
KBXG 33.03900 -82.00900 302 80 1228
KBXK 33.43000 -112.68600 1021 50 1680
KBXM 43.88100 -69.93900 75 190 2440
KBYG 44.38700 -106.73000 4968 130 1868
KBYH 35.98000 -89.94400 254 180 3544
KBYI 42.53800 -113.77400 4150 20 1247
KBYS 35.27500 -116.64300 2350 40 3036
KBYY 28.97800 -95.86900 45 130 1557
KBZN 45.78800 -111.16600 4471 30 2740
KCAD 44.27300 -85.43100 1307 70 1521
KCAE 33.94400 -81.13800 236 50 2616
KCAG 40.49400 -107.53200 6193 70 1704
KCAK 40.90700 -81.44100 1228 10 2320
KCAO 36.43900 -103.15800 4965 20 1922
KCAR 46.86800 -68.01500 626 10 1220
KCAV 42.74500 -93.76300 1162 80 1071
KCBE 39.61100 -78.76500 775 50 1538
KCBF 41.26900 -95.75700 1253 140 1678
KCBG 45.56300 -93.26700 945 160 1219
KCBK 39.43500 -101.04800 3186 40 1560
KCBM 33.65500 -88.46100 219 130 3658
KCCA 35.29900 -94.32000 470 30 671
KCCB 34.11000 -117.69300 1444 60 1176
KCCO 33.31700 -84.77600 970 140 1676
KCCR 37.98200 -122.06100 26 10 1526
KCCY 43.07700 -92.61800 1125 40 1218
KCDA 44.56500 -72.01900 1187 20 1007
KCDC 37.69100 -113.10800 5622 20 2638
KCDH 33.63200 -92.76200 130 180 1986
KCDI 39.97000 -81.58200 799 40 1310
KCDK 29.13600 -83.05300 7 50 718
KCDN 34.27900 -80.57100 302 60 1523
KCDR 42.83300 -103.10000 3297 20 1829
KCDS 34.44000 -100.28600 1954 40 1818
KCDW 40.86800 -74.28600 172 40 1396
KCEA 37.65400 -97.25100 1378 170 1183
KCEC 41.78500 -124.24200 57 110 1526
KCEF 42.17700 -72.54800 241 50 3534
KCEK 40.62400 -96.92500 1499 130 1283
KCEU 34.67000 -82.89400 892 70 1339
KCEV 39.70700 -85.13100 867 40 1983
KCEW 30.79000 -86.52400 213 170 2447
KCEY 36.65900 -88.38100 576 50 1889
KCEZ 37.29600 -108.63600 5918 30 2196
KCFD 30.72100 -96.33400 367 140 1221
KCFJ 39.97100 -86.92500 799 40 1371
KCFS 43.45400 -83.45400 701 50 1309
KCFT 32.95200 -109.21800 3811 70 1519
KCFV 37.10300 -95.57400 754 40 1791
KCGC 28.86700 -82.57800 9 90 1386
KCGE 38.54400 -76.03500 19 160 1365
KCGF 41.56100 -81.49300 879 60 1554
KCGI 37.22700 -89.58200 342 20 1977
KCGS 38.98300 -76.92500 48 150 795
KCGX 41.86400 -87.60800 593 180 1188
KCGZ 32.95100 -111.77400 1464 50 1583
KCHA 35.02300 -85.20800 683 20 2260
KCHD 33.26600 -111.81400 1243 40 1484
KCHK 35.10300 -97.96900 1150 40 1558
KCHN 27.52000 -81.88000 106 180 1225
KCHO 38.13100 -78.45700 639 30 1831
KCHQ 36.84700 -89.36000 313 180 976
KCHS 32.91300 -80.04800 45 30 2747
KCHT 39.78600 -93.50000 783 20 1189
KCHU 43.60000 -91.50900 1179 130 1066
KCIC 39.80300 -121.86400 238 130 2050
KCID 41.88500 -91.72900 869 90 2614
KCII 47.83700 -112.17400 3947 50 1523
KCIN 42.05200 -94.79600 1204 30 1675
KCIR 37.06900 -89.22600 321 20 1236
KCIU 46.25600 -84.47800 800 90 2194
KCJJ 43.36900 -92.13500 1279 150 899
KCJR 38.51900 -77.86400 316 40 1525
KCKA 36.75500 -98.12300 1202 170 2427
KCKB 39.28800 -80.23300 1217 30 2135
KCKC 47.83900 -90.39100 1799 90 1276
KCKF 31.99400 -83.77800 310 50 1537
KCKI 33.72200 -79.86300 67 140 1524
KCKM 34.30700 -90.51200 173 180 1651
KCKN 47.84400 -96.62900 899 60 1308
KCKP 42.73600 -95.55500 1226 10 1220
KCKV 36.62900 -87.41800 550 50 1832
KCKZ 40.39100 -75.28400 567 80 1280
KCLE 41.40000 -81.87300 791 60 2740
KCLG 36.16500 -120.36600 714 10 1403
KCLI 44.61800 -88.73800 822 40 1401
KCLK 35.54300 -98.93200 1615 130 1314
KCLL 30.59700 -96.36300 321 40 2140
KCLM 48.12100 -123.51200 291 80 1936
KCLR 33.13100 -115.52700 -182 80 1041
KCLS 46.68400 -122.98300 176 160 1525
KCLT 35.22500 -80.96700 749 50 3055
KCLW 27.98100 -82.76100 71 160 1011
KCMA 34.21400 -119.10400 77 80 1834
KCMH 39.99600 -82.90900 815 100 3079
KCMI 40.04700 -88.28600 754 40 2468
KCMR 35.31000 -112.19200 6678 180 1830
KCMX 47.17500 -88.49900 1095 70 1978
KCMY 43.96200 -90.74600 837 10 1432
KCNB 44.73300 -96.27400 1193 120 1415
KCNC 41.02100 -93.36300 1050 100 1216
KCNH 43.37100 -72.37400 545 50 943
KCNK 39.55400 -97.65300 1486 30 1099
KCNM 32.32300 -104.27400 3295 30 2394
KCNO 33.97400 -117.64700 650 30 2129
KCNP 41.08100 -102.47000 3682 120 1179
KCNU 37.67400 -95.48600 1002 80 1299
KCNW 31.65200 -97.07400 470 170 2629
KCNY 38.74700 -109.76300 4555 30 2163
KCOD 44.51300 -109.03600 5102 40 2518
KCOE 47.77200 -116.83700 2318 10 2250
KCOF 28.22100 -80.61500 8 20 2758
KCOI 28.34300 -80.69100 6 110 1096
KCOM 31.84700 -99.40700 1697 150 1375
KCON 43.20800 -71.50800 346 120 1831
KCOQ 46.70600 -92.50600 1279 70 1220
KCOS 38.81600 -104.68600 6187 130 4121
KCOT 28.46200 -99.22400 474 130 1527
KCOU 38.80500 -92.22400 889 20 1984
KCPC 34.26700 -78.72100 98 60 1677
KCPK 36.66000 -76.32600 20 50 1677
KCPM 33.89000 -118.24900 97 70 1011
KCPR 42.89300 -106.47500 5347 30 3095
KCPS 38.57400 -90.16500 413 40 2130
KCPT 32.36100 -97.43700 854 150 1741
KCPU 38.15000 -120.65200 1325 130 1098
KCQA 40.48300 -84.56700 894 80 1154
KCQB 35.73000 -96.82000 984 170 1222
KCQF 30.45200 -87.87900 95 10 2007
KCQM 47.82500 -92.69400 1327 130 974
KCQW 34.71100 -79.96500 239 80 1522
KCQX 41.68500 -69.99300 68 60 914
KCRE 33.80600 -78.73100 32 50 1828
KCRG 30.32900 -81.51900 41 50 1221
KCRO 36.10700 -119.59800 197 130 1182
KCRP 27.77700 -97.51300 44 130 2290
KCRQ 33.12700 -117.28800 331 60 1509
KCRS 32.03300 -96.40300 449 20 1525
KCRT 33.17000 -91.89300 184 50 1527
KCRW 38.37000 -81.60200 981 50 1920
KCRX 34.92400 -88.60500 425 170 1986
KCRZ 40.99800 -94.75500 1274 180 819
KCSB 40.31200 -100.16500 2414 140 1250
KCSG 32.51100 -84.94500 397 60 2132
KCSL 35.33400 -120.73800 250 90 741
KCSM 35.36000 -99.20100 1922 170 4125
KCSQ 41.02800 -94.36600 1300 40 1495
KCSV 35.94900 -85.09400 1880 80 1648
KCTB 48.61300 -112.38200 3854 50 1614
KCTJ 33.63900 -85.15500 1161 170 1727
KCTK 40.57300 -90.07400 684 90 1190
KCTY 29.63400 -83.10800 42 40 1527
KCTZ 34.97100 -78.37200 148 60 1524
KCUB 33.97500 -81.00200 192 130 1524
KCUH 35.95700 -96.76900 916 20 1589
KCUL 38.09500 -88.12300 388 180 1220
KCUS 31.82400 -107.63400 4024 80 1284
KCUT 43.73200 -103.63000 5602 80 1672
KCVG 39.07100 -84.68400 896 90 3649
KCVH 36.90100 -121.41800 230 60 1937
KCVK 36.26000 -91.56800 716 40 1572
KCVN 34.42100 -103.08600 4216 40 1890
KCVO 44.50300 -123.29100 246 90 1799
KCVS 34.37700 -103.33200 4295 40 3050
KCVX 45.30400 -85.28600 669 40 1383
KCWA 44.78000 -89.67600 1277 80 2324
KCWF 30.22400 -93.15100 17 150 3264
KCWI 41.82600 -90.33300 708 30 1587
KCWS 35.08100 -92.43200 315 80 1482
KCWV 32.19500 -81.87800 112 90 1522
KCXE 36.79300 -78.50200 503 180 1038
KCXL 32.66800 -115.52500 4 80 1423
KCXO 30.35900 -95.41800 245 10 1831
KCXP 39.19500 -119.74400 4697 90 1801
KCXU 31.21200 -84.24300 175 80 1218
KCXY 40.21600 -76.85900 347 80 1521
KCYO 39.51000 -82.98300 684 10 1328
KCYS 41.15700 -104.82100 6156 90 2814
KCYW 39.39300 -97.15700 1208 170 1282
KCZD 40.87300 -100.00900 2502 130 1280
KCZG 42.07400 -76.09900 833 30 1189
KCZK 45.67600 -121.88200 150 240 552
KCZL 34.46400 -84.94100 647 170 1833
KCZT 28.52700 -99.82900 599 130 1524
KDAA 38.72000 -77.18800 73 140 1712
KDAB 29.17300 -81.07800 34 70 3197
KDAF 44.03700 -90.08500 919 180 824
KDAG 34.85100 -116.79800 1927 40 1946
KDAL 32.85100 -96.86300 487 130 2683
KDAN 36.57800 -79.33800 571 20 1984
KDAW 43.28800 -70.93500 322 150 1218
KDAY 39.89500 -84.24600 1009 60 3318
KDBN 32.55700 -82.98500 309 20 1834
KDBQ 42.40900 -90.71600 1076 130 1980
KDCA 38.84200 -77.03700 15 10 2097
KDCR 40.84100 -84.86300 842 180 781
KDCU 34.66200 -86.94500 592 180 1865
KDCY 38.70700 -87.13000 473 180 1411
KDDC 37.77300 -99.97200 2594 20 2105
KDDH 42.89400 -73.25200 827 130 1127
KDDJ 33.15200 -96.85300 611 170 1662
KDEC 39.82700 -88.87500 682 60 2585
KDED 29.07200 -81.29300 79 50 1834
KDEH 43.27800 -91.74600 1157 110 1217
KDEN 39.89600 -104.69600 5431 70 4883
KDEQ 34.04600 -94.40800 355 80 1521
KDET 42.41800 -83.01600 626 70 1551
KDEW 47.97700 -117.43100 2210 40 1859
KDFI 41.34000 -84.43600 707 120 1275
KDFW 32.91600 -97.02600 607 130 4095
KDGL 31.33500 -109.50900 4173 30 1758
KDGW 42.79900 -105.39400 4932 50 2054
KDHN 31.33100 -85.46200 401 140 2591
KDHT 36.03100 -102.54600 3991 30 1955
KDIJ 43.73600 -111.10800 6229 30 2222
KDIK 46.80500 -102.80800 2592 70 1950
KDKB 41.92700 -88.70700 915 20 2204
KDKK 42.49000 -79.27700 693 60 1524
KDKR 31.30200 -95.40600 348 20 1228
KDKX 35.96300 -83.87900 833 80 1064
KDLC 34.44700 -79.37300 133 70 914
KDLF 29.36700 -100.78800 1081 130 2700
KDLH 46.84200 -92.22000 1428 30 3085
KDLL 43.51600 -89.77200 980 10 1463
KDLN 45.26600 -112.55200 5241 30 1982
KDLO 35.75300 -119.24000 314 140 1725
KDLS 45.62400 -121.17300 247 70 1553
KDLZ 40.28100 -83.12400 945 100 1520
KDMA 32.18000 -110.89800 2704 120 4170
KDMN 32.26300 -107.72800 4314 40 2016
KDMO 38.71700 -93.17200 909 50 1680
KDMW 39.61400 -77.01200 789 160 1555
KDNL 33.46100 -82.04400 422 50 1220
KDNN 34.72800 -84.87600 710 140 1676
KDNS 41.99000 -95.38700 1276 60 1521
KDNV 40.19400 -87.60000 697 30 1830
KDOV 39.13900 -75.48600 28 10 3928
KDPA 41.89400 -88.25400 758 20 2309
KDPG 40.21200 -112.95400 4348 120 4000
KDPL 34.99300 -77.98800 137 50 1831
KDQH 31.47000 -82.86600 257 40 1832
KDRI 30.83800 -93.33800 202 40 1676
KDRM 46.00700 -83.75400 668 80 1216
KDRO 37.14100 -107.76300 6685 20 2804
KDRT 29.38100 -100.93300 999 130 1922
KDRU 46.62200 -113.21000 4245 90 732
KDSM 41.52300 -93.67700 957 50 2741
KDSV 42.57300 -77.71800 662 140 1023
KDTA 39.38600 -112.51700 4759 120 1850
KDTG 41.13300 -88.44300 632 90 719
KDTL 46.83000 -95.89000 1396 130 1370
KDTN 32.54600 -93.75000 179 50 1531
KDTO 33.20900 -97.19800 642 170 1833
KDTS 30.40500 -86.47600 23 140 1526
KDTW 42.20200 -83.37100 646 30 3659
KDUA 33.94900 -96.39500 698 170 1528
KDUC 34.48000 -97.96000 1113 170 2032
KDUG 31.46900 -109.61400 4154 30 2294
KDUH 41.73600 -83.66500 669 90 1524
KDUJ 41.17500 -78.90800 1817 70 1675
KDUX 35.85000 -102.01700 3705 10 1670
KDVK 37.58000 -84.77500 1022 10 1522
KDVL 48.12000 -98.91500 1455 30 1677
KDVN 41.61500 -90.59300 753 30 1677
KDVO 38.14700 -122.55900 2 130 1007
KDVP 43.99000 -95.78200 1623 170 846
KDVT 33.68700 -112.09600 1478 70 2496
KDWH 30.07300 -95.55500 152 170 2143
KDWS 28.40200 -81.57200 0 130 720
KDWU 38.55600 -82.74800 546 100 1703
KDWX 41.03400 -107.50500 6520 60 1671
KDXE 36.78400 -89.94100 305 180 1375
KDXR 41.36900 -73.49100 458 80 1345
KDXX 44.99000 -96.18300 1082 80 1006
KDXZ 37.02500 -113.51700 2884 10 2837
KDYB 33.06000 -80.28400 56 60 1128
KDYL 40.33000 -75.12500 394 50 822
KDYR 35.99000 -89.41400 338 40 1737
KDYS 32.43900 -99.85900 1789 160 4125
KDYT 46.72500 -92.04700 610 140 928
KEAG 42.71400 -93.92100 1133 10 1066
KEAN 42.05500 -104.94000 4774 80 1794
KEAR 40.73600 -99.00700 2131 130 2166
KEAT 47.39900 -120.20300 1249 70 1737
KEAU 44.85900 -91.49300 913 40 2467
KEBG 26.44700 -98.12700 75 130 1527
KEBS 42.44100 -93.87300 1121 50 1221
KECG 36.26100 -76.18400 12 10 2195
KECP 30.37100 -85.80100 69 160 3055
KECS 43.89100 -104.32200 4174 50 1612
KECU 29.95100 -100.17800 2372 140 1236
KEDC 30.40400 -97.57300 761 130 1837
KEDE 36.02000 -76.57000 20 10 1833
KEDG 39.38500 -76.29000 30 10 1410
KEDJ 40.37000 -83.82700 1123 70 1521
KEDN 31.29500 -85.90600 361 50 1557
KEDU 38.53600 -121.78600 68 160 970
KEDW 34.93100 -117.83700 2302 40 11924
KEED 34.76700 -114.63400 983 20 1523
KEEN 42.88700 -72.27100 488 20 1892
KEEO 40.04200 -107.89300 6421 30 1981
KEET 33.18400 -86.78600 587 150 1527
KEFC 44.74000 -103.86600 3190 140 1371
KEFD 29.61800 -95.16400 32 40 2752
KEFK 44.88500 -72.23500 930 50 1219
KEFT 42.61900 -89.59700 1086 20 1521
KEFW 42.01400 -94.34700 1048 140 975
KEGE 39.64100 -106.93200 6540 70 2432
KEGI 30.66100 -86.52300 191 180 2445
KEGP 28.70400 -100.48100 805 160 922
KEGQ 43.10700 -94.71200 1205 40 1036
KEGT 37.32900 -97.38800 1277 170 1282
KEGV 45.92700 -89.27600 1642 40 1522
KEHA 36.99500 -101.88400 3622 40 1497
KEHO 35.25000 -81.60700 847 50 1584
KEHR 37.80800 -87.69500 386 90 1674
KEIK 40.01700 -105.05000 5130 90 1434
KEIW 36.54000 -89.60000 295 180 978
KEKA 40.80600 -124.11700 7 70 914
KEKM 41.72100 -86.01900 778 80 1976
KEKN 38.89300 -79.86300 1987 50 1383
KEKO 40.81900 -115.80600 5140 50 2194
KEKQ 36.85100 -84.86000 963 30 1220
KEKS 45.27800 -111.64900 5383 160 1431
KEKX 37.68000 -85.93300 775 50 1828
KEKY 33.30800 -86.93300 699 50 1737
KELA 29.60600 -96.32300 184 170 1162
KELD 33.21400 -92.81900 277 40 2012
KELK 35.43800 -99.39400 2002 170 1650
KELM 42.15500 -76.90200 954 50 2131
KELN 47.03100 -120.54300 1763 70 1699
KELO 47.82800 -91.84100 1455 120 1703
KELP 31.80200 -106.40000 3958 40 3663
KELY 39.30900 -114.83600 6259 120 1836
KELZ 42.10900 -78.00000 2124 100 1611
KEMM 41.83300 -110.55900 7285 40 2499
KEMP 38.32500 -96.19300 1208 10 1525
KEMT 34.08100 -118.03800 296 10 1219
KEMV 36.69300 -77.48800 127 150 1537
KEND 36.35600 -97.91500 1307 40 2811
KENL 38.52200 -89.09200 534 90 1527
KENV 40.72600 -114.04300 4237 80 2437
KENW 42.59300 -87.94200 743 60 1672
KEOK 40.46000 -91.43600 671 80 1672
KEOP 39.16400 -82.93600 660 70 1491
KEOS 36.80400 -94.39300 1255 10 1527
KEPG 40.87100 -96.10800 1183 110 641
KEPH 47.30400 -119.52400 1275 20 2039
KEPM 44.91300 -67.01900 45 150 1218
KEQA 37.77900 -96.82000 1378 40 1282
KEQY 35.01400 -80.62700 679 50 1676
KERI 42.07700 -80.18400 733 20 2563
KERR 44.79600 -71.16900 1245 150 1122
KERV 29.97800 -99.09200 1617 30 1829
KERY 46.31600 -85.46800 869 40 1307
KESC 45.72100 -87.11200 609 90 1976
KESF 31.39400 -92.30600 112 80 1825
KESN 38.79700 -76.07200 72 40 1677
KEST 43.41500 -94.74800 1319 60 1463
KESW 47.25600 -121.19000 2226 90 803
KETB 43.42500 -88.13500 887 60 1368
KETC 35.93700 -77.55300 53 90 1217
KETH 45.78400 -96.54500 1025 40 1006
KETN 32.41900 -98.81000 1464 170 1228
KEUF 31.95800 -85.12800 285 180 1528
KEUG 44.13500 -123.21900 374 30 2443
KEUL 43.64700 -116.64300 2431 120 1675
KEVB 29.05500 -80.95800 10 20 1523
KEVM 47.42400 -92.50400 1378 50 1281
KEVU 40.35900 -94.92100 1150 140 1219
KEVV 38.03100 -87.53600 418 40 2445
KEVW 41.27100 -111.04700 7143 50 2312
KEVY 39.52600 -75.72200 70 110 1369
KEWB 41.68000 -70.96400 80 50 1523
KEWK 38.06500 -97.27600 1533 80 2138
KEWN 35.06500 -77.04800 18 40 1831
KEWR 40.67500 -74.17900 18 40 3355
KEXX 35.77700 -80.31000 732 60 1523
KEYE 39.82600 -86.29800 823 30 1281
KEYF 34.60700 -78.58400 133 150 1526
KEYQ 29.93500 -95.64500 137 90 1051
KEYW 24.55600 -81.76700 2 90 1461
KEZF 38.26400 -77.45200 85 60 887
KEZI 41.20400 -89.97400 858 10 1368
KEZM 32.20800 -83.13100 304 20 1988
KEZS 44.78900 -88.56700 813 110 1186
KEZZ 39.73300 -94.27700 1036 170 1224
KFAF 37.13500 -76.61300 12 140 961
KFAM 37.75600 -90.43100 947 20 1289
KFAR 46.93300 -96.81600 902 90 2744
KFAT 36.78300 -119.73300 335 110 2816
KFAY 34.98400 -78.88700 189 40 2353
KFBG 35.13100 -78.94400 242 90 1415
KFBL 44.33100 -93.31800 1060 20 1295
KFBR 41.38700 -110.41600 7034 40 1949
KFBY 40.18800 -97.16900 1479 110 1130
KFCH 36.73500 -119.82500 277 120 1105
KFCI 37.41200 -77.53100 237 150 1677
KFCM 44.82900 -93.47100 906 100 1521
KFCS 38.68300 -104.76200 5838 130 1394
KFCT 46.66600 -120.45800 1370 50 585
KFCY 34.94600 -90.77500 249 180 921
KFDK 39.41000 -77.38000 303 50 1591
KFDR 34.36000 -98.98900 1255 30 1832
KFDW 34.31000 -81.11400 577 40 1527
KFDY 41.02200 -83.66600 813 70 1982
KFEP 42.24000 -89.59000 859 60 1695
KFES 38.19800 -90.38500 433 180 672
KFET 41.45600 -96.52900 1203 10 1677
KFFA 36.01500 -75.67300 13 10 916
KFFC 33.36200 -84.57900 808 130 1592
KFFL 41.05900 -91.98200 799 80 1221
KFFM 46.28900 -96.16200 1182 130 1716
KFFO 39.81500 -84.06500 823 50 3838
KFFT 38.17900 -84.91300 803 60 1523
KFFZ 33.45600 -111.73400 1394 40 1554
KFGU 35.03900 -85.02000 859 30 1434
KFGX 38.53900 -83.75100 913 70 1521
KFHR 48.52700 -123.02500 113 160 1037
KFHU 31.58800 -110.36700 4719 30 3648
KFIG 41.05100 -78.42100 1516 120 1368
KFIT 42.55800 -71.76500 348 20 1373
KFKA 43.67800 -92.18700 1276 110 1219
KFKL 41.37000 -79.86300 1540 30 1586
KFKN 36.69900 -76.91100 41 90 1514
KFKR 40.27300 -86.56900 861 40 1520
KFKS 44.62900 -86.20600 633 150 1233
KFLD 43.77900 -88.48600 808 90 1812
KFLG 35.13100 -111.67900 7011 30 2134
KFLL 26.07700 -80.16700 9 90 2738
KFLO 34.18500 -79.73400 146 10 1977
KFLP 36.28700 -92.59700 719 40 1523
KFLU 40.78300 -73.83400 5 180 854
KFLV 39.37600 -94.91800 772 150 1802
KFLX 39.49400 -118.75700 3963 30 1737
KFME 39.08600 -76.76500 150 100 912
KFMH 41.66700 -70.53900 130 50 2891
KFMM 40.34100 -103.81000 4569 80 1591
KFMN 36.74100 -108.24000 5505 50 2038
KFMY 26.58000 -81.87100 17 50 1954
KFMZ 40.59500 -97.57100 1636 120 1511
KFNB 40.08300 -95.59600 984 140 1220
KFNL 40.46200 -105.01700 5016 60 2593
KFNT 42.97300 -83.74300 782 50 2394
KFOA 38.65800 -88.45700 473 30 1526
KFOD 42.54800 -94.20600 1157 60 1992
KFOE 38.96600 -95.67800 1078 30 3905
KFOK 40.83600 -72.63900 67 10 2742
KFOM 38.95400 -112.37000 4988 40 1538
KFOT 40.55700 -124.13800 392 110 1220
KFOZ 47.78700 -93.65300 1348 150 945
KFPK 42.57000 -84.81400 891 20 1070
KFPR 27.49700 -80.37900 23 90 1975
KFQD 35.42100 -81.93700 1078 10 1527
KFRG 40.73500 -73.42200 82 10 2079
KFRH 38.50400 -86.64600 792 80 1673
KFRI 39.04900 -96.77100 1063 40 1376
KFRM 43.64900 -94.42500 1162 20 1676
KFRR 38.91700 -78.25900 709 90 890
KFSD 43.57300 -96.75400 1429 30 2742
KFSE 47.59800 -95.77500 1277 160 1067
KFSI 34.65700 -98.40200 1188 170 1528
KFSK 37.80400 -94.76900 918 180 1345
KFSM 35.33400 -94.38100 469 10 2433
KFSO 44.93600 -73.09600 228 10 915
KFST 30.92000 -102.92700 3011 30 2287
KFSU 34.48300 -104.21700 4165 30 1756
KFSW 40.66400 -91.32900 724 80 1221
KFTG 39.79400 -104.56500 5512 80 2440
KFTK 37.90900 -85.98000 755 50 1583
KFTT 38.84100 -92.00000 886 50 1221
KFTW 32.83000 -97.36200 709 90 2292
KFTY 33.77900 -84.53000 841 80 1763
KFUL 33.87100 -117.98500 96 60 949
KFVE 47.28800 -68.32100 988 140 1399
KFVX 37.35200 -78.44100 417 30 1354
KFWA 40.96300 -85.21300 815 50 3655
KFWC 38.37800 -88.42200 436 90 1216
KFWN 41.19600 -74.62500 421 30 1067
KFWQ 40.20800 -79.83800 1228 80 1217
KFWS 32.57300 -97.31000 700 170 1834
KFXE 26.19800 -80.18100 13 80 1826
KFXY 43.24100 -93.62700 1230 90 1770
KFYE 35.20100 -89.39600 436 10 1527
KFYJ 37.52100 -76.77100 24 90 1141
KFYM 35.05200 -86.56600 984 20 1802
KFYV 36.01300 -94.17200 1251 160 1834
KFZG 31.67700 -83.27500 365 10 1529
KFZI 41.19100 -83.40200 752 90 1276
KFZY 43.35600 -76.39500 475 60 1583
KGAB 38.92500 -117.96900 4700 80 1800
KGAD 33.96600 -86.10100 569 60 2071
KGAF 48.40600 -97.38400 824 80 1312
KGAI 39.17200 -77.17200 539 140 1290
KGAO 29.45000 -90.26100 1 180 1162
KGAS 38.83000 -82.16900 566 50 1218
KGBD 38.35800 -98.85700 1887 110 2397
KGBG 40.93100 -90.43600 764 30 1766
KGBN 32.89900 -112.72000 858 50 2595
KGBR 42.18500 -73.40800 739 110 784
KGCC 44.35700 -105.54400 4365 30 2291
KGCK 37.93900 -100.72300 2891 120 2228
KGCM 36.30000 -95.48000 733 170 1588
KGCN 35.94300 -112.15700 6609 30 2745
KGCT 41.69200 -94.43500 1230 180 1040
KGCY 36.18700 -82.82300 1608 50 1920
KGDB 44.75800 -95.55900 1047 150 1130
KGDJ 32.44900 -97.82000 778 140 1100
KGDM 42.55400 -72.01700 955 180 915
KGDV 47.14300 -104.81400 2456 20 1736
KGDW 43.97200 -84.48300 776 90 1428
KGDY 37.23000 -82.12700 2304 50 731
KGED 38.68400 -75.36500 50 40 1524
KGEG 47.61400 -117.54400 2376 30 2739
KGEO 38.88700 -83.88400 958 170 1078
KGEU 33.51800 -112.30000 1071 10 2167
KGEV 36.43200 -81.42700 3180 100 1305
KGEY 44.52900 -108.08100 3933 70 2081
KGEZ 39.57800 -85.80500 804 10 1525
KGFA 47.49400 -111.20500 3526 30 3508
KGFD 39.79300 -85.73600 895 180 610
KGFK 47.95900 -97.18100 845 170 2240
KGFL 43.33600 -73.60900 328 10 1526
KGFZ 41.32600 -94.45000 1361 70 1039
KGGE 33.31000 -79.32600 39 50 1552
KGGF 40.87600 -101.73900 3424 150 1463
KGGG 32.39300 -94.72000 365 130 3048
KGGI 41.71500 -92.74300 1008 130 1583
KGGP 40.71100 -86.38300 738 90 1361
KGGW 48.21600 -106.62200 2294 80 1522
KGHG 42.09500 -70.67600 11 60 914
KGHM 35.83200 -87.44700 768 20 1222
KGHW 45.64800 -95.32300 1393 50 1372
KGIC 45.94300 -116.13300 3310 70 1550
KGIF 28.05900 -81.75800 145 40 1527
KGJT 39.13500 -108.54400 4858 40 3196
KGKJ 41.62300 -80.22300 1400 70 1522
KGKT 35.85900 -83.53800 1014 100 1675
KGKY 32.67200 -97.09600 627 160 1858
KGLD 39.37500 -101.70500 3656 50 1675
KGLE 33.66100 -97.19900 845 40 1833
KGLH 33.49700 -90.98200 131 180 2445
KGLR 45.01500 -84.71700 1328 90 1999
KGLS 29.27400 -94.85900 6 130 1835
KGLW 37.02900 -85.96200 715 70 1613
KGLY 38.35300 -93.68900 822 40 1219
KGMJ 36.61400 -94.73900 830 180 1603
KGMU 34.84000 -82.34900 1047 10 1647
KGNB 40.09100 -105.92600 8203 90 1549
KGNC 32.67900 -102.66500 3315 80 1635
KGNF 33.84100 -89.80900 208 40 2133
KGNG 42.91700 -114.77400 3728 70 1439
KGNT 35.17700 -107.91000 6537 80 2188
KGNV 29.69100 -82.28100 152 70 2283
KGOK 35.85500 -97.41700 1068 160 1252
KGON 41.32500 -72.04800 8 50 1524
KGOO 39.22400 -121.01100 3152 70 1323
KGOV 44.67900 -84.73500 1158 50 1525
KGPH 39.34000 -94.30800 777 180 1680
KGPI 48.29900 -114.26800 2977 20 2749
KGPM 32.70400 -97.04700 587 170 1223
KGPT 30.40000 -89.07700 27 40 2745
KGPZ 47.21500 -93.51300 1355 40 1754
KGQQ 40.75000 -82.72800 1224 50 1067
KGRB 44.49400 -88.13400 694 60 2501
KGRD 34.24800 -82.16700 631 90 1522
KGRE 38.84100 -89.37600 541 90 1222
KGRF 47.08700 -122.58400 302 150 1867
KGRI 40.98000 -98.31500 1847 130 2757
KGRK 31.08000 -97.83500 1015 150 3054
KGRN 42.80200 -102.18100 3562 40 1587
KGRR 42.87700 -85.54200 793 80 3040
KGSB 35.33500 -77.97900 110 80 3578
KGSH 41.52500 -85.80200 827 50 1520
KGSO 36.09900 -79.95900 926 50 3048
KGSP 34.88300 -82.22900 963 40 3356
KGTB 44.04500 -75.72600 690 30 3050
KGTE 40.92300 -100.15100 2559 30 1007
KGTF 47.46900 -111.38400 3677 30 3195
KGTG 45.79700 -92.66800 927 50 1009
KGTR 33.45900 -88.59100 264 180 2441
KGTU 30.68600 -97.67800 790 110 1529
KGUC 38.53200 -106.94500 7678 60 2858
KGUP 35.50800 -108.80100 6472 60 2225
KGUS 40.63600 -86.16800 812 50 3808
KGUY 36.69300 -101.50700 3123 60 1802
KGVE 38.15300 -78.16800 454 50 701
KGVL 34.26700 -83.83800 1275 50 1677
KGVQ 43.03200 -78.18000 913 100 1672
KGVT 33.07900 -96.06500 535 130 2454
KGVW 38.83200 -94.56400 1090 10 2654
KGWB 41.30700 -85.07300 880 90 1520
KGWO 33.49900 -90.08800 162 50 1987
KGWR 46.22400 -97.64500 1266 60 1543
KGWS 39.51200 -107.31400 5916 140 1042
KGWV 39.94500 -80.76000 648 10 793
KGWW 35.45500 -77.97100 134 50 1676
KGXY 40.45600 -104.63200 4697 90 3051
KGYB 30.17500 -96.98100 485 170 1223
KGYH 34.75000 -82.38500 955 50 2440
KGYI 33.72600 -96.67300 749 130 2750
KGYL 44.75900 -94.08600 992 130 1004
KGYR 33.41500 -112.38300 968 30 2593
KGYY 41.62100 -87.42200 592 20 2131
KGZH 31.40900 -87.04700 259 10 1223
KGZS 35.16000 -87.06100 685 160 1526
KHAB 34.12400 -87.99800 442 180 1680
KHAD 42.92300 -106.31700 5370 70 1137
KHAE 39.73100 -91.44500 773 170 1343
KHAF 37.51800 -122.50700 66 120 1525
KHAI 41.96000 -85.60100 824 50 1216
KHAO 39.36600 -84.53100 633 110 1673
KHAX 35.74800 -95.41900 627 110 1159
KHBC 48.77200 -101.54100 1649 130 950
KHBG 31.27000 -89.26000 151 130 1858
KHBI 35.64800 -79.89800 673 30 1679
KHBR 34.99900 -99.05400 1564 30 1683
KHBV 27.35400 -98.74200 663 130 1525
KHBW 43.64600 -90.34600 938 50 938
KHBZ 35.50900 -92.01900 632 50 1218
KHCD 44.86500 -94.38600 1060 150 1219
KHCO 48.75700 -96.94800 819 130 1220
KHDC 30.52800 -90.42500 45 130 1983
KHDE 40.44600 -99.33900 2313 110 1433
KHDI 35.21600 -84.83500 874 30 1006
KHDN 40.48700 -107.23400 6602 100 3041
KHDO 29.36400 -99.18500 930 40 1844
KHEE 34.58600 -90.67800 242 80 1527
KHEF 38.72800 -77.51900 192 160 1739
KHEG 30.26700 -81.81200 87 20 1222
KHEI 46.02000 -102.66100 2705 120 1397
KHEQ 40.57500 -102.27700 3730 140 1524
KHES 38.65600 -122.90100 278 130 825
KHEZ 31.62100 -91.30600 272 130 1982
KHFD 41.73200 -72.65000 18 20 1348
KHFF 35.03400 -79.50600 376 40 1524
KHFY 39.62100 -86.08900 822 10 1496
KHGR 39.70700 -77.74000 704 20 2135
KHHF 35.89000 -100.41000 2394 40 1524
KHHG 40.85300 -85.46600 806 90 1520
KHHR 33.92200 -118.34300 66 70 1512
KHHW 34.04100 -95.54200 571 170 1038
KHIB 47.39200 -92.84800 1353 40 2057
KHIE 44.36700 -71.55300 1074 100 1216
KHIF 41.14000 -111.98400 4789 140 4116
KHIG 39.07800 -93.67900 834 160 1343
KHII 34.58100 -114.36500 781 140 2441
KHIO 45.55000 -122.95900 204 20 1983
KHJH 40.15500 -97.59200 1466 30 1103
KHJO 36.32300 -119.63200 244 140 1579
KHKA 35.94700 -89.83100 255 180 1528
KHKS 32.34300 -90.22700 342 110 1645
KHKY 35.73500 -81.39700 1189 10 1949
KHLB 39.35100 -85.25800 973 180 1508
KHLC 39.38700 -99.83100 2230 170 1526
KHLG 40.16900 -80.65100 1195 30 1526
KHLM 42.79400 -86.16600 603 50 913
KHLN 46.60800 -111.99800 3877 50 2735
KHLR 31.14400 -97.71600 924 150 1440
KHLX 36.76000 -80.82500 2693 10 1284
KHMN 32.84600 -106.12500 4093 40 3929
KHMT 33.73100 -117.02900 1512 40 1314
KHMY 35.02900 -97.23200 1087 170 613
KHMZ 40.09000 -78.52100 1163 140 1524
KHNB 38.24900 -86.96200 529 90 1520
KHND 35.98100 -115.13500 2492 170 1985
KHNR 41.59000 -95.34300 1231 30 1250
KHNZ 36.35700 -78.53600 527 60 1524
KHOB 32.67900 -103.22600 3661 30 2255
KHOC 39.18600 -83.54300 977 50 1072
KHOE 31.06000 -82.77900 186 140 1220
KHON 44.39200 -98.24100 1289 120 2191
KHOP 36.66100 -87.50500 573 50 3601
KHOT 34.47300 -93.10600 540 50 2010
KHOU 29.63900 -95.28500 45 40 2319
KHPN 41.06700 -73.71600 439 110 1996
KHPT 42.72900 -93.22600 1176 170 1220
KHPY 29.79100 -94.95700 34 140 1323
KHQG 37.15600 -101.37500 3133 20 1526
KHQM 46.97000 -123.94600 18 60 1520
KHQU 33.53000 -82.52500 498 100 1582
KHQZ 32.75500 -96.53000 447 170 1833
KHRI 45.82500 -119.26700 644 40 1369
KHRJ 35.37500 -78.73800 202 50 1524
KHRL 26.24000 -97.65900 36 130 2539
KHRO 36.27000 -93.15400 1365 180 1882
KHRT 30.44200 -86.69000 38 180 2935
KHRU 38.68900 -96.80800 1480 170 1277
KHRX 34.85200 -102.33200 3785 30 1643
KHSA 30.37900 -89.45500 22 180 2598
KHSB 37.80900 -88.55900 396 60 1531
KHSD 35.60900 -97.70600 1193 170 1528
KHSE 35.23100 -75.62200 17 70 913
KHSI 40.61400 -98.43400 1961 40 1967
KHSP 37.94700 -79.84200 3792 70 1704
KHSR 43.36300 -103.39200 3148 10 1373
KHST 25.47900 -80.39600 6 50 3416
KHSV 34.65300 -86.78200 629 180 3849
KHTH 38.54800 -118.64300 4215 50 1827
KHTL 44.36100 -84.67600 1150 90 1215
KHTO 40.95900 -72.26000 56 40 1294
KHTS 38.37200 -82.57000 828 30 1982
KHTW 38.41800 -82.50100 568 80 974
KHUA 34.68900 -86.68700 685 170 2230
KHUF 39.44100 -87.32300 589 50 2748
KHUL 46.11700 -67.79700 489 10 1528
KHUM 29.57500 -90.66000 10 120 1985
KHUT 38.07400 -97.87100 1543 40 2135
KHVC 36.85500 -87.46400 564 80 1673
KHVE 38.41700 -110.71400 4443 80 1731
KHVN 41.25600 -72.88800 14 20 1709
KHVR 48.54400 -109.77300 2590 30 1581
KHVS 34.39700 -80.12200 364 30 1527
KHWD 37.66200 -122.13000 52 100 1733
KHWO 26.00700 -80.24400 9 10 1025
KHWQ 46.45500 -109.86300 4311 80 1283
KHWV 40.82200 -72.87200 81 60 1287
KHWY 38.59300 -77.71800 337 150 1524
KHXD 32.21900 -80.70100 19 30 1313
KHXF 43.35100 -88.39700 1070 110 913
KHYA 41.67500 -70.29200 55 60 1655
KHYI 29.89200 -97.87700 597 80 1925
KHYR 46.02000 -91.44800 1216 20 1524
KHYS 38.85300 -99.27600 1998 40 1984
KHYW 33.82300 -79.12600 34 40 1343
KHYX 43.43400 -83.87200 601 50 1525
KHZD 36.08300 -88.46500 496 10 1680
KHZE 47.29600 -101.58500 1813 140 1523
KHZL 40.98700 -76.00400 1603 100 1489
KHZR 30.72500 -91.47800 39 180 1529
KHZX 46.62200 -93.31400 1228 140 1034
KHZY 41.77700 -80.70500 924 80 1580
KIAB 37.60700 -97.27300 1371 10 3665
KIAD 38.94500 -77.47500 313 10 3511
KIAG 43.11000 -78.96900 589 60 2988
KIAH 29.98800 -95.35800 97 80 3665
KIBM 41.19000 -103.68800 4926 100 1887
KICL 40.71500 -95.03100 994 20 1525
KICT 37.63500 -97.44600 1333 10 3144
KIDA 43.51100 -112.06200 4744 170 2742
KIDG 42.33500 -95.45000 1245 120 965
KIDI 40.63300 -79.11300 1405 100 1216
KIDL 33.49500 -90.67900 126 40 2136
KIDP 37.16500 -95.77700 825 40 1680
KIEN 43.02600 -102.51400 3333 60 1522
KIER 31.74000 -93.09900 121 70 1529
KIFA 42.47500 -93.27500 1137 130 1218
KIFP 35.16600 -114.56000 701 160 2291
KIGM 35.25100 -113.94800 3449 30 2081
KIGQ 41.53600 -87.52800 620 90 1221
KIGX 35.93400 -79.07300 512 90 1218
KIIB 42.45900 -91.94800 978 170 1220
KIIY 33.78300 -82.82100 645 130 1225
KIJD 41.73800 -72.18300 247 40 1301
KIJX 39.77900 -90.24500 624 40 1523
KIKG 27.55700 -98.03700 131 130 1831
KIKK 41.06600 -87.85500 630 40 1816
KIKV 41.69800 -93.56600 910 40 1678
KILE 31.07900 -97.68900 848 10 1679
KILG 39.67800 -75.62000 79 10 2179
KILM 34.26200 -77.91000 32 60 2443
KILN 39.41900 -83.80900 1077 40 3262
KIML 40.51500 -101.62600 3275 30 1532
KIMM 26.42600 -81.40500 36 40 1530
KIMS 38.75500 -85.46900 817 30 1342
KIMT 45.81100 -88.11500 1182 10 1982
KIND 39.70600 -86.32100 797 50 3412
KINJ 32.08900 -97.09900 685 160 1222
KINK 31.78300 -103.20800 2822 40 1525
KINL 48.57300 -93.41300 1185 40 2252
KINS 36.58400 -115.69600 3133 80 2738
KINT 36.13300 -80.22900 969 40 2030
KINW 35.01400 -110.73800 4941 40 2283
KIOB 38.05200 -83.98400 1019 30 1526
KIOW 41.63900 -91.55500 668 70 1324
KIPJ 35.47800 -81.16800 875 50 1685
KIPL 32.84300 -115.57900 -54 80 1619
KIPT 41.23900 -76.93400 529 90 1969
KIRK 40.10100 -92.54400 966 90 1833
KIRS 41.82000 -85.44100 925 60 1587
KISB 43.37400 -95.76000 1537 170 911
KISM 28.29600 -81.44200 82 60 1832
KISN 48.18400 -103.65500 1982 20 2023
KISO 35.32000 -77.62200 93 50 3506
KISP 40.78900 -73.11200 99 60 2134
KISQ 45.97500 -86.18200 685 100 1519
KISW 44.35300 -89.84200 1021 20 1677
KISZ 39.24400 -84.39400 856 60 1065
KITH 42.49700 -76.46800 1099 140 2013
KITR 39.24900 -102.28900 4219 150 1587
KIWA 33.31800 -111.67300 1382 120 3172
KIWD 46.52800 -90.14400 1230 90 1976
KIWH 40.76100 -85.80800 796 90 1338
KIWI 43.95900 -69.71800 74 250 1034
KIWS 29.82300 -95.67500 111 150 1207
KIXD 38.84000 -94.89200 1087 40 2240
KIYK 35.66700 -117.83300 2455 20 2154
KIZA 34.60700 -120.08000 671 80 853
KIZG 43.99400 -70.95500 454 140 1278
KJAC 43.59900 -110.74200 6451 10 1915
KJAN 32.32800 -90.07800 346 160 2596
KJAS 30.89300 -94.03500 213 180 1681
KJAU 36.33000 -84.16800 1180 50 1220
KJAX 30.49600 -81.70000 30 80 3044
KJBR 35.82900 -90.65100 262 50 1889
KJCT 30.51700 -99.76400 1749 80 1529
KJDD 32.74800 -95.49600 434 180 1223
KJDN 47.33100 -106.96100 2662 100 1317
KJEF 38.59600 -92.16400 549 90 1827
KJER 42.72800 -114.46600 4053 80 1520
KJES 31.55500 -81.89100 108 100 1673
KJFK 40.64800 -73.81700 13 40 4435
KJFX 33.90200 -87.32200 482 90 1520
KJGG 37.24100 -76.72100 49 130 975
KJHW 42.14800 -79.26800 1723 70 1616
KJKA 30.29000 -87.68000 17 90 2118
KJKJ 46.84200 -96.67100 917 120 1308
KJKL 37.58800 -83.31800 1381 10 1343
KJLN 37.15800 -94.50700 981 50 1985
KJMR 45.89400 -93.27200 1012 110 1219
KJMS 46.93600 -98.68700 1498 40 1978
KJNX 35.53400 -78.39500 165 30 1678
KJOT 41.51500 -88.18000 581 40 983
KJQF 35.37800 -80.71100 690 20 2261
KJSO 31.87500 -95.22300 677 140 1529
KJST 40.32400 -78.84200 2284 50 2134
KJSV 35.44400 -94.80300 528 170 1222
KJVL 42.62800 -89.05500 808 40 2223
KJVY 38.37200 -85.73800 474 140 1679
KJWG 35.87000 -98.42100 1548 170 1223
KJWN 36.17500 -86.88900 495 20 1679
KJWY 32.46700 -96.91100 713 180 1983
KJXI 32.70400 -94.94900 415 180 1223
KJXN 42.25600 -84.46700 1001 60 1627
KJYG 43.99100 -94.56200 1067 150 1219
KJYL 32.64000 -81.60100 188 50 1524
KJYM 41.92200 -84.59300 1182 100 1216
KJYO 39.08500 -77.56100 389 170 1678
KJYR 40.90500 -97.62400 1670 50 1802
KJZI 32.70500 -80.01200 17 40 1632
KJZP 34.46000 -84.46000 1535 160 1527
KKIC 36.23200 -121.12700 370 110 1361
KKLS 46.12300 -122.90400 20 120 1337
KKNB 37.00300 -112.53500 4868 10 1889
KLAA 38.07500 -102.69000 3706 80 1924
KLAF 40.40800 -86.93900 605 50 2013
KLAL 27.98900 -82.03400 142 50 2586
KLAM 35.88100 -106.27900 7171 90 1687
KLAN 42.78200 -84.58500 861 100 2297
KLAR 41.30300 -105.68700 7284 30 2590
KLAS 36.07600 -115.17100 2141 10 4520
KLAW 34.57900 -98.41700 1109 170 2627
KLAX 33.93600 -118.41900 126 60 3678
KLBB 33.68200 -101.82900 3282 80 3513
KLBE 40.26500 -79.42100 1185 30 2600
KLBF 41.13200 -100.69000 2776 120 2440
KLBL 37.05400 -100.95600 2885 30 2170
KLBO 37.65500 -92.65200 1321 90 1527
KLBR 33.59700 -95.06400 440 170 917
KLBT 34.60400 -79.06700 126 10 1680
KLBX 29.11800 -95.46200 25 170 2140
KLCG 42.24900 -96.98000 1431 40 1284
KLCH 30.12900 -93.22800 15 50 1985
KLCI 43.57000 -71.42800 545 80 1797
KLCK 39.80100 -82.94200 744 50 3687
KLCQ 30.18400 -82.59000 201 50 2435
KLDJ 40.61600 -74.25200 23 90 1259
KLDM 43.95900 -86.41300 645 70 1521
KLEB 43.62600 -72.31200 603 70 1672
KLEE 28.82900 -81.81600 77 30 1525
KLEM 45.92300 -102.11200 2571 110 1369
KLEW 44.04200 -70.28800 288 40 1524
KLEX 38.02800 -84.61400 979 40 2134
KLFI 37.07800 -76.37600 11 80 3051
KLFK 31.23400 -94.75700 296 70 1642
KLFT 30.19600 -91.99400 42 40 2452
KLGA 40.76900 -73.88400 22 40 2134
KLGB 33.82600 -118.16200 60 70 3049
KLGC 33.01200 -85.07900 693 30 1706
KLGD 45.29600 -118.01200 2717 120 1704
KLGF 32.87500 -114.39300 422 60 1852
KLGU 41.80600 -111.84800 4457 50 2775
KLHB 30.87700 -96.62200 285 180 1223
KLHC 35.28800 -89.67600 312 150 1160
KLHM 38.91700 -121.35400 121 150 1832
KLHQ 39.75600 -82.66600 868 100 1521
KLHV 41.13500 -77.42900 556 90 1158
KLHW 31.88400 -81.57100 45 60 1530
KLHX 38.04800 -103.52300 4238 80 2083
KLHZ 36.01800 -78.33600 369 50 1677
KLIC 39.28100 -103.66700 5374 160 1434
KLIT 34.72300 -92.23800 262 40 2521
KLIU 33.92000 -102.38800 3616 10 1228
KLJF 45.10100 -94.51200 1140 130 1219
KLKP 44.27000 -73.96800 1747 140 1278
KLKR 34.71900 -80.86300 486 60 1828
KLKU 38.00900 -77.97800 493 90 1308
KLKV 42.16800 -120.39900 4733 160 1619
KLLJ 44.52900 -114.21700 5072 160 1391
KLLN 33.55800 -102.37200 3514 80 1867
KLLQ 33.63300 -91.75500 270 30 1531
KLLR 39.26600 -123.76100 572 110 1588
KLLU 37.48600 -94.31400 1009 30 885
KLMO 40.16800 -105.17100 5052 110 1461
KLMS 33.15200 -89.06400 575 170 1380
KLMT 42.16900 -121.74000 4095 10 3141
KLNA 26.59100 -80.09100 14 30 1062
KLNC 32.58400 -96.72400 500 130 1983
KLND 42.81100 -108.73500 5586 30 1525
KLNK 40.86300 -96.76200 1219 140 3937
KLNL 46.15900 -89.21600 1704 50 1218
KLNN 41.68000 -81.39700 626 50 1531
KLNP 36.98300 -82.53800 2684 60 1608
KLNR 43.21300 -90.18700 717 90 1520
KLNS 40.12000 -76.30400 403 80 2109
KLOL 40.06200 -118.57300 3904 10 1686
KLOM 40.13500 -75.27000 301 60 1128
KLOT 41.60800 -88.10500 680 20 1788
KLOU 38.22500 -85.66900 546 60 1326
KLOZ 37.08200 -84.08500 1212 60 1752
KLPC 34.66600 -120.47500 88 70 1399
KLPR 41.34100 -82.18600 793 70 1521
KLQK 34.80500 -82.70900 1013 50 1524
KLQR 38.21600 -99.08500 2011 40 1283
KLRD 27.55600 -99.45900 507 140 2674
KLRF 34.91100 -92.16500 311 60 3651
KLRG 45.36500 -68.53800 208 170 853
KLRJ 42.78300 -96.19300 1196 180 1205
KLRO 32.90300 -79.78400 12 170 1160
KLRU 32.28500 -106.93200 4456 40 2286
KLRY 38.61600 -94.34400 915 170 1221
KLSB 32.33700 -108.69700 4289 10 1527
KLSE 43.89300 -91.25900 653 30 2666
KLSF 32.34300 -84.99700 232 150 3052
KLSK 42.75700 -104.41300 4964 100 1538
KLSN 37.06700 -120.87200 119 140 917
KLSV 36.22700 -115.04700 1870 30 3085
KLTS 34.68200 -99.27400 1382 170 4106
KLTY 48.51100 -111.00000 3160 70 1405
KLUD 33.26000 -97.58100 1047 170 1191
KLUF 33.52300 -112.39900 1084 30 3053
KLUG 35.50000 -86.80700 717 20 1543
KLUK 39.09300 -84.41900 483 30 1861
KLUL 31.67800 -89.17900 238 130 1681
KLUM 44.89100 -91.87700 895 90 1543
KLVJ 29.52600 -95.24600 44 140 1316
KLVK 37.69400 -121.82900 400 70 1597
KLVL 36.77900 -77.79400 329 60 922
KLVM 45.69300 -110.45500 4660 40 1734
KLVN 44.63000 -93.23500 960 120 1247
KLVS 35.66400 -105.14900 6877 20 2501
KLWA 42.34800 -86.26000 666 40 1462
KLWB 37.85000 -80.40600 2302 40 2135
KLWC 39.01900 -95.22000 832 10 1739
KLWL 41.11700 -114.93200 5772 10 1677
KLWM 42.71100 -71.12900 148 50 1524
KLWS 46.37400 -117.02800 1438 80 1979
KLWT 47.05300 -109.47000 4170 20 1853
KLWV 38.76800 -87.60100 430 40 1587
KLXL 45.95300 -94.35100 1122 130 1217
KLXN 40.79700 -99.78300 2413 10 1677
KLXT 38.96700 -94.37300 1004 110 1226
KLXV 39.22800 -106.31800 9927 160 1954
KLXY 31.64500 -96.51400 544 180 1223
KLYH 37.31800 -79.20600 938 40 1768
KLYO 38.34600 -98.22900 1691 140 916
KLZD 41.82200 -71.90500 237 130 821
KLZU 33.97400 -83.97100 1061 70 1827
KLZZ 31.11200 -98.19700 1215 160 1284
KMAC 32.82300 -83.57100 437 100 1428
KMAE 36.99400 -120.11900 253 70 1691
KMAF 31.95900 -102.20600 2871 40 2904
KMAI 30.83100 -85.19000 110 40 1524
KMAL 44.84900 -74.33600 790 50 1215
KMAN 43.58500 -116.53100 2537 110 1522
KMAO 34.17600 -79.33900 92 40 1374
KMAW 36.60700 -89.99300 295 40 1530
KMBG 45.55000 -100.41500 1715 120 1343
KMBL 44.27300 -86.25500 621 90 1672
KMBO 32.44500 -90.10400 326 170 1358
KMBS 43.52700 -84.08900 668 50 2436
KMBT 35.88300 -86.37700 615 180 1191
KMBY 39.46700 -92.43200 867 50 1300
KMCB 31.18500 -90.47500 413 150 1527
KMCC 38.68200 -121.40100 75 160 3236
KMCD 45.86400 -84.64400 740 80 1064
KMCE 37.29100 -120.52100 156 120 1800
KMCF 27.83700 -82.53300 14 40 3485
KMCI 39.29300 -94.72900 1026 10 3297
KMCK 40.21300 -100.59900 2583 30 1969
KMCN 32.68600 -83.66100 354 50 1981
KMCO 28.44800 -81.32200 96 170 3671
KMCW 43.16900 -93.32800 1213 120 1983
KMCX 40.71400 -86.76700 676 180 1221
KMCZ 35.85600 -77.18200 76 30 1526
KMDA 29.43500 -98.38300 674 130 915
KMDD 32.03700 -102.10900 2803 70 1528
KMDF 36.49000 -99.19400 1970 170 1067
KMDH 37.79100 -89.24800 411 60 1987
KMDQ 34.86800 -86.55700 756 180 1529
KMDS 44.02300 -97.09100 1716 30 1524
KMDT 40.19900 -76.77900 310 130 3043
KMDW 41.79200 -87.76100 620 40 1986
KMDZ 45.10300 -90.31000 1470 90 1520
KMEB 34.79000 -79.37200 220 50 1978
KMEI 32.31800 -88.75600 297 10 3056
KMEJ 37.28400 -100.35600 2529 80 1466
KMEM 35.05500 -89.97600 341 90 3397
KMER 37.39300 -120.58100 191 130 3598
KMEV 39.00500 -119.75900 4726 120 2257
KMEY 42.17500 -95.79600 1116 20 854
KMEZ 34.54300 -94.20800 1079 90 1825
KMFD 40.83300 -82.52800 1297 50 2742
KMFE 26.18300 -98.24600 106 130 2173
KMFI 44.64400 -90.19400 1277 40 1525
KMFR 42.38600 -122.87900 1335 90 2684
KMFV 37.64100 -75.76400 47 30 1525
KMGC 41.69800 -86.82400 655 20 1250
KMGE 33.91900 -84.53200 1068 110 3043
KMGG 45.23700 -93.99100 1028 100 850
KMGJ 41.50500 -74.26900 365 30 1527
KMGM 32.30200 -86.41000 221 30 2741
KMGN 45.42600 -84.92200 686 100 1264
KMGR 31.08000 -83.80900 294 40 1565
KMGW 39.65100 -79.91900 1248 50 1587
KMGY 39.58300 -84.22800 957 20 1525
KMHE 43.78100 -98.05200 1304 120 2040
KMHK 39.13200 -96.67900 1057 30 2133
KMHL 39.10200 -93.20000 779 90 1435
KMHN 42.04300 -101.06400 3260 90 771
KMHP 32.37400 -82.08500 197 100 1099
KMHR 38.54500 -121.31400 96 40 3441
KMHT 42.94200 -71.44000 241 60 2820
KMHV 35.06900 -118.16000 2791 40 3812
KMIA 25.78600 -80.31500 8 80 3956
KMIB 48.42600 -101.38000 1668 110 4014
KMIC 45.06400 -93.35800 869 60 994
KMIE 40.24900 -85.40600 937 20 1980
KMIO 36.91600 -94.88700 808 170 1533
KMIT 35.51100 -119.20100 421 120 1372
KMIV 39.36700 -75.08200 85 100 1825
KMIW 42.11700 -92.92400 974 120 1524
KMJD 30.49400 -89.65100 56 180 1528
KMJQ 43.65400 -94.99200 1446 40 1094
KMJX 39.92200 -74.30000 82 60 1811
KMKA 44.53000 -98.96100 1569 150 1098
KMKC 39.11500 -94.59500 759 10 2137
KMKE 42.93100 -87.89800 723 10 2959
KMKG 43.16200 -86.25100 628 60 1978
KMKJ 36.89300 -81.35900 2558 80 1597
KMKL 35.59000 -88.92000 434 20 1833
KMKN 31.92400 -98.60000 1388 130 1390
KMKO 35.66100 -95.36700 612 40 2195
KMKT 44.23000 -93.92300 1020 40 1649
KMKV 31.09100 -92.07300 79 40 1154
KMKY 26.00200 -81.67400 5 170 1529
KMLB 28.10100 -80.66100 33 50 3098
KMLC 34.87500 -95.78700 770 10 1710
KMLD 42.17300 -112.29700 4503 160 1513
KMLE 41.19900 -96.11800 1051 120 1159
KMLF 38.43300 -113.01300 5039 160 1527
KMLI 41.44900 -90.52700 590 50 3041
KMLJ 33.15400 -83.25000 384 100 1673
KMLK 48.34900 -107.89300 2280 70 1098
KMLS 46.42200 -105.89700 2630 40 1728
KMLT 45.64900 -68.69300 408 110 1433
KMLU 32.50400 -92.04600 79 40 2289
KMMH 37.62700 -118.85000 7128 90 2129
KMMI 35.39100 -84.56500 858 20 1527
KMMK 41.51300 -72.83100 103 180 946
KMML 44.45900 -95.83800 1180 20 2198
KMMS 34.22700 -90.29100 162 20 1023
KMMT 33.92700 -80.81100 252 50 2744
KMMU 40.79300 -74.41900 187 50 1833
KMMV 45.19200 -123.14800 163 40 1649
KMNF 36.99400 -91.72300 1181 100 1522
KMNI 33.58200 -80.21000 103 20 1100
KMNM 45.12300 -87.64400 625 30 1828
KMNN 40.61100 -83.07100 993 70 1521
KMNV 35.54200 -84.38400 1031 50 1067
KMNZ 31.67300 -98.14700 1299 180 1528
KMOB 30.70200 -88.25400 219 140 2601
KMOD 37.63000 -120.96000 97 100 1798
KMOP 43.62200 -84.74400 755 50 1520
KMOR 36.17400 -83.38300 1313 50 1737
KMOT 48.26500 -101.28900 1716 80 2344
KMOX 45.56900 -95.97100 1138 40 1218
KMPE 32.80600 -89.12500 456 180 1528
KMPI 37.51200 -120.04500 2254 80 1005
KMPJ 35.13200 -92.91400 923 30 1793
KMPO 41.13400 -75.38200 1916 50 1219
KMPR 38.35900 -97.68900 1497 80 1679
KMPV 44.20700 -72.56800 1165 50 1524
KMPZ 40.95100 -91.51400 734 30 1220
KMQB 40.52000 -90.66100 707 90 1551
KMQI 35.91400 -75.70100 14 50 1311
KMQJ 39.83700 -85.90900 862 70 1673
KMQT 46.53200 -87.57600 1419 10 1976
KMQW 32.09100 -82.88300 202 30 1231
KMQY 36.01800 -86.52900 543 10 2450
KMRB 39.39800 -77.99800 557 80 2384
KMRC 35.55000 -87.18700 681 60 1829
KMRF 30.37800 -104.02500 4849 40 1895
KMRH 34.73300 -76.66900 11 30 1293
KMRJ 42.89000 -90.24800 1171 40 1520
KMRN 35.81300 -81.61500 1270 30 1679
KMRT 40.22400 -83.35900 1021 90 1282
KMRY 36.59100 -121.85700 257 100 2317
KMSA 33.13500 -94.97600 404 170 1173
KMSL 34.74900 -87.61700 550 110 2037
KMSN 43.14900 -89.34100 887 30 2747
KMSO 46.92500 -114.10700 3205 70 2891
KMSP 44.87200 -93.23800 841 40 3351
KMSS 44.93000 -74.84900 215 50 1523
KMSV 41.70900 -74.80200 1403 150 1919
KMSY 29.99700 -90.28200 3 10 3075
KMTC 42.60200 -82.83700 580 10 2746
KMTH 24.72400 -81.05800 5 70 1525
KMTJ 38.53000 -107.89300 5759 130 3052
KMTN 39.33200 -76.42200 22 150 2132
KMTO 39.48100 -88.29000 722 60 1978
KMTP 41.07300 -71.92500 6 60 1060
KMTV 36.63400 -80.02600 941 120 1523
KMTW 44.13400 -87.68400 651 70 1525
KMUI 40.43200 -76.57500 489 70 1207
KMUL 31.13400 -83.71900 292 40 1525
KMUO 43.05700 -115.89000 2996 70 4112
KMUT 41.36200 -91.15400 547 60 1674
KMUU 40.31400 -77.87900 560 40 952
KMVC 31.45100 -87.35600 419 30 1837
KMVE 44.97300 -95.71400 1034 30 1218
KMVI 37.52000 -106.05300 7611 20 1800
KMVL 44.53000 -72.61400 732 10 1129
KMVM 44.70700 -67.48100 96 180 887
KMVN 38.31800 -88.86700 480 50 1980
KMVY 41.38600 -70.62000 68 10 1677
KMWA 37.74800 -89.01800 472 20 2445
KMWC 43.11600 -88.03900 745 40 1251
KMWH 47.22600 -119.32700 1185 40 4115
KMWK 36.46600 -80.55400 1247 180 1314
KMWL 32.78700 -98.06400 974 130 1830
KMWM 43.91800 -95.10900 1410 170 1098
KMWO 39.52600 -84.40400 650 50 1858
KMXA 35.90000 -90.15500 242 180 1284
KMXF 32.39100 -86.37300 171 150 2446
KMXO 42.22700 -91.16800 833 90 1341
KMYF 32.81800 -117.14500 427 50 1396
KMYJ 39.15400 -91.82600 823 60 1674
KMYL 44.89700 -116.10200 5020 160 1863
KMYR 33.69300 -78.93200 24 180 2903
KMYV 39.10500 -121.57500 62 50 1832
KMYZ 39.86200 -96.63300 1283 20 1281
KMZH 46.41500 -92.80900 1076 40 975
KMZJ 32.51600 -111.33300 1892 120 2021
KMZZ 40.48300 -85.68700 859 40 1832
KNBC 32.47100 -80.73000 37 50 3721
KNBE 32.74600 -96.96800 491 170 2440
KNBG 29.82400 -90.03700 3 40 3048
KNBJ 30.38900 -87.63800 54 90 1220
KNCA 34.70500 -77.44800 26 10 1559
KNDY 38.33600 -77.04000 20 160 1290
KNDZ 30.70300 -87.02300 177 50 1853
KNEL 40.04000 -74.36000 103 60 1524
KNEN 30.35700 -81.88400 99 110 2409
KNEW 30.05300 -90.03000 7 90 2104
KNFD 30.50600 -87.65100 149 40 912
KNFE 36.68400 -76.14300 16 50 2458
KNFG 33.29600 -117.36200 78 30 1829
KNFJ 30.52100 -86.95800 102 40 2471
KNFL 39.43600 -118.71400 3934 70 4269
KNFW 32.78600 -97.44100 650 170 3667
KNGP 27.70100 -97.30200 19 40 2442
KNGS 30.60700 -86.94500 150 50 1376
KNGU 36.93700 -76.30300 15 100 2154
KNGW 27.70600 -97.44300 30 130 1536
KNHK 38.27700 -76.42200 39 20 3597
KNHL 30.34200 -87.54600 61 40 913
KNID 35.67600 -117.70800 2283 30 3046
KNIP 30.23200 -81.69000 22 90 2434
KNJK 32.82900 -115.68700 -42 120 2907
KNJM 34.68600 -77.03300 21 50 1219
KNJW 32.80400 -88.84100 540 130 2432
KNKL 30.42200 -86.89800 39 50 1109
KNKT 34.92000 -76.90000 29 50 2738
KNKX 32.86500 -117.16500 478 60 3651
KNLC 36.36400 -119.96100 234 140 4120
KNMM 32.53000 -88.57100 317 10 2445
KNOG 27.88500 -98.04900 257 10 2446
KNOW 48.14200 -123.42300 13 70 1368
KNPA 30.35100 -87.32900 28 10 2436
KNQA 35.34800 -89.87900 320 40 2439
KNQB 30.56500 -87.81400 129 50 958
KNQI 27.51400 -97.81500 50 130 2447
KNQX 24.57200 -81.70000 6 30 3045
KNRA 48.19500 -122.63600 199 140 1622
KNRB 30.38300 -81.43300 17 50 2441
KNRC 37.41900 -121.10800 166 120 2425
KNRN 39.85900 -99.89700 2383 80 1435
KNRQ 30.62500 -87.14400 151 40 566
KNRS 32.56800 -117.12300 24 80 1521
KNSE 30.71500 -87.03300 199 50 1830
KNSI 33.24900 -119.47000 506 120 3049
KNTD 34.10800 -119.13100 13 30 3388
KNTK 33.70600 -117.83100 54 60 914
KNTU 36.80500 -76.05000 22 50 3657
KNUC 33.01800 -118.60200 182 50 2831
KNUI 38.14200 -76.43400 22 80 1524
KNUN 30.47000 -87.34700 85 50 1624
KNUQ 37.42900 -122.05500 33 140 2808
KNUW 48.35100 -122.67300 47 70 2437
KNVD 37.84400 -94.31000 892 20 1800
KNVI 30.70000 -87.19400 180 180 927
KNWL 27.64200 -97.31700 25 130 1560
KNXP 34.30000 -116.17400 2051 100 2439
KNXX 40.20900 -75.15700 357 150 2439
KNYG 38.49800 -77.30700 11 20 1306
KNYL 32.63700 -114.62900 213 170 4055
KNZJ 33.68500 -117.73000 383 30 3050
KNZW 42.15700 -70.94500 162 80 2135
KNZX 30.68100 -86.90100 150 90 1544
KNZY 32.71000 -117.21200 26 110 2444
KOAJ 34.82200 -77.62000 94 50 2164
KOAK 37.71900 -122.24100 9 90 3046
KOAR 36.68400 -121.76700 137 110 913
KOBE 27.25900 -80.85400 34 50 1544
KOBI 39.21400 -74.79700 42 10 1009
KOCF 29.17900 -82.22300 89 80 2112
KOCH 31.58500 -94.71000 355 180 1528
KOCQ 44.87500 -87.91500 604 40 973
KOCW 35.56700 -77.05600 38 50 1526
KODO 31.91400 -102.39300 3004 20 1741
KODX 41.62900 -98.95900 2070 130 1438
KOEA 38.68800 -87.55900 414 30 1054
KOEB 41.93000 -85.06400 959 40 1628
KOEL 39.11700 -100.81800 3045 80 1526
KOEO 45.31000 -92.69700 903 40 1155
KOFF 41.12900 -95.92500 1052 120 3563
KOFK 41.97800 -97.43700 1573 10 1772
KOFP 37.71500 -77.44100 208 160 1647
KOGA 41.11800 -101.78100 3278 80 1549
KOGB 33.46100 -80.86200 195 50 1650
KOGD 41.18800 -112.02100 4473 30 2468
KOGM 46.85000 -89.36900 669 160 1065
KOGS 44.68000 -75.47500 297 90 1581
KOIC 42.56000 -75.52500 1025 10 1441
KOIN 39.84000 -100.54000 2703 30 1158
KOJA 35.55100 -98.66900 1605 170 1344
KOJC 38.85300 -94.73800 1096 180 1251
KOKB 33.21700 -117.35600 28 60 825
KOKC 35.40600 -97.58900 1295 130 3145
KOKK 40.52300 -86.06700 830 50 1585
KOKM 35.67500 -95.94900 720 40 1573
KOKS 41.40600 -102.36300 3394 120 1432
KOKV 39.14900 -78.15100 727 140 1676
KOKZ 32.97000 -82.84500 438 120 1527
KOLD 44.95400 -68.68300 126 40 1215
KOLE 42.23500 -78.37600 2135 40 1463
KOLF 48.09800 -105.58400 1986 110 1548
KOLG 46.31100 -91.81700 1102 10 945
KOLM 46.97600 -122.90300 209 80 1677
KOLS 31.41100 -110.85600 3955 30 2194
KOLU 41.45700 -97.35000 1444 20 2075
KOLV 34.98700 -89.78700 402 180 1833
KOLY 38.72500 -88.18400 482 30 1247
KOLZ 42.68400 -91.98000 1076 130 1218
KOMA 41.31400 -95.90600 984 140 2898
KOMH 38.24500 -78.05100 465 70 973
KOMK 48.47100 -119.51700 1305 170 1422
KOMN 29.30100 -81.12000 28 80 1218
KONA 44.08300 -91.71900 656 120 1582
KONL 42.47400 -98.69300 2031 40 1343
KONM 34.02900 -106.90300 4875 60 1784
KONO 44.02600 -117.01600 2193 140 1313
KONP 44.57900 -124.06000 160 20 1657
KONT 34.05500 -117.61600 944 80 3742
KONX 36.39400 -76.02000 16 50 1220
KONY 33.35800 -98.82000 1275 40 1559
KONZ 42.09300 -83.16200 591 40 1477
KOOA 41.22900 -92.49900 840 40 1219
KOPF 25.91300 -80.28900 8 90 2435
KOPL 30.56800 -92.09900 75 50 1788
KOPN 32.95900 -84.27300 798 120 1934
KOQU 41.59100 -71.40600 18 10 2433
KOQW 42.05400 -90.74100 769 150 1006
KORB 48.02000 -92.86200 1311 130 1218
KORC 42.99600 -96.06500 1414 160 1296
KORD 41.96900 -87.93200 668 40 3952
KORE 42.56100 -72.29000 555 10 1526
KORF 36.88800 -76.20600 26 50 2446
KORG 30.06200 -93.80800 13 40 1678
KORH 42.26700 -71.89100 1009 110 2128
KORK 34.82900 -92.25900 545 50 1523
KORL 28.54300 -81.33900 112 70 1828
KORS 48.71200 -122.91100 25 160 882
KOSA 33.10200 -94.96300 363 170 1528
KOSC 44.44300 -83.41300 634 60 3590
KOSH 43.98600 -88.55600 808 40 2441
KOSU 40.07700 -83.08200 905 50 1521
KOSX 33.09500 -89.54800 480 140 1526
KOTG 43.65800 -95.58500 1574 110 1675
KOTH 43.41500 -124.26100 17 40 1619
KOTM 41.11100 -92.45600 845 40 1793
KOTN 38.85900 -87.50000 426 180 1771
KOUN 35.23600 -97.47600 1182 30 1589
KOVE 39.47900 -121.63200 192 10 1836
KOVL 44.78100 -95.03900 1076 110 1064
KOVO 39.04000 -85.61100 758 50 1526
KOVS 43.16000 -90.67900 672 20 1521
KOWA 44.12800 -93.26900 1146 120 1673
KOWB 37.74900 -87.16800 406 50 1983
KOWD 42.19400 -71.17800 49 100 1222
KOWI 38.54600 -95.25200 966 50 1374
KOWK 44.70900 -69.86900 270 30 1219
KOWX 41.03600 -83.99000 763 90 1346
KOXB 38.31400 -75.12700 11 20 1241
KOXC 41.48600 -73.13700 726 180 1770
KOXD 39.49800 -84.78900 1040 50 1222
KOXI 41.33600 -86.66200 684 90 1343
KOXR 34.20100 -119.21700 43 70 1814
KOXV 41.30400 -93.11700 928 150 1220
KOYM 41.41200 -78.51000 1934 100 1308
KOZA 30.74300 -101.20400 2381 160 1834
KOZR 31.28500 -85.71300 301 60 1536
KOZW 42.63400 -83.99000 962 130 1523
KPAE 47.92200 -122.28600 606 110 2866
KPAH 37.05300 -88.78100 410 40 1981
KPAM 30.08000 -85.58400 18 130 3051
KPAN 34.25500 -111.34800 5157 60 1646
KPAO 37.45800 -122.11200 4 310 810
KPBF 34.18300 -91.93600 206 180 1833
KPBG 44.66600 -73.47700 233 170 3584
KPBH 45.70500 -90.40300 1497 10 1525
KPBI 26.68300 -80.10800 19 100 3045
KPBX 37.56000 -82.57900 1473 20 1627
KPCM 28.00100 -82.16900 154 100 1202
KPCU 30.51900 -89.71400 62 50 1523
KPCW 41.51600 -82.87900 590 90 1521
KPCZ 44.33300 -89.03300 826 60 1581
KPDC 43.02300 -91.12900 661 110 1523
KPDK 33.86900 -84.30400 1003 20 1832
KPDT 45.69500 -118.85300 1497 70 1915
KPDX 45.59500 -122.62100 30 30 3346
KPEA 41.40800 -92.94800 885 160 1648
KPEO 42.62600 -77.05200 990 10 1678
KPEQ 31.39200 -103.51700 2612 90 1903
KPEX 45.37400 -94.75300 1180 110 1007
KPEZ 28.95900 -98.52200 430 160 1223
KPFC 45.20200 -123.96400 5 140 572
KPFN 30.22000 -85.68800 20 50 1925
KPGA 36.93300 -111.45000 4313 70 1816
KPGD 26.91000 -81.99200 24 40 2197
KPGR 36.05900 -90.51300 289 40 1371
KPGV 35.62600 -77.38600 27 20 1985
KPHD 40.47500 -81.42400 894 110 1204
KPHF 37.12500 -76.50100 43 20 2437
KPHG 39.74000 -99.32100 1907 30 1373
KPHH 33.45600 -79.52700 26 180 917
KPHK 26.79100 -80.69400 18 70 1259
KPHL 39.86100 -75.27500 36 80 3195
KPHN 42.90500 -82.53500 650 40 1555
KPHP 44.05100 -101.60600 2207 50 1217
KPHQ 42.66400 -70.85400 61 40 488
KPHT 36.32900 -88.38700 580 20 1527
KPHX 33.44100 -112.03000 1135 70 3494
KPIA 40.67400 -89.71400 660 40 3076
KPIB 31.47600 -89.33700 297 180 1988
KPIE 27.92300 -82.69100 10 40 2975
KPIH 42.90200 -112.60100 4452 30 2758
KPIL 26.17300 -97.35000 19 30 2441
KPIM 32.84100 -84.89100 902 90 1521
KPIR 44.38500 -100.29400 1742 70 2102
KPIT 40.48700 -80.25200 1204 100 3496
KPJC 40.80700 -80.16300 901 170 1252
KPJY 37.98300 -89.36000 400 180 1221
KPKB 39.33800 -81.44300 858 30 2069
KPKD 46.90700 -95.08100 1443 130 1673
KPKF 45.95900 -90.42400 1500 180 976
KPKV 28.66000 -96.68600 30 50 1528
KPLB 44.68000 -73.52600 371 10 1525
KPLD 40.45100 -84.99600 926 90 1217
KPLK 36.62800 -93.23400 938 110 1138
KPLN 45.57600 -84.80700 720 50 1982
KPLR 33.55200 -86.25200 485 20 1527
KPMB 48.94700 -97.24300 795 150 1159
KPMD 34.63100 -118.11300 2543 40 3656
KPMH 38.84700 -82.84800 663 180 1525
KPMP 26.25300 -80.11400 19 60 1349
KPMU 34.35700 -89.89400 221 10 1527
KPMV 40.95600 -95.92000 1202 160 1679
KPMX 42.22000 -72.31400 418 40 754
KPMZ 35.80400 -76.76100 39 30 1129
KPNA 42.80400 -109.82500 7086 110 2705
KPNC 36.74200 -97.10000 1007 130 2199
KPNE 40.07800 -75.02000 121 60 2132
KPNM 45.56500 -93.61100 979 150 1189
KPNN 45.20400 -67.57300 266 60 1219
KPNS 30.48300 -87.19100 121 80 2141
KPNT 40.92100 -88.63200 666 60 1522
KPOB 35.16300 -79.02300 217 50 2287
KPOC 34.09200 -117.79000 1011 80 1472
KPOE 31.05000 -93.19400 330 150 1255
KPOF 36.78100 -90.32500 331 180 1530
KPOH 42.74600 -94.65500 1224 110 1247
KPOU 41.62200 -73.89200 165 60 1525
KPOY 44.87600 -108.79900 5092 30 1888
KPPA 35.61900 -100.99400 3245 50 1791
KPPF 37.33800 -95.50600 899 40 1737
KPPO 41.56600 -86.73800 812 20 1525
KPPQ 39.64300 -90.78400 710 130 1219
KPQI 46.68100 -68.04600 534 10 2267
KPQL 30.47100 -88.53200 17 170 1986
KPQN 43.98700 -96.30000 1736 90 1313
KPRB 35.66600 -120.63600 836 10 1833
KPRC 34.64600 -112.42900 5042 30 2301
KPRG 39.70000 -87.67800 654 90 1368
KPRN 31.85100 -86.61600 451 140 1678
KPRO 41.83200 -94.16500 1014 40 1219
KPRX 33.64500 -95.45400 547 30 1834
KPRZ 34.13800 -103.41500 4078 10 1740
KPSB 40.89300 -78.09100 1948 60 1742
KPSC 46.25600 -119.13300 410 30 2347
KPSF 42.42400 -73.30200 1194 80 1521
KPSK 37.13200 -80.68700 2105 60 1889
KPSM 43.09100 -70.83400 100 160 3453
KPSN 31.78900 -95.70600 423 90 1530
KPSO 37.27600 -107.06200 7700 10 2472
KPSP 33.84100 -116.51700 477 130 3051
KPSX 28.73000 -96.26200 14 80 1529
KPTB 37.17900 -77.51200 193 50 1523
KPTD 44.67300 -74.95300 474 60 1128
KPTG 36.74500 -83.04100 1864 70 688
KPTK 42.66500 -83.43300 980 40 1885
KPTN 29.70700 -91.34700 8 60 1644
KPTS 37.45800 -94.73200 950 30 1679
KPTT 37.70900 -98.74700 1952 170 1679
KPTV 36.03500 -119.07000 442 120 1801
KPTW 40.23900 -75.56300 309 100 1028
KPUB 38.28700 -104.51000 4726 80 3191
KPUC 39.62700 -110.74600 5957 70 2535
KPUJ 33.91700 -84.94800 1289 130 1677
KPUW 46.74100 -117.12200 2556 50 2046
KPVB 42.69500 -90.44800 1024 70 1219
KPVC 42.07000 -70.22600 8 70 1065
KPVD 41.71400 -71.43500 55 50 2184
KPVE 35.64800 -88.19700 488 10 1833
KPVF 38.72200 -120.76000 2585 50 1279
KPVG 36.78000 -76.45600 23 20 1192
KPVJ 34.71400 -97.22400 968 120 1527
KPVU 40.23000 -111.73200 4497 130 2621
KPVW 34.16200 -101.72600 3374 40 1827
KPWA 35.54400 -97.64500 1299 30 2244
KPWC 46.72900 -94.38300 1295 160 914
KPWD 48.79200 -104.52900 2250 80 1187
KPWG 31.49400 -97.31800 592 40 1682
KPWK 42.12300 -87.90700 647 60 1525
KPWM 43.64600 -70.32600 77 110 2189
KPWT 47.48300 -122.77100 444 10 1827
KPXE 32.51700 -83.76700 418 180 1527
KPYG 34.73900 -80.35000 575 50 1035
KPYM 41.90400 -70.73700 147 60 1325
KPYN 37.12300 -90.71600 467 30 1034
KPYX 36.42300 -100.75000 2918 40 1741
KPZQ 45.40700 -83.82100 670 90 1248
KRAC 42.75400 -87.82000 674 40 1997
KRAL 33.95400 -117.45200 818 90 1643
KRAP 44.05400 -103.06600 3204 50 2651
KRAS 27.81500 -97.09300 4 120 1061
KRAW 38.35200 -93.34600 936 180 1008
KRBD 32.68700 -96.87600 660 130 1967
KRBE 42.57500 -99.57400 2349 20 1432
KRBG 43.24500 -123.35600 529 160 1404
KRBL 40.15800 -122.25400 349 150 1740
KRBM 34.84500 -92.30500 587 40 1525
KRBO 27.78200 -97.69500 79 130 1129
KRBW 32.91600 -80.64500 101 50 1830
KRCA 44.15900 -103.12100 3279 130 4110
KRCK 30.63600 -96.99000 474 170 927
KRCR 41.06700 -86.19000 790 110 1521
KRCT 43.90600 -85.51700 1055 170 1375
KRCX 45.50200 -91.00600 1238 10 1218
KRCZ 34.89600 -79.76400 358 40 1525
KRDD 40.52000 -122.29500 502 120 2138
KRDG 40.38400 -75.97800 344 130 1933
KRDK 41.00700 -95.26700 1044 50 1556
KRDM 44.25000 -121.16200 3077 40 2142
KRDR 47.97800 -97.40100 913 170 3765
KRDU 35.87400 -78.80200 435 50 3048
KRED 45.19300 -109.26800 5763 160 1210
KREI 34.08500 -117.15400 1570 80 1370
KREO 42.57200 -117.89300 4053 30 1812
KRFD 42.19000 -89.12000 742 10 3043
KRFG 28.30100 -97.32700 56 90 1332
KRGK 44.59000 -92.49500 780 90 1523
KRHI 45.63000 -89.48700 1624 50 2067
KRHP 35.19300 -83.87200 1697 80 1674
KRHV 37.33700 -121.82300 133 130 945
KRIC 37.51700 -77.32400 167 20 2751
KRID 39.75200 -84.85000 1140 60 1674
KRIF 38.72800 -112.10400 5301 10 2013
KRIL 39.52700 -107.73900 5544 80 2128
KRIR 33.98900 -117.41600 764 60 990
KRIU 38.48400 -121.10800 141 40 1156
KRIV 33.89600 -117.27100 1535 120 4059
KRIW 43.07000 -108.47300 5525 10 2494
KRJD 38.97200 -75.87400 64 120 978
KRKD 44.06200 -69.10800 56 30 1523
KRKP 28.08900 -97.05300 23 90 1712
KRKR 35.02700 -94.62000 451 180 1224
KRKS 41.59800 -109.08200 6760 30 3041
KRKW 35.91700 -84.69500 1664 40 1523
KRLD 46.30000 -119.30800 394 10 1222
KRME 43.24500 -75.42300 504 150 3600
KRMG 34.34300 -85.15900 644 10 1833
KRMN 38.40300 -77.46100 211 150 1524
KRMY 42.25200 -84.96200 941 100 1064
KRNC 35.69400 -85.85000 1032 50 1523
KRND 29.53500 -98.29300 762 140 2550
KRNH 45.15300 -92.54300 996 40 1219
KRNM 33.04000 -116.92300 1395 90 1525
KRNO 39.51400 -119.76900 4415 70 3358
KRNP 42.99400 -84.14700 736 60 1307
KRNT 47.50000 -122.21700 32 160 1641
KRNV 33.76700 -90.75800 140 170 1224
KROA 37.32200 -79.98400 1175 60 1829
KROC 43.10700 -77.68800 559 40 2439
KROG 36.36500 -94.11000 1358 20 1835
KROS 45.70400 -92.95600 923 160 1341
KROW 33.28600 -104.53700 3671 30 3963
KROX 48.86300 -95.70000 1059 60 1337
KRPB 39.82300 -97.66000 1537 140 1068
KRPD 45.41400 -91.77600 1107 10 1738
KRPH 33.10600 -98.56000 1123 30 1281
KRPJ 41.89100 -89.08600 781 70 1285
KRPX 46.47400 -108.55100 3491 60 1550
KRQB 43.72500 -85.51700 990 90 1307
KRQE 35.64400 -109.07400 6742 20 2135
KRQO 35.48100 -98.00400 1417 170 1710
KRRL 45.19600 -89.72500 1318 70 1551
KRRQ 43.45600 -96.18100 1363 160 945
KRRT 48.94600 -95.35400 1074 40 1644
KRSL 38.87800 -98.81200 1862 30 1527
KRSN 32.52100 -92.58800 311 180 1529
KRST 43.89500 -92.50700 1317 130 2750
KRSV 39.01700 -87.66100 462 90 1553
KRSW 26.52600 -81.77000 30 60 3658
KRTN 36.73400 -104.51100 6352 20 1929
KRTS 39.68300 -119.88200 5050 80 2745
KRUE 35.25700 -93.10200 403 70 1550
KRUG 48.39300 -100.03000 1548 120 1096
KRUQ 35.63900 -80.52300 773 20 1680
KRUT 43.52500 -72.94900 787 10 1525
KRVJ 32.06100 -82.15800 195 110 1157
KRVL 40.67300 -77.63400 819 60 1523
KRVN 36.45500 -82.89000 1255 70 1066
KRVS 36.03300 -95.98800 638 10 1558
KRWF 44.55100 -95.08900 1023 50 1218
KRWI 35.84800 -77.89900 159 40 2166
KRWL 41.80000 -107.21000 6813 40 2130
KRWN 41.09200 -86.62000 711 90 1277
KRWV 30.51900 -96.70600 391 150 993
KRXE 43.84000 -111.80400 4858 170 1282
KRYM 46.09700 -94.36900 1150 130 1858
KRYN 32.14000 -111.17900 2416 60 1678
KRYV 43.16500 -88.73100 833 50 1348
KRYY 34.01300 -84.60700 1040 90 1918
KRZL 40.95300 -87.18100 698 90 1221
KRZN 45.82000 -92.37800 989 40 1187
KRZR 35.20500 -84.80400 860 30 1680
KRZT 39.43500 -83.03000 725 50 1647
KRZZ 36.43600 -77.71400 256 50 1219
KS10 37.86200 -97.24600 1450 170 458
KS65 37.59500 -97.61700 1440 170 641
KS86 38.70800 -101.42100 3430 170 793
KS93 38.64300 -95.99000 1140 180 702
KSAA 41.43800 -106.84300 7012 50 2784
KSAC 38.50500 -121.50100 24 20 1678
KSAD 32.85900 -109.64300 3176 80 1834
KSAF 35.60800 -106.09600 6348 20 2543
KSAN 32.73700 -117.20400 17 90 2860
KSAR 38.15500 -89.69900 538 90 1220
KSAS 33.24100 -115.96100 -85 70 1525
KSAT 29.54300 -98.48600 809 30 2592
KSAV 32.12900 -81.21900 51 10 2844
KSAW 46.33700 -87.39900 1221 10 3771
KSAZ 46.38500 -94.81000 1287 140 1006
KSBA 34.42700 -119.85400 13 70 1843
KSBD 34.09100 -117.25000 1157 60 3036
KSBM 43.76300 -87.85900 754 30 2073
KSBN 41.71900 -86.31900 799 90 2558
KSBO 32.61400 -82.37700 327 130 1835
KSBP 35.23700 -120.65000 212 70 1861
KSBS 40.52200 -106.87000 6878 140 1357
KSBU 43.59800 -94.09500 1107 30 1036
KSBX 48.53800 -111.88100 3443 50 1520
KSBY 38.34600 -75.51700 52 50 1675
KSCB 41.62000 -96.62600 1325 120 1510
KSCD 33.17200 -86.31400 569 90 1639
KSCH 42.84700 -73.93400 378 40 2134
KSCK 37.90100 -121.24600 30 50 3244
KSCX 36.45000 -84.59300 1545 50 1676
KSDA 40.74500 -95.41800 971 40 1523
KSDC 43.23400 -77.12700 425 100 1156
KSDF 38.18700 -85.74900 501 110 3312
KSDL 33.61500 -111.92000 1510 30 2515
KSDM 32.57200 -116.98400 526 80 2425
KSDY 47.69800 -104.20100 1984 10 1738
KSEA 47.46400 -122.30800 433 160 3627
KSEE 32.82900 -116.98100 388 90 1625
KSEF 27.46200 -81.34700 63 40 1598
KSEG 40.82500 -76.86600 450 170 1159
KSEM 32.35300 -86.99500 166 150 2442
KSEP 32.22000 -98.18100 1321 30 1282
KSEQ 29.57400 -97.91800 525 80 2555
KSER 38.92900 -85.92100 583 50 1676
KSET 38.93400 -90.43100 436 90 1160
KSEZ 34.84400 -111.79500 4827 30 1563
KSFB 28.78200 -81.25600 55 90 2921
KSFD 43.39400 -99.84700 2032 30 1370
KSFF 47.67900 -117.33100 1953 30 1369
KSFM 43.38400 -70.71400 244 10 1826
KSFO 37.62900 -122.39300 13 10 3613
KSFQ 36.67500 -76.60400 72 40 1525
KSFY 42.05000 -90.11300 616 140 1219
KSFZ 41.91700 -71.49600 440 50 1524
KSGF 37.25500 -93.40100 1268 20 2439
KSGH 39.83500 -83.85100 1051 60 2743
KSGJ 29.96700 -81.35100 10 20 2437
KSGR 29.63300 -95.65800 82 170 2446
KSGS 44.86200 -93.03500 820 160 1220
KSGT 34.60400 -91.57800 224 90 1838
KSGU 37.10000 -113.59300 2941 160 2015
KSHD 38.25700 -78.90300 1201 50 1827
KSHL 43.21400 -95.83700 1419 150 1280
KSHN 47.23100 -123.15700 273 50 1522
KSHR 44.77700 -106.98800 4021 50 2528
KSHV 32.45400 -93.83500 257 50 2548
KSIF 36.44100 -79.85800 693 130 1583
KSIK 36.89200 -89.56600 315 20 1679
KSIV 39.12100 -87.44800 540 180 1331
KSIY 41.79200 -122.46500 2648 170 2283
KSJC 37.37400 -121.94200 62 110 3353
KSJN 34.52600 -109.38300 5736 30 1623
KSJT 31.36900 -100.49800 1919 30 2460
KSJX 45.69100 -85.57800 669 50 1307
KSKA 47.60800 -117.68200 2461 50 4227
KSKF 29.39900 -98.58700 691 150 3530
KSKI 42.38400 -94.97900 1250 140 1258
KSKX 36.45400 -105.68100 7091 40 1765
KSKY 41.43300 -82.65800 580 90 1082
KSLB 42.60100 -95.24200 1488 60 1526
KSLC 40.80700 -111.97700 4227 140 3662
KSLE 44.91700 -123.00700 214 130 1771
KSLG 36.19900 -94.48900 1193 180 1527
KSLH 45.65400 -84.52700 641 90 1216
KSLI 33.78400 -118.06000 35 40 2437
KSLJ 31.17900 -89.19600 280 140 1525
KSLK 44.38000 -74.21300 1663 50 2002
KSLN 38.81000 -97.64600 1288 40 3755
KSLO 38.64800 -88.96400 573 180 1251
KSLR 33.16700 -95.62000 489 180 1528
KSMD 41.14100 -85.15700 834 50 948
KSME 37.04900 -84.62100 927 50 1768
KSMF 38.70700 -121.58000 27 160 2626
KSMN 45.13100 -113.88000 4043 170 1570
KSMO 34.01100 -118.45700 177 30 1517
KSMQ 40.62700 -74.67500 105 80 831
KSMS 33.99000 -80.36800 182 50 1677
KSMX 34.90500 -120.46000 261 20 1923
KSNA 33.66800 -117.87400 56 10 1740
KSNC 41.38700 -72.50800 416 170 783
KSNH 35.16300 -88.21800 473 10 1527
KSNK 32.70300 -100.94900 2430 80 1711
KSNL 35.36600 -96.94300 1073 130 1711
KSNS 36.66300 -121.61900 85 80 1826
KSNY 41.10800 -102.99400 4313 20 2011
KSOA 30.59100 -100.64700 2140 180 1234
KSOP 35.23200 -79.39500 461 50 1677
KSOW 34.26400 -110.01900 6415 30 2196
KSOY 43.14000 -96.18800 1448 180 1160
KSPA 34.91000 -81.96200 800 50 1586
KSPB 45.77800 -122.86400 58 150 1556
KSPF 44.48700 -103.79200 3931 30 1674
KSPG 27.76300 -82.63400 7 60 1120
KSPH 32.98900 -93.40900 218 180 1222
KSPI 39.83700 -89.68600 597 40 2437
KSPS 34.00400 -98.49900 1019 150 4012
KSPW 43.17100 -95.21200 1339 120 1827
KSPX 29.51400 -95.05600 22 130 1525
KSQI 41.73900 -89.68500 647 70 1977
KSQL 37.51400 -122.25200 5 120 798
KSRB 36.04900 -85.53700 1025 40 1830
KSRC 35.20300 -91.74000 264 10 1835
KSRE 35.28200 -96.67700 1024 50 1527
KSRQ 27.40500 -82.56600 31 40 2898
KSRR 33.45900 -105.54700 6814 60 2464
KSSC 33.96200 -80.48200 242 40 3056
KSSF 29.33900 -98.48100 577 90 1471
KSSI 31.14500 -81.39900 19 40 1770
KSSN 42.72400 -76.88900 647 160 2135
KSSQ 45.73500 -91.92600 1232 140 1130
KSTC 45.55400 -94.06900 1031 50 2131
KSTE 44.53800 -89.53700 1110 30 1837
KSTF 33.44100 -88.84900 332 180 1696
KSTJ 39.78500 -94.90700 826 130 2460
KSTK 40.62300 -103.26700 4038 30 1432
KSTL 38.75400 -90.37900 604 60 3355
KSTP 44.94100 -93.06800 705 90 2042
KSTQ 41.12900 -88.80600 653 90 734
KSTS 38.51500 -122.81300 128 10 1561
KSUA 27.18200 -80.23100 18 70 1778
KSUC 44.39400 -104.41300 4932 120 666
KSUD 35.79400 -96.65600 900 180 916
KSUE 44.83700 -87.42500 724 20 1403
KSUN 43.51200 -114.30400 5320 130 2117
KSUS 38.65800 -90.66000 463 80 2276
KSUT 33.92500 -78.07900 25 50 1220
KSUU 38.24300 -121.95700 62 30 3351
KSUW 46.68900 -92.10000 674 30 1556
KSUX 42.40900 -96.39800 1098 130 2741
KSVC 32.63200 -108.16500 5446 30 2068
KSVE 40.38000 -120.57700 4149 70 1233
KSVH 35.76600 -80.96600 965 100 2131
KSVN 32.01100 -81.16400 42 100 3460
KSWF 41.50100 -74.13100 491 90 3625
KSWI 33.63000 -96.58800 745 160 1224
KSWO 36.17200 -97.08700 1000 40 2260
KSWT 40.86900 -97.11000 1505 40 1284
KSWW 32.47600 -100.46900 2380 40 1784
KSXL 38.22800 -80.87400 1820 40 919
KSYF 39.76400 -101.80000 3411 90 957
KSYI 35.56700 -86.44300 800 180 1528
KSYL 35.81800 -120.74600 630 140 836
KSYN 44.47900 -93.01600 920 90 788
KSYR 43.10800 -76.12600 421 60 2737
KSYV 31.55400 -83.89700 403 10 1006
KSZL 38.71400 -93.55200 870 10 3785
KSZN 34.06100 -119.91900 50 90 656
KSZP 34.34500 -119.06500 245 40 808
KSZT 48.29300 -116.56600 2131 10 1675
KSZY 35.21000 -88.50000 610 170 1528
KTAD 37.26100 -104.35300 5762 30 1676
KTAN 41.87400 -71.02000 42 40 1063
KTAZ 39.53800 -89.32800 622 90 1221
KTBN 37.74900 -92.14600 1159 140 1841
KTBR 32.48600 -81.74300 187 50 1830
KTCC 35.17500 -103.61100 4065 30 2164
KTCL 33.21000 -87.61900 170 40 1982
KTCM 47.15200 -122.47700 322 160 3079
KTCS 33.24300 -107.27700 4853 10 2197
KTCY 37.69000 -121.44900 193 70 1219
KTDF 36.28000 -78.99200 610 60 1775
KTDO 46.47500 -122.81500 374 50 1362
KTDW 35.17800 -101.82600 3649 50 1557
KTDZ 41.57100 -83.49000 622 40 1775
KTEB 40.83900 -74.06000 9 10 2136
KTEL 38.02300 -86.69800 659 130 1341
KTEW 42.56600 -84.43100 919 90 1216
KTEX 37.95600 -107.92100 9078 90 2162
KTGC 35.92600 -88.85000 359 10 1466
KTGI 37.82100 -75.99800 5 20 916
KTHA 35.38800 -86.24400 1082 60 1528
KTHM 47.57300 -115.28900 2467 70 1276
KTHP 43.65700 -108.21300 4592 10 1461
KTHV 39.92300 -76.87700 480 170 1583
KTIF 41.96600 -100.57700 2926 110 1343
KTIK 35.42900 -97.38200 1291 120 3393
KTIP 40.30300 -88.14800 737 40 1737
KTIW 47.27500 -122.57700 292 170 1525
KTIX 28.52500 -80.79700 34 90 2239
KTKC 44.25100 -95.61100 1340 60 944
KTKI 33.18800 -96.59000 584 170 2139
KTKO 39.80800 -98.22200 1859 90 1081
KTKV 45.46900 -89.81300 1486 90 1213
KTKX 36.21700 -90.04100 262 20 1527
KTLH 30.39100 -84.35700 81 90 2433
KTLR 36.16100 -119.33000 271 130 1194
KTMA 31.43400 -83.49500 355 30 1680
KTMB 25.65300 -80.44000 8 90 1830
KTME 29.81400 -95.89800 168 180 2016
KTMK 45.42400 -123.81900 36 10 1524
KTNP 34.13400 -115.95300 1887 80 1682
KTNT 25.86200 -80.91300 13 90 3202
KTNU 41.68000 -93.02800 953 140 1706
KTNX 37.81400 -116.78900 5549 140 3663
KTOA 33.80800 -118.34600 103 110 1531
KTOB 44.02300 -92.83200 1305 40 1372
KTOC 34.58500 -83.30100 996 20 1527
KTOI 31.86500 -86.01500 398 70 1532
KTOL 41.58100 -83.83100 684 70 3224
KTOP 39.07500 -95.62700 881 40 1553
KTOR 42.06700 -104.16400 4205 20 1733
KTPA 27.96300 -82.54200 26 10 3365
KTPF 27.91100 -82.45400 8 30 1039
KTPH 38.06800 -117.09300 5426 110 2154
KTPL 31.16000 -97.41200 682 20 1925
KTQE 41.76800 -96.18100 1027 140 1222
KTQH 35.93400 -95.00400 873 170 1223
KTQK 38.48100 -100.88500 2963 80 1526
KTRI 36.46500 -82.41900 1519 50 2438
KTRK 39.32500 -120.15300 5900 10 2130
KTRL 32.71500 -96.26700 474 140 1530
KTRM 33.63900 -116.15600 -115 120 2598
KTRX 40.08900 -93.59100 757 180 1315
KTSO 40.55900 -81.08400 1163 70 1308
KTSP 35.13800 -118.44500 4001 110 1227
KTTA 35.57400 -79.10500 247 30 2006
KTTD 45.54900 -122.41200 39 70 1641
KTTF 41.93400 -83.43800 616 30 1524
KTTN 40.27000 -74.82200 213 60 1830
KTTS 28.63300 -80.70600 10 150 4581
KTUL 36.21400 -95.88100 677 80 3054
KTUP 34.27700 -88.77000 346 180 1986
KTUS 32.12300 -110.94800 2643 30 3352
KTVB 37.12900 -92.08700 1220 30 916
KTVC 44.74100 -85.59000 624 100 1976
KTVF 48.07100 -96.19300 1116 30 1979
KTVI 30.89500 -83.88800 264 40 1678
KTVK 40.69100 -92.90400 1028 160 1251
KTVL 38.90500 -119.99200 6264 180 2607
KTVR 32.35800 -91.02800 86 180 1529
KTVY 40.62000 -112.35100 4321 170 1656
KTWF 42.48100 -114.50300 4151 70 2645
KTWM 47.04700 -91.75300 1080 60 1338
KTWT 37.53500 -87.95600 372 40 1539
KTXK 33.44600 -94.00100 390 40 2013
KTYL 34.44500 -110.12300 5820 30 2196
KTYQ 40.03800 -86.25200 922 180 1679
KTYR 32.34600 -95.41100 544 40 2195
KTYS 35.80400 -84.00500 981 50 2744
KTZR 39.89500 -83.14200 905 40 1677
KTZT 41.88300 -92.28700 771 180 1249
KTZV 36.72500 -85.65600 1036 40 1220
KUAO 45.25400 -122.76900 200 170 1526
KUBE 45.50600 -91.98900 1241 90 1231
KUBS 33.47200 -88.38100 188 180 1375
KUBX 38.07300 -91.42800 1023 180 1044
KUCA 43.15300 -75.39300 742 90 1828
KUCP 41.02200 -80.41800 1072 50 1218
KUCY 36.37500 -88.98600 335 10 1527
KUDD 33.75100 -116.28200 73 100 1523
KUDG 34.44200 -79.89300 192 50 1678
KUES 43.04400 -88.25000 911 100 1779
KUGN 42.41600 -87.87600 727 50 1826
KUIL 47.93400 -124.57000 194 40 1425
KUIN 39.93600 -91.20000 769 40 2144
KUIZ 42.65900 -82.97000 610 40 1278
KUKF 36.21500 -81.09800 1300 10 1894
KUKI 39.13200 -123.20200 614 150 1348
KUKL 38.31000 -95.72500 1173 180 1678
KUKT 40.43600 -75.38800 524 110 979
KULM 44.32500 -94.50700 1011 40 1341
KULS 37.61600 -101.37400 3067 120 1832
KUMP 39.94000 -86.04900 811 150 1172
KUNI 39.20800 -82.23800 766 70 1704
KUNO 36.88500 -91.90300 1228 180 1558
KUNU 43.42500 -88.71700 934 20 1538
KUNV 40.84400 -77.85700 1239 60 2040
KUOS 35.20300 -85.90400 1953 60 1126
KUOX 34.38400 -89.54600 452 90 1703
KUSE 41.61300 -84.13000 779 90 1180
KUTA 34.69600 -90.35100 194 170 2593
KUTS 30.75400 -95.58600 363 180 1531
KUUU 41.52800 -71.28300 171 40 915
KUUV 38.23000 -91.17100 933 60 1370
KUVA 29.21800 -99.74700 942 150 1605
KUWA 42.27900 -72.21400 483 180 619
KUWL 39.87600 -85.33400 1088 90 1207
KUYF 39.93200 -83.46900 1081 90 1216
KUZA 34.98000 -81.05900 667 20 1680
KVAD 30.98200 -83.19100 233 180 2843
KVAY 39.94100 -74.85200 53 80 1190
KVBG 34.75200 -120.60100 369 120 4575
KVBT 36.35100 -94.21900 1296 180 1247
KVBW 38.37000 -78.96300 1165 150 837
KVCB 38.37200 -121.96600 117 20 1432
KVCT 28.85000 -96.92500 115 60 2775
KVCV 34.62200 -117.38700 2885 30 4598
KVDF 28.01200 -82.34800 22 50 1525
KVDI 32.18800 -82.37900 275 60 1828
KVEL 40.44700 -109.51100 5278 70 1892
KVER 38.95200 -92.68200 715 180 1221
KVES 40.20400 -84.54000 1007 90 1372
KVGT 36.21300 -115.20300 2205 70 1524
KVHN 31.05400 -104.79100 3957 30 1829
KVIH 38.12500 -91.77700 1148 40 1676
KVIQ 44.55900 -90.51900 1237 90 1033
KVIS 36.32500 -119.40100 295 120 1999
KVJI 36.68400 -82.04000 2087 60 1361
KVKS 32.23200 -90.92900 106 10 1528
KVKX 38.74500 -76.96100 115 60 813
KVLA 38.99800 -89.16700 537 90 1145
KVLD 30.79000 -83.27500 203 40 1927
KVLL 42.54300 -83.18400 729 90 1079
KVMR 42.76900 -96.94000 1147 120 1249
KVNC 27.06700 -82.44500 18 40 1525
KVNW 40.86500 -84.61700 785 90 1216
KVNY 34.21900 -118.49100 802 160 2444
KVOK 43.93900 -90.27000 912 90 2735
KVPC 34.11500 -84.84900 759 10 1760
KVPS 30.48900 -86.55200 87 10 3656
KVPZ 41.45200 -87.01600 771 90 2127
KVQQ 30.23500 -81.87400 81 90 3823
KVRB 27.66000 -80.41700 24 110 2231
KVSF 43.33900 -72.52100 577 50 1675
KVTA 40.02400 -82.47000 884 90 1413
KVTI 42.22000 -92.03500 845 90 1219
KVTN 42.86200 -100.55200 2591 30 1436
KVUJ 35.41000 -80.15700 609 40 1677
KVUO 45.62100 -122.66300 82 80 996
KVVS 39.95800 -79.66100 1267 50 1053
KVVV 45.31000 -96.42600 1100 40 1042
KVYS 41.36000 -89.15300 654 180 1831
KWAL 37.92700 -75.47100 40 40 2668
KWAY 39.90000 -80.13900 1065 90 1044
KWBW 41.29400 -75.85600 545 70 1028
KWDG 36.38700 -97.79100 1167 120 1951
KWDR 33.98900 -83.67400 943 50 1676
KWEA 32.75000 -97.68200 990 170 883
KWHP 34.26400 -118.41800 1003 120 1269
KWJF 34.73800 -118.23000 2351 60 2190
KWLD 37.17700 -97.03600 1160 130 1681
KWLW 39.52300 -122.22000 139 130 1375
KWMC 40.90600 -117.81400 4308 20 2134
KWRB 32.65400 -83.60300 294 150 3660
KWRI 40.00500 -74.59700 130 60 3046
KWRL 43.97200 -107.95400 4227 40 2137
KWSD 32.34300 -106.41200 3934 10 1863
KWST 41.34600 -71.81100 81 70 1220
KWVI 36.92900 -121.79600 163 20 1373
KWVL 44.52700 -69.68100 333 50 1676
KWWD 39.00300 -74.90600 23 10 1527
KWWR 36.44400 -99.52100 2188 50 1680
KWYS 44.67800 -111.12500 6644 10 2559
KXBP 33.18100 -97.82800 852 170 1223
KXFL 29.46100 -81.21200 33 60 1524
KXLL 40.56700 -75.49400 398 70 1201
KXMR 28.47600 -80.57900 10 130 3048
KXNA 36.29300 -94.31200 1287 160 2686
KXNO 33.60100 -81.09700 321 50 3046
KXTA 37.24800 -115.80000 4596 30 3660
KXVG 46.99300 -94.21000 1334 130 1151
KY29 36.96500 -88.56900 338 40 888
KY57 37.69800 -87.24100 440 90 458
KY75 37.94000 -83.99900 770 20 854
KY97 37.61500 -87.26400 450 150 397
KYIP 42.23100 -83.54000 716 50 2292
KYKM 46.57300 -120.56000 1095 40 2312
KYKN 42.92400 -97.39400 1306 10 1857
KYNG 41.27300 -80.69200 1196 50 2742
KZEF 36.27800 -80.79200 1068 70 1221
KZER 40.70600 -76.38400 1734 40 1397
KZPH 28.23400 -82.15300 90 40 1551
KZUN 35.08100 -108.79900 6454 60 1462
KZZV 39.93900 -81.89600 900 40 1525
LA01 30.48600 -92.54700 44 180 549
LA04 30.05200 -91.07100 17 110 808
LA05 30.30500 -91.88100 22 60 910
LA10 40.09200 20.14900 666 140 1175
LA12 29.74000 -92.83800 5 100 915
LA13 30.57800 -90.32100 95 90 998
LA15 30.26300 -91.28700 12 160 793
LA17 32.60100 -93.69600 173 70 427
LA19 30.02000 -92.32000 16 170 589
LA21 30.26000 -93.13800 10 150 1220
LA22 31.16400 -92.42600 77 110 915
LA25 30.70200 -92.41400 68 180 915
LA32 30.08400 -92.68800 11 90 913
LA33 32.57700 -92.11600 80 90 458
LA35 30.17700 -92.28700 20 10 641
LA36 32.41800 -93.23500 240 10 458
LA38 30.07400 -92.82500 6 180 732
LA40 31.34800 -91.59400 50 170 1007
LA42 30.35300 -90.92300 24 180 933
LA46 30.50200 -91.30600 24 50 763
LA48 30.99400 -92.04900 55 90 854
LA51 32.01600 -93.43100 130 180 458
LA52 32.70100 -93.82400 185 180 610
LA54 32.83700 -93.84300 194 80 946
LA56 32.34500 -93.65800 155 180 610
LA57 30.40200 -92.40900 45 180 671
LA58 32.98100 -92.59600 200 130 763
LA60 29.81700 -92.12500 6 90 1525
LA61 30.01100 -92.24100 24 180 597
LA63 32.97100 -91.83300 122 60 458
LA65 31.60800 -91.61400 61 180 915
LA67 30.94800 -91.58500 45 180 854
LA68 30.31500 -92.52400 26 80 717
LA71 30.22000 -93.00400 26 30 1159
LA73 29.61000 -90.80300 6 150 458
LA75 29.86000 -89.91900 4 70 732
LA76 30.22600 -91.91400 16 50 1434
LA77 30.96800 -92.17500 60 170 1037
LA79 30.72200 -90.35800 180 180 732
LA81 30.00900 -92.28000 63 180 1556
LA83 30.89300 -91.04600 272 180 641
LA87 30.51400 -90.15300 35 180 1037
LA88 30.34400 -92.34700 35 80 793
LA91 30.22100 -91.83500 21 50 305
LA94 30.72500 -90.06700 105 150 549
LAGJ 41.90700 19.59100 23 160 2777
LAKO 40.63600 20.73900 665 10 2282
LAKV 40.78100 19.89100 135 140 2840
LATI 41.42700 19.71900 126 180 2738
LB11 42.18900 24.53200 630 110 443
LB12 44.05600 27.16300 351 90 2499
LB13 42.44900 22.97000 625 110 2490
LB14 41.97900 25.57700 160 110 2198
LB15 43.54800 23.25800 626 110 2517
LB16 43.31000 26.68800 666 110 2209
LB17 42.64600 26.34400 656 90 2479
LB18 42.35800 26.56900 390 160 2501
LB19 42.60000 26.61800 518 80 2493
LB20 42.81300 23.28600 1738 90 2196
LB21 42.28800 24.69600 190 80 2985
LB22 42.30800 23.23200 2149 70 2549
LB23 42.11700 24.97800 604 100 2530
LB24 43.68800 26.04400 614 50 2498
LB25 43.43400 28.17600 660 160 2468
LB26 41.87600 25.59300 600 110 2203
LB27 43.55000 24.58400 150 110 1202
LB29 43.40400 25.47200 349 50 440
LB32 42.07300 25.05100 500 100 438
LB34 43.50900 27.84400 905 170 430
LB36 43.47700 28.10100 760 120 425
LB37 42.17000 23.04700 3447 20 1448
LB38 41.83300 26.30200 675 30 2045
LB39 42.26400 24.71700 623 100 369
LB40 44.02200 22.80300 200 90 2094
LB41 43.45300 24.49000 330 100 2181
LB42 43.32800 24.98800 420 90 2494
LB43 43.62000 27.83100 825 150 2501
LB44 42.46000 26.33900 509 120 2493
LB45 41.44300 23.20600 371 50 2290
LBBG 42.56000 27.50200 135 40 3200
LBGO 43.15300 25.69800 285 100 2452
LBPD 42.07500 24.83900 597 120 2499
LBSF 42.69800 23.39500 1741 90 3596
LBSZ 42.38800 25.65300 558 170 2503
LBWN 43.23300 27.81000 230 90 2515
LCLK 34.86600 33.61300 8 40 2977
LCPH 34.72200 32.47200 41 110 2698
LCRA 34.59400 32.97400 76 100 2739
LD57 44.20600 15.16100 60 20 1033
LDDP 43.03300 17.42900 7 10 1197
LDDU 42.57000 18.24700 527 120 3292
LDLO 44.58000 14.38900 154 20 900
LDOC 45.54400 18.62500 299 100 1185
LDOS 45.46600 18.79600 290 110 2493
LDPL 44.89300 13.90400 274 90 2926
LDRG 45.37700 14.49700 951 70 1856
LDRI 45.22600 14.56100 278 140 2487
LDSB 43.28100 16.67500 1776 40 1319
LDSP 43.53200 16.28600 79 50 2546
LDVA 46.30200 16.37800 548 160 1707
LDZA 45.73200 16.05200 353 50 3248
LDZD 44.11600 15.33600 289 40 2486
LDZU 44.56500 15.76000 2462 130 2745
LE01 41.36800 1.76400 839 120 506
LE03 41.57800 2.09900 801 20 650
LE04 41.79700 2.11100 2264 10 569
LE05 41.68800 2.74500 46 130 508
LE06 42.06100 1.51300 3150 170 813
LE07 41.25200 1.24000 755 160 458
LE83 41.47000 -4.71400 2329 170 996
LE84 36.93000 -3.84200 3654 90 1124
LE85 37.36000 -6.01500 26 180 1834
LE95 39.22100 -0.37000 26 100 250
LE96 39.22600 -0.36800 26 80 163
LE97 38.88600 -0.37400 984 90 300
LE98 38.78900 -0.40100 1049 40 450
LE99 38.91900 -0.35700 820 90 250
LEAB 38.94800 -1.87900 2301 90 2693
LEAL 38.28500 -0.57500 141 100 2986
LEAM 36.84000 -2.38700 70 80 3195
LEAP 42.26600 3.10400 30 170 1276
LEAS 43.56700 -6.04800 416 110 2199
LEAT 41.55000 0.65300 700 10 1000
LEAX 36.80400 -4.14000 97 130 959
LEBA 37.83400 -4.85400 296 30 2201
LEBB 43.30600 -2.92500 137 100 2602
LEBE 38.27500 -2.95800 1788 90 1447
LEBG 42.35000 -3.62200 2961 40 1957
LEBL 41.28800 2.08500 14 20 3347
LEBZ 38.89900 -6.83500 609 130 2849
LECD 42.38500 1.85700 3585 70 1148
LECF 41.74600 1.55400 2356 130 762
LECI 42.56900 -0.73300 7362 90 857
LECN 40.00200 0.02600 13 30 888
LECO 43.29500 -8.38300 323 40 1941
LECQ 38.08200 -0.71700 128 60 1054
LECS 40.20700 0.06000 0 60 2641
LECX 38.73400 -0.14300 1950 10 650
LEDA 41.73600 0.52400 1151 130 2408
LEFM 40.89200 -4.24200 3284 160 1013
LEGA 37.13900 -3.63500 2297 180 1298
LEGE 41.89500 2.75800 403 20 2401
LEGR 37.18900 -3.79400 1859 90 2898
LEGT 40.28600 -3.73400 2029 50 2477
LEGY 41.81500 -2.47200 3339 20 1401
LEHC 42.08200 -0.32700 1768 120 2097
LEHO 38.83300 -0.12100 336 140 52
LEIB 38.86700 1.35900 20 60 2789
LEIG 41.58800 1.65100 1162 170 889
LEIZ 38.51400 -3.37300 2902 100 1524
LEJR 36.73500 -6.06500 93 20 2303
LELA 38.74600 -3.52300 2644 70 1469
LELC 37.78700 -0.81400 11 50 2302
LELL 41.52300 2.10100 465 130 901
LELM 38.89800 -1.11600 7598 140 764
LELN 42.58200 -5.66500 3006 50 2997
LEMB 42.13000 -3.73500 2968 50 930
LEMD 40.48700 -3.56300 1998 140 4352
LEMG 36.69100 -4.50800 52 120 3202
LEMH 39.85100 4.21600 298 10 2353
LEMO 37.16000 -5.62300 285 20 3602
LEMP 37.79300 -1.10000 129 140 916
LEMR 43.42900 -5.83700 541 100 987
LEMU 38.44400 -0.47700 365 120 1054
LENA 42.02300 0.47700 2566 100 805
LEOC 39.93800 -3.50800 2405 110 1257
LEPA 39.54700 2.71100 24 60 3265
LEPP 42.78000 -1.65300 1503 150 2208
LEPZ 38.91600 -4.19500 1850 140 1020
LERE 39.47600 -1.04000 11 120 899
LERI 37.94900 -1.23500 250 70 944
LERJ 42.46400 -2.33200 1156 110 1996
LERM 40.86100 -3.24800 3097 10 990
LERO 43.11300 -7.47500 1444 40 1193
LERS 41.14000 1.16700 0 120 2457
LERT 36.64700 -6.37000 86 100 3681
LESA 40.94200 -5.50900 2595 30 2514
LESB 39.59600 2.69900 135 60 999
LESL 39.85400 4.24800 196 20 1851
LESO 43.35000 -1.79700 14 40 1756
LEST 42.91200 -8.42000 1169 170 3202
LESU 42.33600 1.40700 2625 30 1339
LETC 41.52900 -4.92800 0 70 846
LETI 40.24300 -4.79300 1401 50 999
LETL 40.42400 -1.22000 0 180 2827
LETO 40.48500 -3.46100 2025 50 3658
LETZ 41.78800 -4.86000 2756 40 1251
LEVB 39.57600 3.12400 236 250 470
LEVC 39.49600 -0.50000 225 120 3216
LEVD 41.69700 -4.86500 2775 50 3002
LEVS 40.37100 -3.79400 2267 100 1492
LEVT 42.87000 -2.73700 1682 40 3499
LEVX 42.22100 -8.63000 855 20 2409
LEWL 39.99900 3.82000 42 60 860
LEXJ 43.43100 -3.83400 16 110 2315
LEZG 41.68000 -1.08200 862 120 3712
LEZL 37.41800 -5.91200 111 90 3354
LF01 50.64300 2.44600 72 70 720
LF02 44.69600 0.63600 393 150 630
LF04 48.50600 1.01100 689 60 1000
LF05 48.76400 5.70000 904 180 560
LF07 48.53700 6.45200 789 20 800
LF50 47.57800 -0.41800 255 70 957
LFAB 49.88400 1.08600 344 130 820
LFAC 50.95900 1.94500 10 60 1534
LFAD 49.43500 2.80700 315 50 900
LFAE 50.06600 1.42000 311 50 899
LFAF 49.60000 3.63100 256 60 986
LFAG 49.86900 3.02000 295 90 1388
LFAI 48.59400 3.00200 428 50 952
LFAJ 48.71400 0.00800 581 50 1001
LFAK 51.04000 2.55300 0 70 669
LFAL 47.69400 0.00200 121 90 1471
LFAM 50.42200 1.58900 31 240 898
LFAN 48.89100 -0.50700 833 90 700
LFAO 48.54800 -0.39400 718 120 1060
LFAP 49.48400 4.36900 410 60 760
LFAQ 49.97200 2.69000 364 90 1166
LFAR 49.67300 2.56400 358 90 750
LFAS 48.93000 -0.13900 512 10 850
LFAT 50.52400 1.61200 35 70 1843
LFAU 49.62200 -1.82800 456 80 650
LFAV 50.32800 3.45500 177 70 746
LFAW 49.41300 5.89500 1299 70 670
LFAX 48.53900 0.52900 886 70 720
LFAY 49.87600 2.37900 208 120 1253
LFBA 44.17800 0.58000 204 110 2160
LFBC 44.52800 -1.13800 84 60 2395
LFBD 44.81900 -0.72900 166 50 3097
LFBE 44.82500 0.50500 171 100 2187
LFBF 43.54900 1.35700 535 120 1796
LFBG 45.64800 -0.32400 102 50 2420
LFBH 46.18000 -1.21100 74 100 2250
LFBI 46.58000 0.30000 423 30 2354
LFBJ 45.90200 0.91700 902 70 585
LFBK 46.23100 2.36100 1497 170 1899
LFBL 45.85200 1.17300 1300 30 2499
LFBM 43.91100 -0.53200 203 90 3594
LFBN 46.30800 -0.41200 203 70 1778
LFBO 43.64400 1.34600 499 140 3499
LFBP 43.38800 -0.43300 616 130 2496
LFBR 43.45100 1.25800 622 120 1098
LFBS 44.36800 -1.12500 98 100 1301
LFBT 43.16600 -0.01300 1260 20 3001
LFBU 45.73000 0.20700 436 100 1805
LFBV 45.15500 1.46200 379 140 1401
LFBX 45.20000 0.80600 328 120 1747
LFBY 43.69100 -1.06300 108 80 750
LFBZ 43.46800 -1.53700 245 90 2251
LFCA 46.78500 0.55100 207 180 452
LFCB 42.80400 0.60100 2028 10 800
LFCC 44.35600 1.46800 912 130 1476
LFCD 44.75800 -1.07000 64 130 1010
LFCE 46.17700 1.96900 1207 50 675
LFCF 44.67400 1.78300 1084 110 901
LFCG 43.01200 1.10000 1368 160 1100
LFCH 44.59400 -1.12100 52 250 1402
LFCI 43.91300 2.10100 563 90 1554
LFCJ 45.48300 0.42300 128 50 1371
LFCK 43.56300 2.28200 788 140 1826
LFCL 43.59000 1.49700 459 160 949
LFCM 43.99500 3.17700 2606 140 1698
LFCN 43.76500 -0.03100 302 140 950
LFCO 43.16200 -0.56800 984 70 1076
LFCP 45.56300 -0.50700 115 130 1251
LFCQ 43.77000 2.00600 581 100 962
LFCR 44.41400 2.47300 1910 130 2044
LFCS 44.70300 -0.59200 190 40 800
LFCT 46.96400 -0.15900 341 120 950
LFCU 45.53700 2.41600 2410 100 1338
LFCV 44.37300 2.02300 1096 130 1025
LFCW 44.39900 0.75400 190 100 1037
LFCX 44.08600 1.13500 243 110 900
LFCY 45.63200 -0.98000 72 100 1250
LFCZ 44.14500 -1.18100 164 80 1037
LFDA 43.71200 -0.25200 259 120 1000
LFDB 44.02900 1.37400 351 140 979
LFDC 45.27800 -0.45500 148 160 780
LFDE 45.41900 2.06300 1859 250 814
LFDF 44.85400 0.16900 282 100 1201
LFDG 43.88500 1.88200 446 70 1121
LFDH 43.67700 0.59900 411 10 1501
LFDI 44.97900 -0.13900 157 40 1097
LFDJ 43.09100 1.69000 1114 90 1300
LFDK 45.49100 -1.08000 7 140 713
LFDL 47.03700 0.09600 315 90 791
LFDM 44.50100 0.19300 105 110 1196
LFDN 45.89600 -0.99700 56 130 2276
LFDP 45.95700 -1.30500 20 100 1007
LFDQ 43.28200 0.52400 984 40 560
LFDR 44.56700 -0.06200 43 80 961
LFDS 44.79100 1.24300 978 110 750
LFDT 43.21600 0.08400 1076 80 830
LFDU 45.19500 -0.88800 105 70 897
LFDV 46.27500 0.19300 499 20 150
LFDW 46.58100 0.63900 440 230 739
LFDX 44.47700 1.00700 692 170 710
LFDY 44.87800 -0.48400 240 110 685
LFDZ 45.10900 1.21300 499 160 1016
LFEA 47.32400 -3.20500 170 60 664
LFEB 48.44200 -2.10900 393 70 879
LFEC 48.46100 -5.06900 137 60 833
LFED 48.05700 -2.92900 406 100 1124
LFEF 47.34100 0.94100 177 110 704
LFEG 46.60000 1.60600 663 40 830
LFEH 47.47800 2.38900 630 60 1013
LFEI 47.62000 2.77600 558 140 1190
LFEJ 46.83900 1.61800 541 40 800
LFEK 46.88500 2.04100 531 60 950
LFEL 46.61700 1.08300 377 40 1050
LFEM 47.96400 2.68200 308 50 400
LFEN 47.26600 0.69800 299 40 675
LFEP 47.22400 4.56300 1411 30 750
LFEQ 47.48200 -3.10400 37 110 799
LFER 47.69600 -2.04200 222 50 839
LFES 48.04600 -3.66900 575 30 1503
LFET 47.55200 5.21400 938 20 1050
LFEU 48.86900 5.05600 909 60 941
LFEV 47.43200 5.61200 679 80 861
LFEW 47.24200 4.27000 1722 60 800
LFEX 48.59100 6.24100 961 60 980
LFEY 46.72200 -2.39600 79 40 1228
LFEZ 48.72700 6.20600 1253 40 1000
LFFB 48.35200 2.41800 420 20 800
LFFC 49.08500 1.69700 512 40 900
LFFD 48.89400 1.23900 498 60 1606
LFFE 49.04800 2.36000 335 70 741
LFFG 48.76100 3.28400 538 50 1100
LFFH 49.07300 3.36500 728 40 950
LFFI 47.40700 -1.18500 111 80 1196
LFFJ 48.38600 5.14100 1024 100 660
LFFK 46.44200 -0.78600 85 90 1025
LFFL 48.52200 1.64000 509 80 780
LFFM 47.65400 1.99100 413 160 570
LFFN 48.43200 4.46500 381 100 2444
LFFP 48.15600 2.18700 384 70 800
LFFQ 48.49500 2.35400 453 110 1000
LFFR 48.06500 4.41800 938 120 800
LFFT 48.36300 5.72200 1224 10 780
LFFU 46.87100 2.37200 551 90 800
LFFV 47.19700 2.06900 430 40 650
LFFW 46.93200 -1.33200 184 70 900
LFFX 46.56600 4.97700 682 10 650
LFFY 49.30700 1.63400 308 120 675
LFFZ 48.71200 3.77000 354 60 950
LFGA 48.10300 7.35700 627 10 1615
LFGB 47.73700 7.43000 787 20 1000
LFGD 46.92300 5.75900 876 140 921
LFGE 47.49900 3.89800 823 50 750
LFGF 47.00200 4.89000 656 30 1055
LFGG 47.69800 6.83300 1368 40 996
LFGH 47.36200 2.91100 580 100 801
LFGI 47.38800 4.94800 1585 20 800
LFGJ 47.03300 5.41500 645 50 2226
LFGK 47.99100 3.38500 732 80 1088
LFGL 46.67700 5.47800 761 80 1100
LFGM 46.60400 4.33400 1030 90 900
LFGN 46.46600 4.13900 997 130 600
LFGO 48.29700 3.24900 236 150 1000
LFGP 47.98200 3.78300 351 80 1121
LFGQ 47.48500 4.34800 1053 40 780
LFGR 49.15400 5.94000 804 80 900
LFGS 49.48400 5.57900 1148 100 901
LFGT 48.71600 7.07100 873 40 741
LFGU 49.12800 7.10100 853 60 710
LFGV 49.35500 6.21100 518 20 1003
LFGW 49.12300 5.46100 1230 100 1114
LFGX 46.76100 5.82000 1745 10 800
LFGY 48.26900 7.01400 1184 70 870
LFGZ 47.14400 4.96300 768 110 958
LFHA 45.51500 3.26900 1240 180 400
LFHC 45.87800 5.18400 702 170 691
LFHD 44.39600 4.71600 197 10 1201
LFHE 45.06500 5.10400 594 20 735
LFHF 44.45000 4.33400 361 10 830
LFHG 45.49300 4.53100 1296 100 700
LFHH 45.46100 4.82800 719 10 660
LFHI 45.68900 5.44900 804 130 799
LFHJ 45.65800 4.91400 650 10 886
LFHL 44.70800 3.89000 3330 40 900
LFHM 45.82000 6.65100 4839 160 701
LFHN 46.12600 5.80500 1624 10 656
LFHO 44.53800 4.37200 923 10 1424
LFHP 45.08600 3.75800 2731 150 1448
LFHQ 45.07000 2.99100 3218 10 1314
LFHR 45.32400 3.35900 1483 160 971
LFHS 46.20600 5.29200 857 180 1139
LFHT 45.52300 3.74900 1847 20 710
LFHU 45.08900 6.08600 6091 60 483
LFHV 45.92400 4.63600 1076 180 1079
LFHW 46.14400 4.71400 705 160 570
LFHX 46.25200 3.58400 1040 50 850
LFHY 46.53400 3.41500 915 80 1296
LFHZ 45.94700 6.64000 1737 170 675
LFIB 44.78200 0.95900 791 110 800
LFID 43.91600 0.38600 453 110 851
LFIF 43.82800 2.73900 1686 120 1297
LFIG 44.18000 2.51200 2024 100 1047
LFIH 45.27000 0.02300 285 70 841
LFIK 45.23800 0.26300 351 50 861
LFIL 43.91200 -0.95500 255 50 1071
LFIM 43.11000 0.62500 1325 70 750
LFIR 43.48300 1.97600 643 130 750
LFIS 50.88000 1.73400 442 30 601
LFIT 43.61400 1.72200 525 120 700
LFIV 45.38000 -1.12200 16 270 805
LFIX 43.33600 -1.42700 607 260 598
LFIY 45.96700 -0.52900 246 100 841
LFJA 48.07900 5.04800 1001 10 1501
LFJB 46.89800 -0.70200 576 40 1296
LFJC 47.43500 3.50800 713 180 791
LFJE 44.49300 5.40200 2883 210 533
LFJH 43.20000 1.05600 810 90 980
LFJI 45.82100 -1.08100 17 70 757
LFJL 48.97000 6.23600 870 40 3052
LFJR 47.55900 -0.32300 194 80 1647
LFJS 49.34400 3.27800 509 70 900
LFJU 46.71000 2.93800 746 60 1510
LFJY 49.01800 5.86400 866 50 2402
LFKA 45.62800 6.33300 1035 50 800
LFKB 42.56300 9.47900 25 160 2521
LFKC 42.54100 8.79300 208 180 2315
LFKD 45.25700 6.80200 4277 20 705
LFKE 45.02900 5.30700 872 140 665
LFKF 41.49500 9.08600 87 50 2478
LFKG 42.04900 9.40000 177 10 801
LFKH 45.51500 5.67900 960 30 300
LFKJ 41.91200 8.79500 18 20 2407
LFKL 45.71000 4.69700 1040 10 435
LFKM 45.61000 4.30400 1266 160 650
LFKO 41.66100 8.88100 12 100 1396
LFKP 45.55900 5.38800 1050 110 560
LFKS 41.93600 9.40500 27 180 2615
LFKT 42.29400 9.18500 1131 130 939
LFKX 45.40900 6.57600 5650 150 400
LFKY 45.69100 5.69100 751 10 635
LFKZ 46.38300 5.76800 2057 50 435
LFLA 47.84300 3.49600 523 10 1649
LFLB 45.64500 5.88000 779 180 1661
LFLC 45.78500 3.15100 1089 80 3010
LFLD 47.05700 2.36000 529 60 1546
LFLE 45.56400 5.97200 983 150 990
LFLG 45.21600 5.84300 722 40 899
LFLH 46.83200 4.81600 623 170 1436
LFLI 46.19400 6.26100 1616 120 1297
LFLJ 45.39900 6.63700 6593 50 535
LFLK 46.27500 5.66300 1754 40 869
LFLL 45.74700 5.08600 820 180 4007
LFLM 46.30100 4.79500 728 170 1230
LFLN 46.42200 4.00700 796 140 2033
LFLO 46.04900 3.99800 1106 20 1473
LFLP 45.92300 6.09200 1520 40 1612
LFLQ 44.58700 4.74300 240 20 1201
LFLR 45.24800 4.82600 508 10 900
LFLS 45.36300 5.31000 1302 90 3041
LFLT 46.35400 2.56400 771 110 998
LFLU 44.91200 4.96800 525 10 2101
LFLV 46.16000 3.40200 817 10 2204
LFLW 44.89800 2.41700 2096 150 1655
LFLX 46.85100 1.71900 529 40 3496
LFLY 45.73500 4.94100 659 160 1820
LFLZ 45.71100 4.19900 1096 160 941
LFMA 43.51100 5.36200 366 150 1602
LFMC 43.38900 6.38000 264 90 1459
LFMD 43.55400 6.95000 12 50 1611
LFME 43.85800 4.41600 197 180 942
LFMF 43.61100 6.69200 741 180 350
LFMG 43.40700 1.98800 1470 40 500
LFMH 45.55100 4.29500 1325 180 2306
LFMI 43.53800 4.91300 81 150 3751
LFMK 43.21700 2.29300 433 100 2093
LFML 43.44900 5.19700 74 130 3498
LFMN 43.64700 7.20300 12 40 2962
LFMO 44.14900 4.86000 197 140 2423
LFMP 42.75400 2.86200 143 130 2495
LFMQ 43.25700 5.77700 1391 130 1747
LFMR 44.38700 6.60400 3714 90 798
LFMS 44.06400 4.14000 668 10 1401
LFMT 43.58600 3.95600 16 130 2598
LFMU 43.32400 3.34200 54 100 1815
LFMV 43.91100 4.90300 124 160 1881
LFMW 43.31400 1.91500 551 110 1634
LFMX 44.05500 5.98800 1508 30 1201
LFMY 43.61600 5.10400 197 90 2002
LFMZ 43.17600 2.73900 206 80 999
LFNA 44.45000 6.03400 1985 30 880
LFNB 44.50500 3.52600 3361 130 1300
LFNC 44.69700 6.60100 2962 160 841
LFND 44.27300 4.65200 143 180 951
LFNE 43.65800 5.00200 245 90 1249
LFNF 43.73400 5.78900 902 20 1259
LFNG 43.61300 4.06700 4 150 899
LFNH 44.03200 5.07800 393 130 1204
LFNJ 44.51800 5.74300 2696 100 884
LFNL 43.79900 3.78600 597 120 520
LFNO 44.28300 3.45300 3054 30 803
LFNP 43.50400 3.41700 321 110 699
LFNQ 42.54700 2.11600 5528 140 1027
LFNR 43.53200 5.18000 103 90 1079
LFNS 44.28900 5.92900 1771 180 640
LFNT 43.99300 4.76000 148 140 1351
LFNU 44.07700 4.39400 885 180 1060
LFNV 44.34100 4.91000 472 20 1031
LFNW 42.90900 2.05900 1608 140 750
LFNX 43.62900 3.15100 1237 180 983
LFNZ 43.77600 4.89400 459 180 1000
LFOA 47.04800 2.61200 580 60 3495
LFOB 49.45800 2.10400 358 40 2424
LFOC 48.06000 1.36100 433 100 2295
LFOD 47.25700 -0.12500 269 100 1445
LFOE 49.01800 1.20700 464 40 2997
LFOF 48.44600 0.10400 479 70 776
LFOG 48.74900 -0.59700 656 60 720
LFOH 49.52700 0.07800 311 40 2302
LFOI 50.13800 1.82900 220 20 1249
LFOJ 47.98400 1.74600 412 70 2397
LFOK 48.78000 4.15800 587 100 3849
LFOL 48.76100 0.66400 787 70 766
LFOM 49.20100 -1.51200 91 70 1250
LFON 48.70800 1.36400 443 40 715
LFOO 46.47500 -1.72800 105 70 800
LFOP 49.37900 1.16800 512 40 1699
LFOQ 47.68200 1.20200 398 120 1191
LFOR 48.45700 1.51400 509 100 903
LFOS 49.83400 0.65000 250 60 898
LFOT 47.42200 0.72300 356 20 2405
LFOU 47.07700 -0.88100 443 30 1380
LFOV 48.03700 -0.74900 330 150 1525
LFOW 49.82000 3.21100 325 40 670
LFOX 48.37900 2.06800 489 60 1230
LFOY 49.54700 0.36600 423 10 891
LFOZ 47.89400 2.15700 396 50 1388
LFPA 49.17000 2.30800 148 50 1233
LFPB 48.96400 2.42000 218 30 3002
LFPC 49.24900 2.50400 291 70 2393
LFPD 49.10400 0.55900 554 100 1201
LFPE 48.92700 2.82900 217 70 1146
LFPF 48.84100 1.91300 360 120 979
LFPG 48.99600 2.55200 392 80 4278
LFPH 48.89700 2.60300 207 40 651
LFPI 48.83400 2.27500 105 60 350
LFPK 48.83800 3.00600 470 90 1395
LFPL 48.82000 2.63300 354 80 1095
LFPM 48.60600 2.66300 302 10 1967
LFPN 48.75100 2.09800 537 70 1118
LFPO 48.72000 2.31700 291 20 3642
LFPP 49.11000 2.74300 387 70 800
LFPQ 48.70600 2.90900 371 120 700
LFPT 49.08800 2.02700 325 50 1687
LFPU 48.34400 2.80400 253 60 825
LFPV 48.77400 2.18900 584 90 1808
LFPX 48.84000 1.97600 427 50 818
LFPY 48.58900 2.32100 270 50 3392
LFPZ 48.81600 2.06100 371 120 917
LFQA 49.20700 4.15000 313 70 1149
LFQB 48.32900 4.01500 388 50 1649
LFQC 48.59300 6.53600 790 90 1037
LFQD 50.32000 2.79800 337 50 1019
LFQE 49.21600 5.66800 770 10 2400
LFQF 46.97200 4.26100 997 180 1021
LFQG 47.00700 3.10400 602 120 1625
LFQH 47.84800 4.58300 905 20 955
LFQI 50.22300 3.13700 256 100 2511
LFQJ 50.30600 4.02700 448 50 1300
LFQK 48.90700 4.36000 390 40 611
LFQL 50.46200 2.81500 166 30 1068
LFQM 47.20300 6.07600 1271 230 1401
LFQN 50.72900 2.22800 248 30 595
LFQO 50.69400 3.07400 68 80 849
LFQP 48.76100 7.18800 1016 60 2191
LFQQ 50.56300 3.08300 156 20 2819
LFQR 48.49400 3.75700 266 40 1251
LFQS 50.33500 2.98900 173 40 899
LFQT 50.61200 2.63400 60 40 1840
LFQU 48.95000 7.07300 841 80 899
LFQV 49.78600 4.63700 492 110 1495
LFQW 47.63800 6.19500 1249 80 1438
LFQX 48.11400 4.81600 1145 70 900
LFQZ 48.77800 6.71900 722 50 825
LFRB 48.44300 -4.43800 325 70 3094
LFRC 49.65200 -1.48700 459 100 2433
LFRD 48.59800 -2.08300 216 120 2194
LFRE 47.29000 -2.35200 105 110 948
LFRF 48.88000 -1.57100 45 70 962
LFRG 49.37100 0.13900 479 120 2543
LFRH 47.75600 -3.45900 122 20 2401
LFRI 46.70300 -1.38900 299 100 1546
LFRJ 48.52700 -4.16900 347 80 2702
LFRK 49.18100 -0.46600 256 60 1894
LFRL 48.27900 -4.45100 259 50 1119
LFRM 47.94200 0.19800 194 20 1419
LFRN 48.07000 -1.74000 124 100 2101
LFRO 48.75700 -3.48300 291 110 1690
LFRP 48.00200 -2.38400 235 100 849
LFRQ 47.96600 -4.17600 297 40 2144
LFRS 47.14200 -1.62000 89 30 2903
LFRT 48.53300 -2.86700 452 60 2198
LFRU 48.59800 -3.82300 277 40 1615
LFRV 47.71800 -2.72500 439 40 1525
LFRW 48.66200 -1.40800 22 40 850
LFRZ 47.30900 -2.16400 13 80 2399
LFSA 47.27200 6.07700 807 240 975
LFSB 47.61800 7.51000 885 80 3901
LFSC 47.91100 7.39600 693 10 2428
LFSD 47.27700 5.09400 726 20 2400
LFSE 48.21200 6.44700 1040 20 150
LFSF 49.06200 6.13000 629 10 2400
LFSG 48.32400 6.05200 1084 90 2692
LFSH 48.79100 7.81400 491 30 994
LFSI 48.64000 4.88400 458 110 2417
LFSJ 49.66200 5.04600 512 10 1100
LFSK 48.70200 4.68300 410 50 900
LFSM 47.48500 6.78000 1041 260 1701
LFSN 48.68700 6.22600 751 30 1397
LFSO 48.57300 5.94900 1105 20 2477
LFSP 46.90000 6.32500 2683 20 999
LFSQ 47.64000 7.00400 1207 40 2842
LFSR 49.30600 4.03400 312 70 2479
LFST 48.53100 7.61600 504 50 2407
LFSU 47.97000 5.29500 1378 10 921
LFSW 49.00400 4.09300 289 40 1000
LFSX 47.79200 6.33500 912 40 2427
LFSZ 48.21300 5.95100 1076 140 1201
LFTF 43.25100 6.11500 269 110 1982
LFTH 43.09400 6.14100 6 50 2120
LFTM 44.45400 5.72800 2318 180 180
LFTN 44.24000 4.01200 1624 170 650
LFTP 43.87000 6.16900 2522 80 816
LFTQ 47.73900 -1.18500 322 110 720
LFTW 43.76900 4.41600 308 180 2638
LFTZ 43.20300 6.47600 58 60 1136
LFVM 47.09600 -56.38700 10 120 998
LFVP 46.75800 -56.18600 27 80 1798
LFXA 45.97800 5.32700 823 10 2000
LFXB 45.70100 -0.63700 118 60 900
LFXC 48.23100 5.84600 1237 50 750
LFXI 44.05700 5.48000 2736 160 1701
LFXM 49.11300 4.36000 387 110 900
LFXQ 47.94300 -2.18900 499 90 499
LFXU 49.00000 1.93200 89 100 1951
LFYD 48.08200 5.64900 1280 70 2408
LFYG 50.14000 3.25800 312 80 863
LFYK 49.46000 5.41700 909 120 2402
LFYL 47.69200 6.54000 1040 40 2402
LFYM 48.66300 3.85100 328 110 2702
LFYR 47.31800 1.68400 289 50 950
LFYS 42.44500 2.00100 4330 250 780
LFYT 49.74300 3.20400 295 50 2402
LG03 35.52500 23.84300 9 130 1050
LG53 38.87800 22.43100 38 130 1048
LG54 35.06300 24.75300 7 90 2707
LG55 37.09800 21.98800 36 160 1038
LG56 38.23600 25.93300 656 100 1013
LGAD 37.93400 21.28800 55 160 3143
LGAG 38.60300 21.33400 154 90 3000
LGAL 40.85200 25.94200 24 70 2561
LGAV 37.92400 23.94300 308 30 4001
LGAX 40.65600 22.48000 27 130 1813
LGBL 39.21800 22.77900 83 80 2752
LGEL 38.07600 23.55600 143 180 2724
LGHI 38.33600 26.13900 18 10 1513
LGIK 37.68800 26.34300 79 150 1382
LGIO 39.70500 20.81400 1558 140 2392
LGIR 35.34100 25.16100 115 90 2668
LGKA 40.45300 21.26800 2167 120 2694
LGKC 36.26800 23.01300 1045 20 1463
LGKF 38.12900 20.49300 59 140 2431
LGKL 37.08100 22.02300 26 170 2826
LGKM 40.97800 24.33500 203 140 1566
LGKO 36.80400 27.08400 412 140 2414
LGKP 35.42800 27.13500 66 120 2397
LGKR 39.61200 19.90900 6 170 2381
LGKS 35.42200 26.90500 35 90 979
LGKV 40.90600 24.60500 18 50 2996
LGKZ 40.29200 21.83400 2059 140 1822
LGLE 37.18900 26.79700 39 140 1012
LGLM 39.90700 25.22400 14 40 2999
LGLR 39.64800 22.44900 241 80 3275
LGMG 37.98000 23.35900 12 80 1202
LGMK 37.44400 25.34400 405 160 1957
LGML 36.69500 24.47100 12 80 800
LGMT 39.07500 26.58500 60 140 2407
LGNX 37.07800 25.36800 10 180 900
LGPA 37.02000 25.13300 121 180 710
LGPL 36.58400 26.37300 165 150 992
LGPZ 38.92100 20.75000 11 70 2866
LGRD 36.38100 28.09600 204 80 2426
LGRP 36.40000 28.06900 17 70 3300
LGRX 38.16600 21.42800 46 180 3358
LGSA 35.53700 24.13400 490 110 3342
LGSK 39.17000 23.50000 54 20 1687
LGSM 37.69000 26.90000 19 90 2039
LGSO 37.42800 24.95000 236 180 1082
LGSP 36.97200 22.52200 500 60 915
LGSR 36.40800 25.47400 127 160 2126
LGST 35.21000 26.09200 376 50 2073
LGSV 39.47700 22.76200 146 60 1301
LGSY 38.98100 24.48600 44 180 3006
LGTG 38.34300 23.54800 485 100 2984
LGTL 35.17900 25.32100 1180 20 2996
LGTP 37.52300 22.39900 2113 20 1944
LGTS 40.53000 22.96800 22 100 2435
LGTT 38.10200 23.77900 785 30 1766
LGZA 37.76100 20.88100 14 160 2229
LH58 47.34400 18.42100 1000 40 2052
LHBP 47.44900 19.22000 495 130 3805
LHDC 47.48100 21.60300 359 50 2494
LHFM 47.58700 16.84300 440 160 985
LHKE 46.92400 19.73500 376 120 2492
LHNY 47.98600 21.69700 338 180 1002
LHOY 46.31100 18.76800 295 170 1600
LHPP 45.99600 18.23800 1000 160 1506
LHPR 47.63000 17.80000 424 120 1447
LHSA 47.08600 17.96400 919 160 1986
LHSM 46.69700 17.15500 408 160 2503
LHSN 47.11400 20.23100 322 20 2001
LHTL 47.35400 18.97100 341 140 2501
LHZA 46.89100 16.78700 633 170 1414
LIAF 42.93900 12.70800 728 170 1601
LIAP 42.38600 13.30900 2210 180 1411
LIAQ 41.48900 13.71600 361 150 950
LIAU 41.11600 14.18500 64 80 1100
LIBA 41.54400 15.69900 183 110 2655
LIBC 39.00600 17.07800 521 170 2003
LIBD 41.13300 16.74300 177 70 2822
LIBF 41.43900 15.53100 265 150 1383
LIBG 40.53200 17.39900 215 170 3202
LIBJ 38.64400 16.04500 1706 160 800
LIBN 40.24700 18.12600 156 140 2068
LIBP 42.42300 14.17400 48 40 2420
LIBR 40.67400 17.92800 47 130 2864
LIBV 40.77500 16.92200 1187 140 3022
LICA 38.90700 16.22900 39 100 2394
LICB 36.98700 14.59500 757 50 2539
LICC 37.46600 15.05300 39 80 2433
LICD 35.49700 12.60800 70 80 1797
LICG 36.81400 11.95700 635 30 1661
LICJ 38.17400 13.08700 65 20 3256
LICP 38.11600 13.31300 345 170 1226
LICR 38.08100 15.64500 96 110 2023
LICT 37.91900 12.47600 24 130 2690
LICZ 37.40300 14.90900 79 100 2456
LIDA 45.88600 11.51000 3409 80 1110
LIDB 46.16800 12.24400 1240 50 812
LIDC 45.08100 12.15300 0 50 660
LIDE 44.70000 10.65800 152 110 1210
LIDF 43.82200 13.02200 52 50 1301
LIDG 44.39400 11.85300 62 30 800
LIDH 45.67100 11.49700 336 180 900
LIDJ 45.82900 13.01700 30 180 971
LIDK 45.95100 12.81500 125 60 650
LIDL 45.13000 11.29400 30 160 610
LIDM 45.13200 10.79200 82 40 862
LIDP 44.31800 10.83000 2214 30 850
LIDR 44.36300 12.21700 0 80 1198
LIDT 46.02600 11.12500 609 10 979
LIDU 44.83100 10.87000 69 20 850
LIDV 44.79000 11.66500 20 100 700
LIDW 45.70600 12.53400 17 150 700
LIEA 40.62000 8.28300 87 20 3003
LIED 39.36700 8.97000 100 170 2986
LIEE 39.26100 9.04300 13 140 2790
LIEO 40.89200 9.50600 37 60 2442
LIER 39.89600 8.63900 36 140 749
LIET 39.92100 9.67700 23 120 1187
LILA 44.92800 8.62800 299 30 850
LILB 45.77200 9.16300 1260 30 600
LILC 45.80900 8.77200 797 100 600
LILE 45.50100 8.09900 925 160 1481
LILH 44.95600 9.01400 423 160 1001
LILI 45.31000 8.41400 417 90 560
LILM 45.10600 8.45600 378 180 1100
LILN 45.74900 8.88800 1050 180 1421
LILO 46.15000 9.71100 901 90 800
LILQ 43.98300 10.14000 13 50 720
LILR 45.16800 9.99800 161 110 650
LILV 45.71700 9.59200 755 20 700
LIMA 45.08700 7.59700 943 100 1071
LIMB 45.54500 9.20200 484 180 1083
LIMC 45.64500 8.71900 767 170 3921
LIME 45.67800 9.70200 779 100 3016
LIMF 45.21600 7.65100 989 180 3302
LIMG 44.05100 8.11800 148 90 1426
LIMJ 44.41500 8.82400 13 100 2917
LIML 45.45600 9.27600 353 170 2443
LIMN 45.54400 8.66500 586 170 2993
LIMP 44.81800 10.29300 161 20 2123
LIMR 44.77500 8.78700 607 180 1050
LIMS 44.92100 9.70500 456 120 2987
LIMW 45.73800 7.35800 1791 90 1601
LIMZ 44.54000 7.61600 1267 30 2104
LINL 40.36000 18.29300 59 180 700
LIPA 46.02300 12.58400 410 50 2592
LIPB 46.45400 11.32500 789 10 1297
LIPC 44.23000 12.29000 18 120 3042
LIPD 46.02900 13.18400 305 40 730
LIPE 44.54100 11.27300 123 120 2799
LIPF 44.81500 11.60800 21 90 900
LIPG 45.90600 13.59200 207 40 1100
LIPH 45.64500 12.18000 59 70 2413
LIPI 45.97400 13.03500 179 60 2544
LIPK 44.20000 12.05700 97 120 2405
LIPL 45.44200 10.25400 333 130 2976
LIPM 44.63500 10.81200 184 110 800
LIPN 45.47100 10.92200 286 80 1011
LIPO 45.43800 10.31800 344 140 2993
LIPQ 45.82800 13.44700 37 90 2992
LIPR 44.02900 12.59700 41 130 2992
LIPS 45.68300 12.06800 137 80 2984
LIPU 45.39200 11.84400 44 40 1120
LIPV 45.42500 12.38300 13 50 1061
LIPX 45.38700 10.87600 239 40 3069
LIPY 43.60700 13.34900 49 40 2959
LIPZ 45.49400 12.33800 7 40 3301
LIQB 43.45700 11.84300 814 120 750
LIQL 43.82900 10.57300 39 100 911
LIQN 42.42300 12.85200 1276 160 830
LIQS 43.26100 11.25500 634 180 1392
LIQW 44.08300 9.98800 47 180 900
LIRA 41.80800 12.58900 427 150 2208
LIRE 41.66100 12.43300 39 130 2541
LIRF 41.81600 12.22600 15 70 3910
LIRG 41.99700 12.74100 289 40 1472
LIRH 41.64000 13.30300 645 160 1432
LIRI 40.61400 14.90300 131 50 1602
LIRJ 42.76600 10.23700 31 160 950
LIRL 41.54700 12.90100 93 120 1693
LIRM 41.05400 14.06700 29 60 2986
LIRN 40.88000 14.27800 294 60 2624
LIRP 43.67300 10.38300 6 40 2992
LIRQ 43.80500 11.19700 142 50 1652
LIRS 42.74900 11.06100 15 30 2994
LIRU 41.95700 12.50000 55 160 1085
LIRV 42.43100 12.05700 990 40 1287
LIRZ 43.08900 12.51100 693 10 1762
LIVD 46.72600 12.21800 3982 90 950
LJCE 45.90000 15.51500 510 90 2410
LJDI 45.68500 13.99900 1420 120 807
LJLJ 46.23200 14.44000 1273 130 3294
LJMB 46.48900 15.67700 876 150 2486
LJPZ 45.47700 13.61200 7 150 1200
LJSG 46.47600 15.11200 1645 140 1214
LKBA 48.79000 16.88800 524 80 740
LKBC 49.27900 14.48800 1414 120 2395
LKBE 49.74000 14.63900 1322 60 751
LKBO 49.67000 17.28900 774 70 837
LKBR 50.56500 16.33800 1341 140 912
LKBU 49.97500 14.17300 1397 100 727
LKCE 50.71100 14.56300 928 130 700
LKCH 50.47300 13.46300 1131 40 1201
LKCM 49.24100 16.55200 925 150 916
LKCR 49.93400 15.77400 977 60 982
LKCS 48.94600 14.41000 1417 90 2491
LKCT 49.69000 15.67500 1945 170 1011
LKCV 49.94400 15.37400 793 130 2401
LKDK 50.41500 15.83100 925 90 843
LKER 49.80400 13.03200 1568 100 856
LKFR 49.58900 18.37400 1440 80 771
LKHB 49.59900 15.54300 1519 110 996
LKHC 50.36000 15.57300 918 130 748
LKHD 50.65300 15.07700 1479 10 981
LKHK 50.26300 15.83800 791 160 2399
LKHN 49.54400 17.70000 797 50 735
LKHR 50.61900 14.72600 912 270 2491
LKHS 49.03600 14.48800 1620 60 1002
LKHV 49.84700 13.89000 1213 70 1165
LKJA 50.33500 15.95000 889 140 935
LKJC 50.43300 15.32700 862 120 999
LKJH 49.14900 14.96700 1683 70 754
LKJI 49.42000 15.62900 1820 100 921
LKKA 49.37100 16.11300 1833 140 700
LKKB 50.11700 14.53300 939 60 1997
LKKC 49.87000 12.76800 2076 80 589
LKKL 50.11500 14.08400 1420 130 930
LKKM 49.28300 17.41300 616 30 772
LKKO 49.99800 15.17100 925 30 896
LKKR 50.07600 17.69000 1227 120 747
LKKT 49.41800 13.31600 1299 90 814
LKKU 49.02200 17.43300 580 30 1999
LKKV 50.20600 12.90700 1988 110 2148
LKKY 48.98400 17.12100 685 150 1005
LKLB 50.77200 15.02000 1328 160 1051
LKLN 49.67200 13.26600 1187 60 1449
LKLT 50.12900 14.52000 912 50 848
LKMB 50.40100 14.89400 778 50 927
LKMH 50.53800 14.99800 800 70 1548
LKMI 50.29900 17.29200 1374 50 996
LKMK 49.79800 16.68300 1322 80 715
LKML 50.23700 14.90500 652 270 2489
LKMO 50.52000 13.68100 1085 20 1150
LKMR 49.92600 12.72100 1768 150 1031
LKMT 49.68500 18.09300 843 40 3514
LKNA 49.17300 16.11200 1548 130 2398
LKNM 50.36800 16.11400 1000 80 930
LKNY 50.16900 15.05000 610 90 600
LKOL 49.58800 17.20500 869 100 756
LKOT 49.20100 17.51700 603 170 648
LKPA 49.73300 16.26200 1978 150 1504
LKPC 50.30500 13.91700 1207 260 2497
LKPD 50.01400 15.72100 741 90 2491
LKPI 49.58000 15.75800 1742 80 761
LKPJ 49.45100 17.12800 702 120 1169
LKPL 49.72300 13.44800 1374 80 643
LKPM 49.71500 14.08900 1528 60 1435
LKPN 49.94000 15.54900 1250 70 727
LKPO 49.42100 17.38900 676 60 2493
LKPR 50.10200 14.22600 1246 40 3705
LKPS 49.91700 13.37400 1433 30 839
LKPV 49.41800 14.98400 1902 270 1997
LKRA 50.40300 13.75100 882 40 849
LKRK 50.09500 13.68700 1272 90 927
LKRO 50.41500 14.21900 728 130 1396
LKRY 49.75200 13.58400 1328 90 846
LKSA 49.56600 13.04400 1404 70 671
LKSB 49.49000 17.04800 836 130 869
LKSK 49.83100 16.00000 1601 30 868
LKSN 50.21500 14.08400 1079 70 661
LKSO 49.24300 14.71300 1335 180 740
LKSR 49.08600 14.07300 1564 150 915
LKST 49.24500 13.88900 1377 30 893
LKSU 49.95800 17.01300 1099 60 703
LKSZ 50.33000 14.25400 764 150 1316
LKTA 49.39700 14.70500 1440 120 1115
LKTB 49.15300 16.67600 777 90 2643
LKTC 49.98600 14.42100 1026 100 797
LKTD 49.79700 12.69900 1640 90 1099
LKTO 50.08500 12.94400 2135 80 1284
LKTV 49.44400 14.61100 1614 130 1995
LKUL 50.69800 13.96400 787 50 808
LKUO 49.98200 16.42300 1341 140 886
LKVL 49.73000 14.87700 1420 130 739
LKVM 49.93100 16.18000 987 120 1198
LKVO 50.22000 14.37900 919 100 2485
LKVP 50.46700 16.20000 1325 90 756
LKVR 50.62600 15.64100 1610 110 837
LKVY 49.29500 17.02200 915 20 1298
LKZA 49.92800 18.06900 793 100 914
LKZB 49.81700 15.19900 1617 150 780
LKZD 50.31900 13.50500 882 110 1116
LKZM 50.08600 16.44000 1407 130 737
LKZN 48.81700 16.06000 826 80 845
LL02 40.19200 -89.70200 570 180 610
LL07 42.06400 -89.97400 853 90 732
LL08 42.09600 -89.95200 790 180 607
LL09 42.27800 -88.09400 800 180 610
LL10 41.73800 -88.20300 708 90 787
LL18 41.09700 -90.45700 790 90 671
LL1A 31.26300 34.63100 660 100 1888
LL1B 31.22700 35.18400 1952 80 1394
LL23 41.01700 -90.87900 580 90 580
LL32 40.44600 -88.07500 800 180 802
LL33 42.21400 -89.86400 850 180 366
LL34 40.79200 -89.50700 560 180 427
LL40 41.47800 -87.84800 778 90 1278
LL43 41.45000 -89.17000 690 90 610
LL44 41.30200 -89.10900 625 180 793
LL46 40.83500 -88.15700 663 90 644
LL48 41.65300 -88.15500 630 180 717
LL49 41.66100 -88.13400 645 180 702
LL50 41.66800 -88.12900 660 180 732
LL51 41.60100 -88.27400 663 180 610
LL53 42.00700 -88.46100 955 50 732
LL55 41.99100 -89.56400 865 90 610
LL56 40.88400 -88.59500 659 90 732
LL58 42.48800 -88.85600 975 90 503
LL59 31.89200 34.68700 32 30 2408
LL60 30.86400 34.43900 825 150 1497
LL61 41.68200 -89.90300 606 180 793
LL62 31.23200 34.64900 725 100 2939
LL63 29.90200 35.06500 300 20 1018
LL64 41.20000 -89.39700 457 90 427
LL65 41.19700 -89.45000 690 180 488
LL66 41.21000 -88.69300 750 180 412
LL68 42.25400 -89.47100 800 90 403
LL69 42.30000 -89.42600 800 90 702
LL72 40.64800 -88.18500 750 180 702
LL74 42.00800 -89.05300 823 90 763
LL75 42.42200 -89.45000 920 180 580
LL78 42.31200 -89.15500 752 90 586
LL79 42.39000 -89.13100 813 180 732
LL80 42.38200 -89.16500 862 90 671
LL81 42.37000 -89.07000 778 180 1220
LL85 42.32700 -88.97600 920 180 1373
LL87 42.45400 -88.90500 970 50 580
LL88 42.47500 -89.09300 770 90 641
LL89 42.48700 -89.11200 759 90 610
LL90 42.44200 -88.90000 960 180 763
LL91 42.41500 -89.45600 870 70 488
LL94 42.43400 -89.00400 755 90 671
LL96 40.33600 -87.57100 695 180 662
LL97 42.33600 -88.08500 800 180 610
LL98 40.95000 -89.12000 705 90 610
LLBG 32.01300 34.86000 135 30 3662
LLBS 31.29000 34.71900 656 140 1032
LLEK 31.84700 34.81800 193 150 2410
LLES 32.44200 35.00100 95 90 1214
LLET 29.55400 34.95600 42 30 1904
LLEY 30.61600 35.20200 -164 10 1206
LLHA 32.81600 35.04200 28 160 1268
LLHS 31.76400 34.72100 148 50 2473
LLHZ 32.17900 34.83900 121 110 903
LLIB 32.98700 35.56800 922 50 1115
LLMG 32.59700 35.21600 200 90 2378
LLMZ 31.32300 35.38800 -1266 10 1194
LLNV 31.20400 34.99500 1330 80 3344
LLOV 29.92700 34.93200 1492 20 2995
LLRD 32.66600 35.16400 185 90 2600
LLRM 30.76900 34.65300 2126 70 2992
LLSD 32.10800 34.77800 43 30 1738
LMML 35.85600 14.47900 300 140 3545
LOAA 48.42000 15.21900 2867 30 516
LOAB 48.92400 15.29300 1720 120 600
LOAD 48.16200 15.58500 1061 80 501
LOAG 48.44800 15.63000 1022 110 742
LOAL 48.23400 16.66500 495 130 480
LOAN 47.84400 16.25300 896 100 1064
LOAR 48.66400 16.82300 603 40 500
LOAS 48.10500 16.93300 623 150 700
LOAU 48.40900 16.18700 685 70 800
LOAV 47.96100 16.25100 765 80 922
LOGF 47.06500 16.08100 830 130 700
LOGG 47.15100 16.31500 950 150 820
LOGI 47.49600 14.49300 2283 110 785
LOGK 47.45700 15.32600 1690 70 600
LOGL 47.55600 15.32100 2575 70 620
LOGM 47.78700 15.30500 2820 150 800
LOGO 47.47700 14.00500 2142 40 730
LOGP 47.39000 16.11000 1340 150 630
LOGT 47.38100 14.96400 2060 120 630
LOGW 47.17400 15.66500 1297 180 440
LOIH 47.38300 9.69700 1352 50 630
LOIJ 47.52200 12.44600 2198 130 747
LOIK 47.56700 12.13200 1589 60 800
LOIR 47.46900 10.68800 2811 50 640
LOKF 46.70600 14.07600 1706 20 586
LOKG 46.53100 14.33000 1498 40 619
LOKH 46.93100 14.43200 2019 170 708
LOKL 46.79900 12.88300 2088 120 620
LOKM 46.97600 14.37000 2120 60 400
LOKN 46.58200 13.62500 1800 90 710
LOKW 46.81500 14.82600 1460 10 685
LOLC 47.90100 13.94300 1742 50 641
LOLE 48.33700 13.98800 887 150 425
LOLF 48.50200 14.40400 2236 110 400
LOLG 48.10500 14.95400 828 40 480
LOLH 48.14000 14.34000 1168 80 448
LOLK 48.20300 13.33200 1378 120 600
LOLM 47.86900 14.12700 1510 130 465
LOLO 48.30400 14.32700 827 150 941
LOLS 48.40600 13.44500 1070 140 800
LOLT 48.05100 14.66900 1050 100 830
LOLU 47.95100 13.87000 1670 80 550
LOLW 48.18300 14.03100 1043 90 1391
LOSM 47.13200 13.69200 3642 70 820
LOWG 47.00400 15.43600 1115 170 3002
LOWI 47.25900 11.33100 1906 80 1994
LOWK 46.64600 14.32100 1470 100 2713
LOWL 48.23200 14.16700 978 90 2987
LOWS 47.80500 12.99700 1411 160 2750
LOWW 48.12300 16.53300 600 110 3599
LOWZ 47.29500 12.79000 2470 80 660
LOXA 47.53000 14.12400 2000 60 1525
LOXN 47.84000 16.22900 830 130 915
LOXT 48.31500 16.11000 575 50 1369
LOXZ 47.20100 14.72600 2220 80 2719
LP77 39.40600 -8.29300 541 150 1203
LPAR 38.87200 -9.03900 11 40 2990
LPAV 40.66000 -8.74600 26 170 1400
LPAZ 36.98500 -25.17300 308 40 3065
LPBE 38.07100 -7.88500 617 170 950
LPBG 41.85000 -6.71000 2241 20 1718
LPBJ 38.06300 -7.93400 636 10 3456
LPBR 41.58500 -8.45000 247 70 937
LPCH 41.72000 -7.45200 1181 160 858
LPCO 40.16100 -8.47200 587 160 921
LPCS 38.73300 -9.35800 326 170 1726
LPCV 40.26200 -7.48400 1572 60 959
LPEV 38.52800 -7.89000 807 10 1290
LPFC 38.07800 -8.23600 262 170 487
LPFL 39.46200 -31.13300 112 180 1407
LPFR 37.01700 -7.98600 24 100 2483
LPGR 39.09100 -28.03800 86 90 1385
LPHR 38.52000 -28.72500 118 100 1520
LPIN 40.97300 -8.65200 10 180 1501
LPJF 39.76400 -8.81700 164 20 600
LPJO 41.31800 -7.45400 2559 120 670
LPLA 38.77600 -27.10600 180 150 3312
LPLG 37.12300 -8.68200 17 120 577
LPMA 32.68900 -16.78400 192 50 2646
LPMF 39.97000 -6.90200 1056 170 855
LPMI 41.46900 -7.21800 1329 170 630
LPMR 39.81800 -8.88800 187 10 2996
LPMT 38.70500 -9.03700 46 10 2437
LPOV 40.92700 -8.64700 56 180 2431
LPPD 37.74600 -25.71100 259 120 2492
LPPI 38.55200 -28.45300 109 90 1741
LPPM 37.15100 -8.58900 4 110 861
LPPR 41.26300 -8.68500 228 170 3489
LPPS 33.08700 -16.35000 340 180 3014
LPPT 38.76600 -9.14400 374 30 3814
LPPV 37.18500 -7.47000 10 120 730
LPSC 39.11400 -9.36600 157 180 700
LPSI 37.93700 -8.80500 98 140 1150
LPSJ 38.66800 -28.18300 311 130 1372
LPST 38.83700 -9.34700 440 140 1788
LPTN 39.47200 -8.38600 266 80 2290
LPVL 41.26300 -8.49900 787 160 824
LPVR 41.27000 -7.72200 1805 20 940
LPVZ 40.72000 -7.88800 2060 10 1225
LQBK 44.95300 17.29400 400 170 2491
LQMO 43.29300 17.84000 156 160 2390
LQSA 43.83000 18.31700 1708 120 2596
LQTZ 44.46000 18.70900 784 90 2474
LR79 45.14900 27.42400 131 30 2496
LR80 44.40400 27.72800 180 180 2502
LR81 44.08000 24.40100 289 110 2499
LR82 45.20800 26.96800 344 40 2505
LRAR 46.17700 21.24900 352 90 1982
LRBC 46.53300 26.90600 607 160 2488
LRBM 47.66000 23.45800 605 100 1783
LRBS 44.49900 26.08300 297 70 3193
LRCK 44.37800 28.49100 353 180 3491
LRCL 46.78400 23.67400 1036 80 1842
LRCS 45.42400 22.24200 866 110 1995
LRCT 46.51300 23.87900 1083 150 2505
LRCV 44.31800 23.87300 626 90 2482
LRIA 47.18600 27.61600 397 150 1780
LROD 47.01700 21.90000 465 10 1786
LROP 44.56500 26.07700 314 80 3491
LRSB 45.78600 24.07900 1496 90 1981
LRSM 47.69200 22.88200 405 10 2474
LRSV 47.69500 26.35100 1375 160 1794
LRTC 45.07100 28.71200 200 160 1987
LRTM 46.46500 24.40000 963 70 1994
LRTR 45.81500 21.31700 348 110 3480
LS00 30.67600 -91.11600 105 90 305
LS04 32.31900 -91.83900 69 180 610
LS09 30.70000 -92.31900 70 20 869
LS10 30.27500 -93.31300 20 160 610
LS11 32.15700 -91.84300 73 180 747
LS16 32.01200 -91.75900 75 90 805
LS18 30.22500 -92.77500 21 90 793
LS21 29.67000 -90.77200 10 70 305
LS25 30.70100 -91.06200 120 10 854
LS34 29.90300 -91.72200 12 180 641
LS35 32.01800 -91.66400 91 180 763
LS36 30.25200 -92.97200 25 180 407
LS39 30.58700 -90.98800 49 50 915
LS40 29.95800 -90.28400 6 170 915
LS44 30.09300 -92.34300 15 180 671
LS46 31.46000 -91.82700 50 110 763
LS49 30.29900 -91.27600 13 40 1251
LS54 30.69000 -91.18900 65 40 458
LS59 30.63000 -92.18800 63 130 153
LS68 29.93500 -92.21800 10 90 793
LS69 32.64300 -93.66900 165 80 1220
LS72 30.20400 -92.81300 13 90 275
LS76 30.46500 -90.17000 25 180 610
LS86 30.68000 -90.42100 173 100 397
LS88 30.93900 -90.57400 294 140 610
LS90 32.26300 -93.94000 294 90 747
LS91 29.84200 -90.95300 12 60 793
LS92 30.59700 -90.31800 100 90 366
LS93 29.61000 -90.89900 6 40 92
LSGB 46.26100 6.98400 1312 140 700
LSGC 47.08100 6.78700 3368 60 1134
LSGE 46.75600 7.07000 2293 100 801
LSGG 46.22600 6.09100 1410 50 3899
LSGK 46.48500 7.23900 3307 80 1462
LSGL 46.54900 6.61700 2041 180 901
LSGN 46.95500 6.86100 1427 50 685
LSGP 46.40500 6.25600 1350 40 565
LSGR 46.61100 7.67400 2600 40 898
LSGS 46.21700 7.31400 1585 70 2013
LSGT 46.59700 7.09400 2257 170 812
LSGY 46.76000 6.61100 1421 50 725
LSMA 46.93700 8.28300 1460 10 1504
LSMC 46.49500 8.28500 4412 50 2110
LSMD 47.40200 8.63200 1470 110 2700
LSME 47.08300 8.29500 1400 40 2499
LSMF 47.07100 9.06200 1485 10 1553
LSMI 46.67000 7.87000 1893 50 2003
LSML 46.29100 8.99400 850 160 881
LSMM 46.74300 8.09500 1879 100 2098
LSMP 46.83500 6.90100 1465 50 2854
LSPA 47.57400 9.04200 1364 90 874
LSPD 47.44000 7.48500 1771 110 615
LSPF 47.68900 8.52300 1522 70 608
LSPG 46.90400 8.25800 1826 30 610
LSPH 47.51200 8.77100 1496 20 763
LSPK 47.28100 8.88000 2480 110 370
LSPL 47.18000 7.73600 1545 50 913
LSPM 46.51600 8.67800 3241 110 1984
LSPN 47.22800 8.07700 1591 150 408
LSPO 47.33900 7.88000 1368 50 1009
LSPU 46.47700 8.25900 4356 50 976
LSPV 47.20400 8.86400 1337 80 497
LSTA 46.30500 7.80800 2487 90 2242
LSTB 46.97900 7.12900 1414 60 583
LSTO 46.91500 6.61300 2402 50 458
LSTR 46.59300 6.40300 2178 30 689
LSTS 46.50300 7.40400 3304 140 1799
LSTZ 46.55600 7.38000 3060 170 827
LSZA 45.99900 8.90800 915 10 1350
LSZB 46.91900 7.49100 1672 140 1730
LSZC 46.97000 8.38500 1475 70 2002
LSZD 46.16000 8.78100 656 170 626
LSZE 47.01600 9.47900 1617 120 496
LSZF 47.44300 8.22900 1300 80 641
LSZG 47.18000 7.41100 1411 70 997
LSZH 47.47600 8.53600 1416 100 3698
LSZI 47.50800 7.94600 1774 70 581
LSZJ 47.18300 7.08400 2247 60 946
LSZK 47.37800 8.75400 1751 120 646
LSZL 46.16600 8.87400 650 80 800
LSZN 47.23800 8.51100 1928 90 549
LSZO 47.18700 8.20400 2245 160 763
LSZP 47.08600 7.28600 1437 50 732
LSZR 47.48600 9.55000 1306 100 1496
LSZS 46.52700 9.87800 5600 30 1846
LSZT 47.52200 8.99700 1539 60 732
LSZU 47.26800 8.30100 2372 160 742
LSZV 47.50800 9.25900 1656 80 534
LSZW 46.75900 7.59700 2211 140 800
LSZX 47.17400 9.03800 1358 160 518
LSZY 47.40900 7.04900 1427 70 458
LT86 40.19700 25.88100 46 10 2150
LTAB 39.93100 32.73000 2694 60 2018
LTAC 40.11500 32.98100 3125 30 3759
LTAD 39.95700 32.67100 2653 110 2603
LTAE 40.06600 32.55500 2767 30 3351
LTAF 36.97500 35.26800 65 50 2736
LTAG 36.99400 35.41200 238 50 3046
LTAH 38.73700 30.58800 3310 130 3665
LTAI 36.91500 30.79500 177 180 3407
LTAJ 36.95000 37.46200 2315 100 2993
LTAK 36.57200 36.14800 25 70 1160
LTAN 37.96500 32.55600 3381 10 3354
LTAO 38.34700 38.24400 3016 40 2291
LTAP 40.82200 35.50800 1758 50 2922
LTAR 39.79700 36.89700 5236 10 3815
LTAT 38.42200 38.08100 2828 30 3352
LTAU 38.76700 35.47900 3463 70 2993
LTAV 39.45700 31.34700 3185 110 3394
LTAW 40.30200 36.36400 1831 40 1614
LTAY 37.77900 29.68700 2795 60 2995
LTAZ 38.77800 34.51900 3100 110 2983
LTBA 40.99600 28.80600 163 50 3004
LTBF 39.63300 27.92700 340 180 2994
LTBG 40.33200 27.97800 170 180 3011
LTBH 40.13200 26.42000 23 40 1800
LTBI 39.78400 30.56400 2581 90 3042
LTBJ 38.30700 27.15300 412 160 3245
LTBK 38.32500 27.15800 433 170 1359
LTBL 38.52600 27.00900 16 170 2998
LTBM 37.78900 30.57900 3250 140 1001
LTBN 39.43300 30.01400 3026 160 1497
LTBO 38.68200 29.45700 2897 90 2549
LTBP 40.68400 29.37200 6 80 1399
LTBQ 40.73700 30.06600 182 90 2980
LTBR 40.25200 29.54500 764 70 2986
LTBS 36.70000 28.78800 20 10 3002
LTBT 38.82000 27.82300 263 140 2991
LTBU 41.12900 27.90500 574 50 3016
LTBV 37.13700 27.66200 202 60 1564
LTBX 40.99900 29.21700 400 40 1412
LTBY 39.81000 30.50500 2588 90 2514
LTCA 38.61200 39.28400 2927 130 1711
LTCC 37.90900 40.19500 2251 160 3554
LTCD 39.71600 39.51100 3783 110 2994
LTCE 39.95500 41.14800 5763 50 3800
LTCF 40.55500 43.09600 5889 60 3490
LTCG 41.00000 39.77500 104 110 2623
LTCH 37.10300 38.84100 1483 150 2170
LTCI 38.45800 43.32300 5480 30 2748
LTCJ 37.91700 41.10900 1822 20 3053
LTCK 38.75500 41.64300 4157 110 3544
LTCL 37.97600 41.83100 2001 60 1802
LTCN 37.53600 36.94100 1723 80 2295
LTCO 39.66300 43.02400 5462 160 1999
LTCP 37.72400 38.45800 2216 50 2501
LTCR 37.21400 40.62300 1729 30 2502
LTFA 38.53000 26.97400 13 170 3035
LTFB 37.95100 27.31900 10 90 1737
LTFC 37.84700 30.35500 2835 50 3003
LTFD 39.54900 27.00400 50 50 2081
LTFE 37.25500 27.64900 21 110 2982
LTFH 41.26400 36.55400 18 130 2986
LTFJ 40.89300 29.29300 312 60 2953
LU65 47.85900 28.19700 312 70 2511
LUBL 47.84700 27.77500 758 150 2207
LUKK 46.92700 28.90700 399 80 3580
LVGZ 31.23500 34.27000 300 10 3078
LW66 41.32900 21.44500 2034 40 1079
LW67 42.15700 21.69400 1217 120 916
LW68 41.15200 21.40800 1900 170 302
LW69 41.42800 21.40200 1970 10 299
LW70 41.76000 21.84100 1112 140 300
LW71 41.82900 21.98600 794 140 301
LW72 41.51800 22.08600 500 140 300
LW73 41.80000 22.11000 900 160 305
LW74 41.02500 21.42600 1950 170 1205
LW75 42.06200 21.38500 1150 120 1204
LWOH 41.16900 20.73800 2313 20 2538
LWSK 41.97200 21.61800 781 160 2449
LXGB 36.15100 -5.36000 15 270 1826
LY87 44.78100 20.95200 280 130 2188
LY88 43.90300 19.67900 2966 110 3080
LY89 44.02300 22.13400 1266 150 1062
LY90 42.44300 20.42700 1370 180 1794
LYBE 44.82700 20.29100 335 120 3394
LYBT 44.94700 20.23800 265 120 2489
LYNI 43.34100 21.84100 648 110 2495
LYPG 42.37100 19.25300 141 80 2503
LYTV 42.41300 18.71300 20 140 2501
LYVR 45.14200 21.30900 276 10 1001
LZIB 48.17600 17.20400 436 40 2952
LZKZ 48.64900 21.23600 755 10 3100
LZMC 48.39100 17.11300 679 20 2492
LZPP 48.61700 17.82500 545 10 1999
LZRY 49.08300 21.09700 1049 120 1101
LZSL 48.64800 19.13500 1043 180 2333
LZTN 48.85800 17.98300 676 30 1994
LZTT 49.07400 20.22400 2355 70 2583
LZZI 49.23100 18.60600 1020 60 1144
MA03 42.42000 -72.59900 133 110 793
MA04 42.76800 -71.03600 16 60 519
MA16 42.36600 -71.82300 630 180 519
MA18 41.83800 -71.03000 71 90 656
MA19 42.36300 -71.64100 270 10 915
MA26 42.12000 -72.25700 465 90 183
MA30 42.09700 -71.96500 810 180 610
MA35 42.04900 -72.48200 250 180 305
MA43 42.07200 -72.90200 1120 100 357
MA44 41.44000 -70.57300 40 60 671
MA52 42.43800 -71.46400 220 140 328
MA55 41.33400 -70.29800 10 140 366
MA56 41.24800 -70.11900 28 60 610
MA61 42.13900 -71.90800 400 20 656
MA63 42.07200 -70.79700 34 180 458
MA64 42.07300 -70.81400 40 180 610
MA66 42.10000 -71.21100 276 100 488
MA70 42.35300 -71.43000 135 180 336
MA72 41.28600 -70.26600 30 50 610
MA75 42.03900 -71.61200 260 140 732
MA77 42.37700 -73.14900 2000 160 549
MA80 42.11800 -72.81500 280 30 488
MA86 42.50500 -73.06300 2102 90 549
MA88 42.38600 -72.93000 1425 180 854
MA97 42.12700 -71.74300 700 150 732
MBGT 21.44700 -71.15100 13 110 1939
MBMC 21.83500 -71.82200 9 120 1220
MBNC 21.91500 -71.94500 10 80 1282
MBPI 21.90100 -72.10500 3 110 1159
MBPV 21.77400 -72.27700 15 100 2311
MBSC 21.51700 -71.53700 6 110 1822
MBSY 21.33300 -71.20500 5 260 862
MBWC 21.64700 -72.46400 5 100 915
MD01 38.14400 -76.35900 20 110 366
MD02 39.28600 -77.07800 550 60 610
MD03 39.48500 -75.81500 81 50 1129
MD04 38.56900 -76.23900 5 90 488
MD05 39.55500 -75.88000 60 140 671
MD06 38.33600 -76.88100 20 120 366
MD09 38.91800 -75.97200 50 180 610
MD11 39.28000 -76.06700 80 140 900
MD12 39.63400 -77.29300 370 20 641
MD14 38.52400 -76.68800 20 90 793
MD16 39.23200 -77.08500 530 150 445
MD17 39.51600 -76.73600 400 90 580
MD18 38.58900 -76.14300 12 30 808
MD19 39.20100 -76.02100 50 140 732
MD20 39.63700 -77.12500 520 110 458
MD21 39.09600 -76.12000 20 140 686
MD22 38.78600 -76.56600 15 170 610
MD23 39.14400 -76.04500 30 90 839
MD24 39.24000 -76.95000 420 130 732
MD28 38.81400 -75.99300 50 180 1037
MD31 39.58200 -76.37900 476 130 808
MD35 38.43200 -75.65300 42 40 702
MD38 39.60100 -76.74600 650 30 671
MD39 38.52400 -77.25500 50 150 915
MD41 38.89800 -75.91400 50 100 559
MD42 39.61800 -77.23000 437 50 572
MD43 39.11800 -76.50000 70 90 549
MD45 38.22700 -76.63000 18 20 763
MD46 39.27000 -77.00900 590 100 671
MD47 39.33500 -77.10100 780 30 732
MD48 39.47500 -76.50300 325 130 641
MD49 38.64800 -76.67700 30 180 824
MD50 38.36300 -76.40900 116 130 763
MD53 38.28600 -75.74100 10 30 732
MD54 38.45600 -77.23600 95 20 671
MD55 38.40100 -77.18700 90 170 702
MD56 39.56700 -77.12200 510 30 357
MD57 38.01100 -75.61800 10 180 915
MD59 39.14300 -76.09500 30 170 763
MD61 39.72300 -76.07200 510 60 366
MD62 39.12700 -76.00600 70 130 824
MD63 39.27900 -76.01100 65 180 915
MD64 38.80200 -76.27600 10 140 793
MD65 38.73500 -77.02200 97 10 506
MD66 39.33400 -76.10000 60 30 915
MD69 39.33300 -76.08600 80 90 549
MD70 39.18400 -75.91100 70 150 671
MD72 39.58500 -77.18700 500 10 671
MD73 39.45600 -77.15100 693 50 763
MD74 39.47100 -77.19600 580 20 641
MD75 39.34100 -77.30400 530 50 183
MD77 39.26200 -77.34200 590 170 427
MD78 39.38100 -77.07100 720 30 503
MD81 38.37900 -76.12800 3 140 1037
MD82 38.54200 -76.27700 5 160 610
MD83 38.51800 -77.06800 170 10 732
MD84 38.35200 -76.86600 20 140 580
MD85 38.93200 -75.89400 58 90 610
MD87 38.32000 -76.19700 5 10 732
MD89 38.08900 -75.66600 18 140 549
MD90 38.80300 -76.25800 8 160 458
MD91 39.14800 -76.02000 70 30 976
MD92 39.02000 -76.31700 20 40 567
MD95 39.48100 -76.88300 550 40 458
MD97 38.46500 -77.04900 40 160 885
MD99 39.50400 -79.07800 2080 140 1218
MDAB 19.19900 -69.43500 57 110 1165
MDBH 18.25800 -71.13300 10 120 3000
MDCR 17.93100 -71.65100 262 110 1506
MDCY 19.25800 -69.74300 12 70 2781
MDCZ 18.89700 -70.72600 3527 80 1976
MDDJ 19.56300 -71.69100 203 70 1708
MDJB 18.56500 -69.98600 98 10 1660
MDLR 18.45200 -68.92600 238 110 2945
MDMC 19.88000 -71.63700 68 50 1000
MDPC 18.57000 -68.38300 46 80 3097
MDPO 19.32000 -69.49600 57 270 1086
MDPP 19.75400 -70.58400 15 80 3078
MDSD 18.44400 -69.67400 59 170 3367
MDSI 18.49500 -69.76600 111 30 2131
MDST 19.40900 -70.61700 563 110 2627
ME03 45.33300 -69.05000 400 10 763
ME05 46.74800 -68.47000 800 180 458
ME06 45.03000 -67.31200 440 20 580
ME08 45.03900 -69.86500 342 140 610
ME10 43.96100 -70.04600 194 130 610
ME14 44.22800 -69.12400 570 40 549
ME15 44.67900 -67.27000 40 90 900
ME16 46.93400 -67.88000 746 10 3688
ME17 44.60400 -67.93400 100 90 153
ME19 46.61600 -69.52500 1150 90 366
ME20 44.60100 -69.62500 310 180 427
ME22 44.51500 -70.41000 400 120 610
ME23 43.91400 -70.02300 145 50 305
ME25 47.16900 -68.39700 640 150 915
ME26 43.66800 -70.36500 85 120 336
ME29 44.27900 -69.09900 280 170 610
ME33 43.78000 -70.01600 70 140 580
ME34 44.17100 -69.42700 250 180 610
ME35 44.92800 -69.00600 382 10 793
ME38 46.52900 -67.87800 432 140 610
ME39 44.23400 -70.13300 480 20 412
ME40 44.18200 -68.83700 101 180 915
ME41 44.15100 -68.87700 80 50 318
ME42 44.92400 -70.05300 450 180 503
ME44 44.29100 -70.44700 960 170 427
ME45 43.40700 -70.43500 40 140 488
ME46 43.41100 -70.44700 60 20 305
ME47 44.85100 -69.45600 350 10 702
ME49 43.58800 -70.36800 120 50 336
ME52 44.80400 -69.33300 245 10 702
ME53 46.59700 -68.39300 760 180 610
ME55 44.07200 -68.82000 72 50 461
ME56 44.07000 -69.30800 255 130 488
ME60 44.46900 -69.82100 390 130 549
ME61 43.29600 -70.90300 190 140 610
ME62 44.80700 -69.47200 390 180 763
ME64 43.38000 -70.93300 365 170 1219
ME66 43.61200 -70.35900 30 90 275
ME68 44.81600 -69.23700 300 10 976
ME69 44.06700 -70.06500 280 30 512
ME70 45.04000 -69.48000 672 180 488
ME75 43.95500 -70.14400 220 150 488
ME79 45.30600 -69.35000 340 130 488
ME81 46.62700 -67.93800 500 30 519
ME84 44.16500 -68.43100 100 90 458
ME88 44.99100 -67.07800 200 90 610
ME89 43.60800 -70.97100 650 90 503
ME91 43.67500 -70.49800 200 100 397
ME92 44.51800 -70.22400 600 150 366
ME93 47.13000 -67.97000 860 150 793
ME94 44.21600 -69.29400 54 90 549
MG13 15.80400 -89.85600 510 90 1197
MGBN 15.47400 -88.84200 130 90 977
MGCB 15.46500 -90.40900 4339 20 1016
MGGT 14.57000 -90.53200 4952 10 2999
MGLL 26.89700 -111.95800 61 140 1113
MGPB 15.73800 -88.59400 33 120 2700
MGRB 15.99200 -90.45200 426 80 1431
MGRT 14.51700 -91.70300 656 40 1548
MGSJ 13.94500 -90.84000 29 150 2023
MGTK 16.91900 -89.88000 427 100 2998
MHLC 15.73700 -86.86600 49 70 3007
MHLM 15.44200 -87.93300 91 40 2813
MHNJ 16.44800 -85.91200 49 120 1220
MHRO 16.31300 -86.53200 18 70 2241
MHSC 14.39300 -87.62300 2061 170 2453
MHTE 15.77300 -87.48100 7 60 1347
MHTG 14.05300 -87.22000 3294 20 1871
MHTJ 15.92500 -85.94300 3 60 1071
MI01 43.06100 -82.67700 735 180 702
MI02 41.99100 -83.80500 691 180 915
MI05 43.16300 -83.78700 680 180 805
MI06 42.92300 -84.28700 810 90 580
MI09 42.05300 -83.74100 706 180 747
MI10 42.86500 -84.71000 800 90 702
MI11 42.53800 -84.80200 890 180 763
MI13 42.43000 -84.60100 963 20 816
MI15 42.72900 -82.66800 618 90 519
MI18 43.09000 -83.83600 725 180 763
MI19 43.06800 -83.88800 720 180 1159
MI20 43.71000 -82.63100 665 90 793
MI21 41.73600 -84.56700 944 50 534
MI22 41.87400 -86.20400 745 90 275
MI25 41.92200 -86.54800 670 90 402
MI26 42.61100 -83.73500 978 110 427
MI27 42.61200 -83.85700 1000 90 549
MI29 42.37900 -83.79300 920 180 610
MI33 42.79000 -82.64100 631 40 549
MI35 42.07600 -84.83000 988 20 519
MI37 42.75500 -82.56100 620 90 397
MI38 42.60000 -84.42900 900 50 610
MI39 42.07300 -83.60800 675 180 397
MI41 42.82800 -82.53500 610 10 824
MI43 43.18300 -83.90100 660 180 720
MI44 43.67000 -84.73600 755 180 595
MI45 42.81000 -83.45200 1050 180 458
MI47 42.81200 -84.19100 897 180 763
MI48 41.83200 -83.68700 680 70 732
MI50 42.76400 -82.95300 705 50 763
MI52 42.09000 -83.97200 825 90 671
MI54 42.79400 -82.53700 612 180 763
MI55 43.49000 -84.37000 678 90 732
MI57 42.36400 -84.68700 980 180 549
MI58 42.75400 -85.03500 849 90 1007
MI64 43.20000 -82.75800 800 60 763
MI67 43.29200 -85.78100 810 180 549
MI68 41.93600 -86.50400 645 50 549
MI70 42.07400 -83.88400 800 180 549
MI71 43.64400 -86.45800 772 80 811
MI72 41.85300 -86.35000 665 180 610
MI73 43.25800 -85.55100 893 90 824
MI76 42.54800 -86.21800 700 40 488
MI77 42.29900 -85.42000 805 80 580
MI78 42.91700 -85.78700 600 90 519
MI80 43.13100 -85.39900 892 180 653
MI82 42.87600 -85.96000 662 90 732
MI86 43.34200 -86.19100 669 90 610
MI88 42.73200 -85.90900 680 90 610
MI89 42.14800 -85.65700 894 90 763
MI92 45.93300 -88.10300 1250 90 732
MI93 44.68700 -83.74900 1010 90 763
MI94 45.78300 -88.06600 1110 140 534
MI98 46.20100 -84.74500 705 90 534
MI99 42.79900 -82.66300 620 90 702
MKBS 18.40400 -76.97300 90 90 913
MKJP 17.94000 -76.79900 10 120 2716
MKJS 18.49900 -77.92500 6 70 2589
MKKJ 18.19900 -76.54000 20 90 1038
MKTP 17.99200 -76.82800 16 140 1310
MM01 22.74900 -99.01700 341 180 2011
MM10 28.04400 -115.19000 98 150 1399
MM11 24.41600 -104.89200 8202 60 1553
MM12 25.81000 -107.91000 986 10 1396
MM13 27.60500 -105.11000 4265 130 1842
MM14 21.96800 -100.00800 3281 160 1038
MM15 22.95100 -109.94300 459 110 1498
MM16 25.51900 -103.52400 3720 30 2100
MM17 23.97100 -98.83500 2000 170 942
MM20 18.87700 -96.96300 3000 120 1247
MM21 25.74000 -100.22800 1560 150 1032
MM22 23.81100 -97.77600 15 160 2078
MM23 29.72400 -114.70500 1843 70 1163
MM25 19.71500 -103.49300 4987 150 1524
MM26 27.30300 -112.93800 800 170 1512
MM27 21.99000 -98.96200 302 180 1398
MM28 19.86900 -98.94600 7600 10 1295
MM29 16.46500 -98.39700 490 100 961
MM30 24.65500 -107.55800 43 50 1321
MM31 20.94600 -97.38200 10 70 1415
MM32 29.92100 -112.66100 148 10 2014
MM36 26.68200 -100.17800 900 110 1609
MM37 25.50900 -102.21200 4498 100 2044
MM38 26.52200 -99.15600 150 100 1544
MM39 25.43500 -108.09500 80 20 1008
MM41 16.91400 -99.99900 20 100 2316
MM42 27.86000 -101.53000 1750 130 1218
MM44 26.30000 -99.55300 676 20 1036
MM45 27.04200 -108.95300 1312 120 1207
MM48 17.87600 -92.48200 20 50 1525
MM49 20.23200 -87.44500 7 120 1817
MM50 24.42500 -106.70600 250 130 1201
MM51 26.64000 -100.89400 2200 130 1277
MM52 25.65300 -108.54800 92 90 1965
MM53 24.06800 -98.41700 480 160 1573
MM54 23.74300 -98.06500 100 140 1255
MM56 22.94900 -98.96200 377 10 1275
MM57 16.22000 -95.20100 75 180 1706
MM58 28.03300 -114.03200 59 120 2200
MM59 19.09200 -102.40100 1033 70 1488
MM61 20.48300 -99.26300 5577 40 1023
MM63 19.74300 -104.34400 2900 60 1702
MM64 26.99000 -102.03900 2450 80 1251
MM65 31.25900 -109.60900 4165 50 1510
MM66 18.68100 -103.68100 200 50 1495
MM67 23.66900 -100.62900 5118 30 2005
MM68 28.03900 -103.78100 4310 70 1964
MM69 30.66900 -110.93600 2536 30 1447
MM71 25.05900 -111.62100 213 120 1604
MM72 21.16000 -88.18000 56 120 1760
MM73 18.53500 -100.85100 984 170 1641
MM75 31.24600 -109.63000 4000 110 1062
MM76 32.45100 -114.80300 50 130 1504
MM77 28.20900 -105.44900 3888 10 1033
MM79 26.40300 -108.61500 246 140 1310
MM80 30.49200 -109.64800 4707 150 2496
MM81 18.78000 -110.92900 1085 180 1251
MM82 27.01800 -103.38000 3450 30 1530
MM84 26.92300 -105.78900 5965 90 1331
MMAA 16.76000 -99.76300 16 60 3299
MMAL 26.32300 -99.55000 676 20 2859
MMAN 25.85600 -100.24400 1476 20 2024
MMAS 21.71500 -102.31700 6112 40 3017
MMBT 15.77300 -96.27500 464 70 2708
MMCB 18.82400 -99.26800 4277 20 2886
MMCC 29.33900 -101.10800 1410 130 1802
MMCE 18.65900 -91.80600 10 130 2211
MMCG 30.40500 -107.88000 4850 40 1854
MMCH 17.58000 -99.51700 4199 150 1410
MMCL 24.75700 -107.48200 108 20 2306
MMCM 18.50800 -88.33700 39 100 2198
MMCN 27.40000 -109.84100 205 130 2312
MMCP 19.82800 -90.50300 34 160 2518
MMCS 31.62800 -106.43600 3904 30 2707
MMCT 20.64400 -88.45900 102 100 2794
MMCU 28.71500 -105.96100 4462 40 2606
MMCV 23.71200 -98.96100 761 150 2209
MMCY 20.54700 -100.89600 5709 80 1913
MMCZ 20.52300 -86.94000 15 50 3100
MMDO 24.11400 -104.53700 6104 30 2911
MMEP 21.41000 -104.84700 3020 20 2296
MMES 31.79900 -116.60900 66 110 1488
MMGL 20.52900 -103.32800 5016 20 4007
MMGM 27.96000 -110.93100 59 20 2348
MMHC 18.50400 -97.42600 5509 130 1994
MMHO 29.08800 -111.06300 627 50 2305
MMIA 19.27400 -103.58800 2467 70 2295
MMIM 21.24900 -86.74200 7 150 1052
MMIO 25.55100 -100.92800 4778 30 2908
MMIT 16.46000 -95.09400 164 170 2339
MMJA 19.47500 -96.80600 3127 80 1697
MMJC 19.57100 -99.29300 8120 40 1319
MMLC 17.99600 -102.22300 39 10 1491
MMLM 25.68700 -109.09000 16 90 1991
MMLO 21.00400 -101.49300 5956 130 3489
MMLP 24.08400 -110.36100 69 180 2511
MMLT 25.99900 -111.35000 34 160 2222
MMMA 25.77900 -97.53000 25 150 2311
MMMD 20.93800 -89.66000 38 100 3199
MMML 32.63600 -115.25500 74 100 2601
MMMM 19.84200 -101.03900 6033 50 3402
MMMT 18.09400 -94.58400 36 10 2112
MMMV 26.95100 -101.48100 1864 60 2100
MMMX 19.42800 -99.09100 7316 50 3946
MMMY 25.78400 -100.11700 1278 110 3018
MMMZ 23.16200 -106.27800 38 80 2689
MMNG 31.23400 -110.97800 3990 160 1783
MMNL 27.45200 -99.57500 484 140 2016
MMOX 16.98800 -96.72900 4989 10 2460
MMPA 20.60300 -97.46900 497 80 1797
MMPB 19.17400 -98.37200 7361 170 3636
MMPC 20.07000 -98.78800 7600 30 1871
MMPE 31.36000 -113.53200 30 30 1454
MMPG 28.63300 -100.54400 901 120 2028
MMPN 19.38700 -102.04500 5258 20 2413
MMPP 23.80600 -109.71100 33 110 1011
MMPQ 17.53500 -91.99100 200 90 1491
MMPR 20.67100 -105.26500 23 40 3115
MMPS 15.87700 -97.10000 294 90 2316
MMPY 20.62400 -87.08600 36 110 761
MMQT 20.62000 -100.20200 6296 90 3487
MMRX 26.01600 -98.23400 139 130 1902
MMSC 16.69500 -92.54200 7707 110 2641
MMSD 23.16500 -109.72300 374 160 3003
MMSF 30.93500 -114.81400 148 130 1517
MMSP 22.27400 -100.94300 6035 40 3015
MMTA 19.52700 -98.17700 8229 10 2501
MMTB 16.75000 -93.17300 1909 170 2165
MMTC 25.57200 -103.41500 3688 80 2752
MMTG 16.57100 -93.03200 1491 140 2508
MMTJ 32.54300 -116.98600 489 90 2944
MMTM 22.30200 -97.87400 80 90 2553
MMTN 22.04500 -98.80700 164 160 1447
MMTO 19.35400 -99.57400 8466 150 4213
MMTP 14.78900 -92.37800 97 50 2004
MMUN 21.04500 -86.89100 24 120 3492
MMVA 17.99600 -92.82800 46 80 2207
MMVR 19.14900 -96.18600 90 90 2416
MMZC 22.88500 -102.69400 7141 20 3009
MMZH 17.60200 -101.47200 26 80 2501
MMZM 20.05200 -102.27500 5141 180 1502
MMZO 19.14800 -104.56900 30 100 2198
MMZP 20.75100 -103.47600 5333 80 2695
MN01 47.28000 -96.61800 886 180 763
MN04 45.77600 -95.26300 1387 170 519
MN06 48.04600 -96.78400 850 180 793
MN11 45.30400 -95.54500 1050 170 793
MN12 47.19800 -94.75700 1380 70 732
MN13 47.49400 -94.95000 1373 140 690
MN15 44.79500 -93.85800 1000 90 702
MN16 46.30000 -94.26900 1200 170 732
MN17 46.27200 -94.24300 1250 90 610
MN18 46.17800 -94.09400 1275 90 793
MN20 44.90700 -94.57200 1100 180 793
MN22 43.82000 -92.33900 1300 90 915
MN23 45.31600 -92.89000 936 90 671
MN24 45.14800 -93.11800 890 20 580
MN28 44.98700 -94.74800 1120 180 778
MN31 45.06600 -94.57900 1205 180 756
MN32 44.19200 -92.45600 1130 100 580
MN37 46.94300 -92.36000 1320 50 549
MN38 47.92100 -96.98400 840 180 793
MN40 45.36100 -93.59000 950 30 458
MN42 47.66200 -95.94700 1204 160 702
MN45 44.56600 -93.13700 951 90 763
MN46 44.60700 -93.09200 900 170 610
MN49 44.42700 -93.48400 1100 180 671
MN50 48.37100 -95.81200 1150 90 805
MN51 45.45500 -92.98000 909 110 824
MN52 47.23100 -93.09800 1394 110 885
MN53 45.58600 -96.57600 1112 180 915
MN57 48.79000 -96.94100 821 90 763
MN58 44.70100 -92.86400 820 180 702
MN60 45.76700 -96.21600 1053 170 808
MN61 43.75700 -93.17800 1205 180 756
MN62 44.85000 -94.35500 1050 90 702
MN63 44.68100 -93.64000 855 50 610
MN64 43.69900 -95.17200 1504 180 671
MN66 45.08100 -93.67200 1021 80 519
MN67 44.66400 -93.51800 940 180 1037
MN68 45.70100 -93.37500 990 90 458
MN69 45.00500 -93.67800 1026 110 1037
MN71 44.87800 -93.89200 988 180 686
MN74 43.83100 -93.84500 1055 90 702
MN76 45.31700 -93.82200 940 90 763
MN77 46.92700 -96.71600 900 170 793
MN79 45.43100 -93.86100 970 90 448
MN81 47.99200 -97.03100 828 170 793
MN84 47.81400 -95.89600 1100 90 610
MN85 46.03700 -93.66100 1250 180 763
MN86 47.04900 -95.12700 1492 10 976
MN88 45.28400 -94.67600 1160 90 702
MN89 46.61700 -95.65600 1374 90 915
MN90 44.03600 -96.31800 1750 90 671
MN91 45.53800 -93.51700 985 90 403
MN92 46.74700 -92.30000 1250 180 610
MN93 46.10700 -94.51800 1200 150 458
MN95 46.50900 -96.19200 1386 180 366
MN96 43.59500 -95.81700 1640 180 763
MN97 45.59300 -94.20400 1042 180 671
MN98 45.40700 -93.38500 931 180 915
MN99 44.91600 -94.09300 1050 90 622
MNBL 11.98600 -83.78200 41 50 2020
MNBR 12.19100 -86.35800 262 90 932
MNFC 12.35700 -86.19600 217 90 2997
MNLN 12.42800 -86.90700 328 90 929
MNMG 12.14300 -86.17900 194 90 2440
MNMR 11.79900 -86.51900 94 50 2034
MNPC 14.04600 -83.39800 69 90 2466
MO01 37.25400 -93.10600 1475 180 805
MO03 38.42600 -90.58400 465 150 473
MO04 39.71900 -91.85300 769 130 717
MO05 40.42600 -91.71700 700 100 808
MO09 40.02600 -91.87800 702 130 978
MO11 38.40800 -93.33300 940 180 894
MO13 37.31600 -90.00100 421 120 793
MO15 37.39100 -92.95800 1285 170 808
MO17 39.01000 -91.42200 778 30 714
MO18 38.95100 -94.24900 990 180 732
MO23 38.63700 -92.53400 820 180 794
MO24 38.02000 -93.70000 900 180 741
MO25 40.06700 -94.14600 850 180 793
MO26 39.39700 -94.35300 860 170 732
MO28 39.59700 -94.46200 1020 180 641
MO29 38.76900 -94.33500 960 180 620
MO31 37.04800 -93.07300 1350 20 458
MO32 40.42400 -93.59900 858 180 755
MO42 37.18200 -93.13800 1375 60 805
MO47 37.00400 -91.00900 647 20 793
MO50 38.82500 -90.83400 643 180 730
MO51 39.42700 -94.85000 1000 140 824
MO52 37.86900 -93.38400 900 160 610
MO53 38.54300 -93.50900 932 20 819
MO54 36.78200 -90.09400 310 90 805
MO56 36.51600 -92.64500 820 110 913
MO57 36.70400 -89.46700 295 180 763
MO58 36.65500 -90.64100 460 180 723
MO60 38.58100 -94.48400 980 160 488
MO61 36.55700 -93.64400 1139 50 503
MO62 40.51100 -94.58500 1150 110 567
MO64 36.61200 -93.44800 1000 120 793
MO65 36.58200 -93.10500 940 50 397
MO66 37.33200 -92.90000 1550 90 403
MO67 36.71500 -90.31400 323 120 915
MO68 37.40500 -93.10100 1310 80 305
MO72 37.04000 -90.87000 690 80 580
MO73 36.98800 -90.56300 450 100 763
MO74 38.92400 -92.17400 820 120 824
MO75 38.30600 -94.05300 794 180 305
MO76 40.34400 -95.31000 1070 180 549
MO77 36.97700 -92.54600 1320 120 671
MO78 38.31700 -91.78900 700 90 915
MO79 37.68300 -90.71600 1060 170 793
MO80 37.16400 -92.32500 1482 160 763
MO81 37.67100 -90.61900 1080 90 702
MO82 40.40900 -92.06100 740 90 625
MO83 40.25100 -92.95800 1045 50 610
MO84 37.71600 -91.13900 1272 90 953
MO87 38.94800 -94.16200 879 180 397
MO88 39.10000 -92.01400 890 80 793
MO89 38.17700 -92.86100 930 140 885
MO93 37.51600 -93.09300 1210 180 549
MO94 39.50400 -94.58100 1000 170 805
MO95 39.44400 -93.66200 720 180 458
MO96 37.41400 -90.96400 950 180 580
MO98 38.71300 -94.58800 985 90 595
MO99 38.11500 -93.08100 1000 70 793
MP00 7.56100 -80.02600 33 150 1020
MP01 8.35900 -82.83600 52 180 955
MP02 9.54600 -82.73700 56 130 1146
MP03 8.34300 -82.50800 31 50 1089
MP17 9.43200 -82.50200 30 100 1014
MP18 8.50800 -80.36000 282 180 1027
MP19 8.38200 -80.12900 105 160 1346
MP20 7.86200 -80.27800 69 160 1057
MP21 8.77500 -82.67200 5000 120 1991
MP22 8.19100 -80.66000 109 10 985
MP23 9.17200 -79.54500 394 180 1202
MP24 8.59400 -79.88900 141 180 1206
MP26 8.22400 -78.91000 66 70 1223
MP27 9.51400 -82.60000 20 60 976
MPBO 9.34000 -82.25800 10 80 1501
MPCE 7.98100 -80.41100 33 10 1486
MPCH 9.45400 -82.51900 19 30 1105
MPDA 8.38300 -82.44100 89 40 2109
MPEJ 9.36500 -79.86700 25 180 1839
MPHO 8.92700 -79.60000 52 180 2605
MPLP 8.39900 -78.14200 0 10 1501
MPMG 8.98100 -79.55500 31 180 1806
MPSA 8.09100 -80.94600 272 170 1212
MPTO 9.04800 -79.39300 135 30 3050
MPZZ 9.42700 -82.56700 23 80 1046
MRAO 10.41600 -83.61100 82 20 1003
MRBA 9.15900 -83.33100 1214 10 1006
MRBC 10.77300 -83.58700 3 160 1003
MRCC 8.60600 -82.96900 26 180 1014
MRCH 9.98200 -84.78000 7 90 1498
MRCV 10.35200 -85.85600 33 40 1010
MRCX 26.84900 -113.14100 16 180 1197
MRDC 10.35200 -83.63500 79 90 963
MREC 10.20100 -83.47700 56 80 1022
MRFI 8.91100 -83.51100 49 30 1448
MRGF 8.65800 -83.18600 49 130 1399
MRGP 10.21300 -83.80000 883 30 1118
MRLB 10.58900 -85.55600 270 70 2763
MRLC 11.03200 -84.71100 131 60 1290
MRLM 9.96500 -83.02700 7 140 1797
MRNS 9.97300 -85.65600 33 30 1002
MROC 9.98900 -84.22200 3021 70 3045
MRPD 9.73200 -82.98800 98 80 998
MRPM 8.94600 -83.47200 49 30 1405
MRPV 9.95800 -84.14700 3287 90 1616
MRQP 9.43900 -84.13300 85 40 1102
MRSG 10.28400 -83.71400 262 10 1003
MRSL 8.83500 -83.25400 32 120 951
MRSV 8.82500 -82.96300 3228 80 984
MRTR 9.73600 -85.01800 220 120 702
MRUP 10.88900 -85.01900 184 40 1016
MS08 33.30900 -90.99000 115 180 697
MS09 34.09700 -90.70100 160 180 976
MS10 33.15500 -90.50700 109 30 1007
MS11 32.20500 -89.94400 360 30 915
MS12 33.10600 -91.07200 116 70 671
MS13 33.07300 -90.95600 110 30 793
MS14 33.03200 -90.95300 109 180 824
MS15 33.33100 -91.04000 117 90 610
MS18 34.77300 -88.60500 465 180 732
MS20 33.35300 -90.58100 126 30 610
MS21 33.33600 -90.58200 115 180 915
MS22 33.48900 -90.36100 120 80 702
MS23 31.01200 -91.20500 240 160 1222
MS24 32.24400 -90.58400 180 20 702
MS25 33.39900 -90.97000 117 90 519
MS27 33.41700 -90.89700 126 90 915
MS28 31.87100 -91.13900 269 120 839
MS29 34.38300 -88.53800 322 90 808
MS33 33.41400 -90.49700 115 30 732
MS34 32.69800 -90.95000 98 80 641
MS35 32.98600 -90.96600 106 170 976
MS37 33.66000 -90.99100 136 180 1559
MS38 33.87500 -90.28300 145 180 610
MS39 31.82100 -89.46200 332 80 671
MS40 33.22600 -90.25100 115 100 805
MS41 33.99800 -90.42500 149 180 580
MS42 32.52200 -90.32500 265 150 427
MS43 32.55500 -90.83200 98 160 763
MS44 33.50000 -91.07200 131 80 1068
MS45 32.15300 -91.12900 85 50 1037
MS49 31.40900 -90.52800 380 90 488
MS50 31.58000 -90.11400 201 100 488
MS51 30.53000 -89.61200 80 90 610
MS52 30.80900 -89.66100 155 150 915
MS53 30.91900 -89.44600 365 160 915
MS54 34.01300 -89.73800 285 150 793
MS55 34.81100 -89.58300 478 90 763
MS57 31.21800 -91.24500 120 60 914
MS58 32.16700 -90.04400 300 180 375
MS61 30.62800 -89.73400 175 170 549
MS62 34.99400 -89.81600 410 180 549
MS63 34.05800 -88.37300 330 160 793
MS64 32.07100 -90.31200 315 180 610
MS65 34.95400 -90.20000 210 180 793
MS66 30.44400 -88.92700 42 30 519
MS68 34.32400 -88.57300 458 180 503
MS69 32.10500 -90.04700 415 180 854
MS70 33.79100 -89.29700 265 180 641
MS71 32.49900 -90.29500 250 150 1080
MS74 30.54000 -89.51100 100 180 824
MS75 30.45200 -88.91800 38 150 464
MS76 33.77600 -89.24200 300 180 610
MS77 33.32800 -90.64300 114 180 900
MS80 33.99900 -89.31200 275 180 976
MS82 30.51400 -89.14800 50 170 854
MS83 32.03000 -90.10500 850 90 683
MS85 33.60200 -90.80300 130 180 805
MS86 33.05300 -91.08600 110 140 732
MS88 30.77700 -89.73100 180 90 1156
MS90 32.31500 -90.14400 270 10 229
MS92 31.56400 -89.09200 235 150 641
MS93 30.72700 -89.73800 150 90 1251
MS96 32.76400 -89.10600 435 60 1220
MS98 30.77000 -88.60000 130 180 671
MS99 30.25800 -89.54200 14 180 610
MSET 13.16800 -87.90700 10 150 1349
MSLD 13.72200 -88.10800 919 10 1005
MSLP 13.43600 -89.07000 101 70 3202
MSSS 13.70800 -89.12400 2020 150 2240
MT03 45.03300 -105.14100 3682 80 1068
MT04 48.40500 -106.01500 2750 90 946
MT05 45.70300 -108.62700 3190 30 942
MT07 46.04700 -110.16000 5785 160 1129
MT08 47.91200 -108.47900 3900 130 1157
MT09 48.84300 -106.60600 2948 140 778
MT10 45.31900 -109.55200 5400 50 641
MT11 48.31900 -106.83800 2157 120 885
MT12 45.94000 -112.56800 6000 110 702
MT14 45.82200 -112.88900 5940 30 519
MT15 46.62300 -112.11900 4050 50 875
MT16 47.01500 -113.28900 3906 90 915
MT17 48.90900 -114.38200 3800 160 915
MT18 46.75000 -112.18800 4380 80 1220
MT19 47.59400 -114.05200 3330 160 702
MT20 46.85800 -104.10400 2778 80 793
MT21 45.90200 -112.55100 5950 90 305
MT22 45.40200 -112.17300 5000 100 1037
MT24 46.96900 -109.61800 4320 30 1129
MT26 47.47200 -111.24300 3350 30 366
MT29 46.48200 -105.86300 2490 120 1068
MT30 45.94200 -114.13700 4040 160 448
MT32 46.53600 -114.03800 3600 140 610
MT33 47.40800 -111.49100 3340 40 610
MT34 46.13200 -107.55500 2740 60 763
MT36 46.13400 -110.05400 5340 90 1129
MT37 48.12800 -114.24100 2910 160 793
MT38 48.40300 -105.16100 2205 80 610
MT39 47.10600 -113.32400 4260 70 976
MT40 47.58700 -111.27900 3430 30 1403
MT41 45.88000 -112.12400 4510 90 1159
MT42 45.91200 -111.51500 4052 140 373
MT43 46.34800 -112.34600 6300 110 540
MT45 45.91000 -104.57800 3373 110 336
MT46 44.61300 -111.80000 6630 180 961
MT47 44.68100 -111.89600 6691 180 1373
MT48 45.42900 -110.65300 4857 30 1830
MT50 45.09200 -104.82000 3995 160 915
MT51 48.28100 -105.96200 2720 70 805
MT52 47.08100 -114.41300 3364 160 805
MT53 48.09800 -114.85600 3550 120 1098
MT54 48.24700 -114.24400 2929 160 793
MT57 45.32500 -105.15100 3200 80 549
MT59 45.26900 -104.85900 3560 130 458
MT60 48.81600 -114.35600 3884 130 732
MT62 47.06700 -114.48400 3500 160 153
MT63 46.55800 -114.07200 3315 170 488
MT65 45.02300 -104.08100 3410 90 915
MT68 46.62400 -111.93700 3850 180 793
MT69 46.78400 -112.66500 5200 50 903
MT70 48.31600 -111.11300 3023 120 778
MT71 45.72700 -111.04600 4659 120 763
MT72 46.34600 -114.18200 3663 70 915
MT73 46.85200 -113.54000 3870 100 366
MT74 46.11000 -104.42200 3330 110 1220
MT75 47.42900 -111.46600 3345 50 915
MT76 47.40200 -111.46900 3340 180 458
MT77 47.61100 -110.90500 3340 50 622
MT79 47.58500 -108.71400 2940 80 793
MT80 48.04300 -105.61300 2075 70 549
MT81 45.80300 -111.14300 4400 70 671
MT83 46.57200 -112.18400 4294 80 458
MT84 48.21800 -114.37700 4000 180 610
MT85 48.76000 -106.37000 3100 90 763
MT86 45.89200 -110.49900 5360 60 1525
MT87 48.67100 -105.94000 2850 40 1220
MT88 48.00600 -115.00200 3360 100 580
MT89 45.80000 -110.53900 4680 70 824
MT90 48.38800 -105.34300 2710 80 1190
MT93 46.28800 -112.76000 4710 100 305
MT94 45.24600 -111.33000 6600 50 275
MT95 48.12300 -114.18600 2905 160 1373
MT96 46.74400 -112.03500 4000 160 946
MT97 47.97900 -115.77100 2400 90 549
MT98 47.69800 -115.55600 2600 80 732
MTCA 18.27000 -73.79300 203 80 1016
MTCH 19.72800 -72.19900 10 50 1498
MTJA 18.23600 -72.51900 167 10 1025
MTJE 18.66600 -74.17200 147 90 1201
MTPP 18.57900 -72.30700 122 100 3036
MTPX 19.93200 -72.85200 9 60 639
MU00 39.44200 -91.95200 730 180 610
MU02 38.81300 -91.10700 638 130 915
MU03 38.47900 -94.20300 900 80 899
MU04 36.59500 -89.92000 280 180 1220
MU07 38.39500 -94.31400 900 90 610
MU09 40.46300 -95.02300 1000 20 793
MU11 38.22300 -93.01800 822 130 549
MU12 37.13700 -93.21800 1400 20 915
MU13 37.06200 -93.60100 1340 180 397
MU16 40.00400 -93.79000 981 170 793
MU17 38.50000 -92.22100 600 180 824
MU18 38.78100 -91.15100 840 90 580
MU19 37.55500 -93.40000 1150 180 702
MU20 38.94900 -93.96500 910 170 732
MU21 38.52500 -91.52100 630 110 549
MU23 39.03300 -92.39300 600 150 610
MU24 36.57300 -93.04200 812 100 915
MU25 37.44100 -91.95100 950 150 702
MU27 37.46800 -93.93400 1050 50 793
MU32 38.95300 -92.44900 700 130 458
MU33 40.07500 -92.32200 860 30 610
MU34 37.33400 -91.39600 740 20 549
MU35 40.27000 -94.78700 1123 170 610
MU38 40.17900 -93.13600 900 90 793
MU40 39.46400 -92.01300 750 150 793
MU41 36.78700 -93.89000 1485 60 390
MU42 38.75300 -90.79000 620 90 580
MU48 36.64900 -92.22700 820 90 1159
MU55 38.13400 -94.17500 900 20 580
MU62 38.56500 -94.59100 1000 180 366
MU63 37.43700 -93.06700 1327 180 366
MU65 37.76800 -90.46600 910 20 366
MU68 38.67100 -91.53600 920 180 519
MU69 37.87300 -93.62600 888 180 763
MU70 36.99800 -93.13900 1360 180 641
MU71 39.35000 -94.85800 1020 170 458
MU84 38.90000 -94.23200 1050 90 403
MU85 38.95200 -94.12800 890 10 641
MU86 37.42200 -91.95800 956 170 488
MU89 38.91200 -91.03800 625 90 427
MU97 39.37000 -94.76300 920 150 610
MU98 36.51500 -93.68500 1000 10 711
MUBA 20.37300 -74.51000 33 160 1806
MUBR 22.62100 -79.15600 13 90 1800
MUBY 20.39300 -76.63000 203 70 1931
MUCA 22.02000 -78.80500 335 70 3530
MUCC 22.45700 -78.34200 13 80 2997
MUCF 22.13900 -80.41800 102 20 2410
MUCL 21.62200 -81.55900 10 120 3007
MUCM 21.41500 -77.86100 413 70 2998
MUCU 19.97000 -75.85500 249 90 3994
MUFL 21.49900 -78.20700 197 80 986
MUGM 19.90700 -75.21900 56 100 2434
MUGT 20.09600 -75.16100 56 170 2367
MUHA 22.97900 -82.42500 209 60 4002
MUHG 20.77500 -76.32600 361 50 3243
MUKW 23.12100 -81.30700 16 60 1299
MULB 23.09300 -82.44800 98 80 2062
MULM 22.33300 -83.65100 131 70 1990
MUMO 20.65000 -74.93000 16 70 1864
MUMZ 20.28500 -77.10000 112 80 2398
MUNB 22.75400 -81.92500 49 60 1023
MUNG 21.82700 -82.79300 79 50 2502
MUPB 23.02300 -82.58400 102 20 2313
MUPR 22.42000 -83.68400 131 80 1117
MUSA 22.85100 -82.53900 164 10 3599
MUSC 22.48900 -79.95800 338 80 3013
MUSL 21.50700 -77.02900 13 70 1799
MUSN 21.63700 -82.96200 39 50 1922
MUSS 21.96300 -79.44700 295 30 1807
MUTD 21.78400 -80.00400 125 60 1802
MUVR 23.02600 -81.44900 209 60 3502
MUVT 20.98200 -76.94200 328 50 1824
MWCB 19.68600 -79.89100 7 90 1818
MWCL 19.66700 -80.10500 3 100 1007
MWCR 19.29000 -81.36800 7 80 2138
MXX1 21.83500 -71.82200 9 120 1220
MY00 43.89100 -94.49400 1060 90 671
MY01 48.14600 -96.75800 860 90 763
MY03 44.28400 -94.64000 1009 180 610
MY04 44.66000 -96.04100 1130 90 671
MY06 43.83400 -95.55600 1500 170 519
MY07 46.58000 -96.60700 948 180 793
MY10 43.56300 -91.68400 1220 130 549
MY11 43.52200 -92.66400 1320 90 824
MY12 43.88400 -96.25300 1690 180 671
MY15 45.95600 -93.99400 1320 90 763
MY17 48.09200 -95.77500 1170 170 763
MY18 45.18700 -93.13500 907 90 721
MY19 45.16700 -95.39300 1082 180 793
MY24 46.86200 -95.05700 1443 90 702
MY25 46.28200 -96.33400 1018 140 592
MY27 44.66500 -92.71100 719 180 763
MY37 43.98500 -92.24600 1285 180 793
MY42 47.86500 -95.53100 1170 110 610
MY43 45.40600 -93.38900 920 180 793
MY46 44.28100 -94.21200 1005 180 732
MY47 45.60500 -94.21500 1050 90 641
MY49 47.79000 -93.06100 1310 170 656
MY50 44.50500 -92.36400 793 130 610
MY52 44.72100 -93.04400 923 180 610
MY54 47.43900 -94.82100 1445 90 1281
MY56 47.25300 -92.86500 1290 90 915
MY57 45.76100 -94.45800 1175 180 558
MY58 45.23900 -95.93000 1020 90 805
MY59 47.90500 -96.61300 910 170 793
MY60 46.50400 -95.62200 1370 110 403
MY62 46.66400 -94.34500 1270 50 427
MY64 47.03400 -96.60300 903 170 671
MY66 46.07500 -93.84700 1330 180 1068
MY68 45.78000 -96.39100 1028 180 671
MY71 47.12600 -96.78600 880 80 793
MY72 46.16300 -93.46300 1271 160 750
MY75 44.61600 -93.24900 985 110 671
MY78 45.43300 -92.98700 910 170 824
MY80 43.52300 -94.58700 1255 100 763
MY82 45.21600 -93.07400 900 180 610
MY86 45.15200 -93.74000 970 180 366
MY88 46.85900 -94.98600 1413 120 534
MY89 45.90600 -92.90600 980 180 610
MY90 45.48300 -92.99500 915 100 1098
MY92 45.73000 -93.28900 960 160 427
MY94 46.75300 -92.42200 1309 90 366
MY95 45.45000 -93.38300 935 180 793
MY97 44.60100 -93.12700 990 180 744
MY98 47.04900 -96.66600 898 170 805
MY99 46.85900 -96.24200 1360 110 1098
MYAB 24.28700 -77.69200 19 90 1524
MYAF 24.69800 -77.80200 5 90 1235
MYAK 24.16000 -77.59800 15 100 1620
MYAM 26.51100 -77.09100 6 90 1524
MYAN 25.05600 -78.05600 5 120 1529
MYAP 22.44600 -73.97700 11 130 1527
MYAS 26.00600 -77.40200 8 100 1378
MYAT 26.75200 -77.39900 8 140 2136
MYAW 27.26600 -78.40400 9 90 854
MYAX 26.95400 -77.54900 10 140 1343
MYBC 25.41900 -77.88800 5 110 1520
MYBG 25.74200 -77.84600 18 130 1387
MYBS 25.70000 -79.27300 10 90 1647
MYCA 24.63300 -75.68400 18 120 2125
MYCB 24.31500 -75.46000 5 90 1557
MYCC 25.60100 -79.26800 3 130 397
MYCI 22.74500 -74.18800 5 90 1228
MYCX 24.15100 -75.40300 3 120 747
MYE2 24.05100 -76.38700 9 120 763
MYE3 23.93600 -76.31700 9 180 610
MYE4 24.14800 -75.52300 3 80 1403
MYE5 23.65200 -74.83600 9 130 732
MYEF 23.56700 -75.88700 9 120 2148
MYEG 23.46900 -75.78900 5 110 1521
MYEH 25.47300 -76.69000 13 70 1834
MYEM 25.29400 -76.33800 26 150 2451
MYEN 24.59000 -76.82200 8 30 921
MYER 24.89100 -76.18900 10 90 2194
MYES 24.17300 -76.44000 5 170 925
MYGF 26.55100 -78.71000 7 60 3357
MYGM 26.62600 -78.37500 6 50 2196
MYGW 26.68300 -78.98500 3 110 2440
MYIG 20.97600 -73.67700 8 90 2136
MYLD 23.17900 -75.10000 9 90 1225
MYLS 23.58400 -75.27500 10 130 1219
MYMM 22.37400 -73.02200 11 60 2226
MYNN 25.05200 -77.47600 16 90 3463
MYRD 22.18500 -75.73400 6 130 1161
MYRP 23.68400 -74.84300 15 90 1372
MYSM 24.06400 -74.53600 24 100 2440
MYX1 26.63600 -77.93600 3 140 763
MYX3 26.31600 -77.57100 9 90 805
MYX4 25.38100 -77.80300 13 60 763
MYX5 25.78600 -77.88500 16 160 732
MZ10 17.91100 -87.97500 4 60 1077
MZBZ 17.53700 -88.31800 15 70 2163
NA01 47.67200 -97.00600 867 170 763
NA02 47.70500 -97.05800 870 80 540
NA03 48.67200 -100.86300 1453 70 763
NA04 46.18500 -103.01300 2880 90 793
NA05 46.61600 -97.43600 1060 170 763
NA06 47.86400 -98.97500 1505 120 488
NA07 48.88700 -100.70100 1505 90 805
NA09 48.42700 -98.80300 1500 130 793
NA10 48.38300 -99.03700 1460 130 610
NA11 47.09100 -102.45700 2150 80 458
NA12 47.43400 -100.84200 1920 170 519
NA13 48.12200 -100.94700 1605 80 1525
NA16 48.34700 -98.76300 1500 140 366
NA17 46.93900 -96.93000 895 180 915
NA18 48.41300 -103.84000 2400 80 610
NA20 46.25300 -97.25800 1080 170 1098
NA21 46.23200 -97.23600 1075 180 793
NA22 46.01500 -103.80000 3102 120 854
NA24 47.08800 -100.17300 1900 120 793
NA25 48.49900 -100.65800 1460 80 793
NA27 47.91400 -101.14500 2100 170 854
NA28 48.31200 -101.72600 2070 120 793
NA29 48.87900 -102.27900 1935 170 488
NA30 48.27400 -101.39800 1740 130 458
NA32 46.90200 -98.85900 1548 80 732
NA33 48.00100 -99.93100 1600 80 808
NA34 45.94600 -96.72100 1050 100 702
NA36 46.50000 -97.91900 1350 80 772
NA38 47.95000 -99.43500 1572 80 805
NA39 47.90100 -101.85500 2133 170 805
NA42 46.65300 -100.44600 1900 110 686
NA43 46.62200 -99.56900 1970 80 671
NA44 47.65700 -99.16000 1535 170 610
NA45 47.86600 -102.62900 2100 120 641
NA46 47.10400 -100.96100 1715 130 610
NA49 48.41800 -100.05900 1530 80 610
NA50 46.65700 -99.38600 1930 80 732
NA51 47.40300 -98.48800 1485 80 793
NA52 47.61000 -100.92200 1870 170 793
NA53 48.49500 -100.87700 1465 170 793
NA54 45.95900 -100.44200 1750 80 793
NA55 46.26600 -97.02100 1037 90 793
NA56 46.30600 -96.99200 1028 170 851
NA60 47.23900 -97.03900 903 170 793
NA61 47.29800 -103.19100 2686 130 610
NA62 47.30400 -103.29600 2650 120 610
NA63 48.66900 -103.85700 2200 160 427
NA65 48.53400 -97.62800 890 170 653
NA67 48.98700 -97.46500 815 170 610
NA68 46.18700 -102.94300 2945 120 534
NA70 47.77400 -98.99200 1535 90 610
NA71 46.99600 -99.67700 1750 80 805
NA72 47.02500 -99.64900 1833 80 915
NA73 48.56400 -101.00600 1480 80 793
NA75 47.67700 -99.39600 1560 90 805
NA77 45.98600 -103.85000 3014 70 610
NA79 47.40700 -100.88200 1915 170 537
NA80 48.80500 -102.14000 1925 90 412
NA81 47.62900 -97.09100 920 90 610
NA82 46.47300 -97.11000 1055 80 488
NA83 46.80300 -99.02900 1790 80 641
NA84 46.80400 -99.00600 1740 160 750
NA85 48.00300 -102.93900 2370 130 763
NA86 47.33900 -97.90100 1492 170 1251
NA88 47.22400 -100.42800 2060 90 763
NA89 46.22200 -103.02500 2840 80 610
NA90 47.46900 -101.22500 2000 80 580
NA92 48.57900 -103.47100 2124 80 694
NA93 46.88000 -98.55800 1485 80 671
NA95 46.68200 -100.29000 1744 130 610
NA96 46.12000 -98.21500 1385 80 805
NA98 46.30400 -103.17300 2878 120 610
NA99 46.55400 -97.03200 1040 170 763
NC01 35.99900 -79.69300 777 90 730
NC02 35.21500 -81.86800 850 160 610
NC03 35.91000 -79.99100 874 130 721
NC05 35.40600 -80.80000 649 60 1182
NC06 36.16300 -81.90400 3468 120 1400
NC08 35.87200 -79.52800 750 30 427
NC09 35.57200 -81.12000 1025 50 610
NC10 36.54400 -78.05800 275 180 580
NC11 35.40400 -80.35900 795 30 634
NC12 35.38900 -76.79400 3 80 1769
NC13 35.75600 -79.67100 571 180 915
NC15 35.95400 -80.98000 1140 20 763
NC16 35.82700 -80.10800 855 10 671
NC17 34.98300 -76.31000 10 160 732
NC19 35.38800 -80.57900 621 40 1023
NC21 34.99000 -80.75200 634 60 732
NC23 36.30500 -80.33800 1084 50 343
NC24 35.20700 -80.71900 785 180 924
NC25 35.50900 -80.31600 720 90 912
NC26 35.65800 -80.97400 864 50 814
NC27 35.94100 -81.49400 1195 50 976
NC28 36.30500 -80.15000 631 160 831
NC29 35.62300 -80.59800 795 180 671
NC30 35.61700 -80.74200 864 180 628
NC31 35.76500 -80.02700 740 90 549
NC32 36.02800 -80.43900 690 140 763
NC34 35.97000 -79.12900 580 90 763
NC35 35.40000 -80.62400 755 30 665
NC36 35.50100 -78.03200 145 40 549
NC37 36.34100 -79.84400 800 120 610
NC38 36.13900 -80.61000 1000 20 793
NC39 35.52500 -80.65000 789 130 458
NC40 35.73600 -79.73100 650 170 671
NC41 34.71500 -77.59800 60 80 1101
NC42 36.07400 -80.70000 960 180 519
NC43 34.12000 -78.34600 63 60 1830
NC44 36.17600 -80.34400 830 80 244
NC45 36.21300 -77.63900 125 30 976
NC48 34.75000 -78.06500 50 100 915
NC50 36.46000 -81.36400 2860 100 448
NC52 35.72800 -81.73500 1020 90 1098
NC54 34.87500 -76.35700 10 10 610
NC58 35.92100 -81.12300 1190 90 610
NC59 35.85000 -81.14900 1110 90 824
NC60 35.88900 -80.03300 875 180 427
NC61 34.80300 -77.34500 58 80 702
NC63 36.13300 -80.18600 848 30 458
NC65 34.55700 -78.27200 35 60 976
NC66 36.12700 -77.29800 30 30 1037
NC69 34.87400 -78.47600 125 150 702
NC70 34.50900 -79.10300 110 180 1007
NC71 34.91500 -79.05300 187 10 702
NC72 35.45000 -78.16200 152 50 610
NC73 35.43500 -76.44900 6 10 839
NC74 34.97600 -79.07800 400 140 854
NC75 35.90000 -80.72100 860 170 366
NC76 35.31800 -78.39100 190 90 549
NC77 35.45200 -80.57600 587 10 824
NC78 34.21000 -78.95800 105 80 519
NC81 35.75100 -78.86300 455 90 610
NC82 34.66700 -78.70400 126 30 667
NC86 34.73000 -78.75700 58 50 931
NC87 34.88000 -76.94300 26 10 427
NC95 34.49400 -77.53600 40 140 1098
NC99 35.67500 -78.61100 300 120 671
NCAI -18.83000 -159.76500 20 140 1831
NCAT -19.96700 -158.12600 15 100 1357
NCMG -21.89200 -157.90900 40 140 1063
NCMH -10.37400 -161.00300 10 140 1690
NCMK -20.13400 -157.35200 15 110 1499
NCMN -19.26300 -158.95900 15 180 840
NCMR -19.84100 -157.71000 25 80 1535
NCPK -10.91500 -165.84600 10 80 1415
NCPY -9.00600 -158.03700 8 140 2257
NCRG -21.20300 -159.81700 19 80 2325
ND01 47.04900 -97.18700 950 170 744
ND02 47.81500 -97.96000 1510 170 793
ND03 47.11500 -97.20800 973 170 946
ND04 48.17000 -102.33800 2345 170 915
ND05 48.81000 -102.25100 1955 80 885
ND07 47.00600 -97.40700 1105 170 793
ND09 47.19200 -98.17400 1431 90 805
ND13 46.63000 -97.62500 1147 30 872
ND14 48.23800 -97.80200 1154 80 793
ND15 46.61700 -99.17100 1904 80 610
ND16 47.43900 -102.24300 2100 10 519
ND18 48.50900 -101.22100 1570 120 763
ND20 47.70800 -97.35000 1021 80 793
ND21 46.48500 -100.27000 2003 170 763
ND24 48.14000 -97.67800 1092 80 732
ND25 47.92300 -102.82000 2237 140 442
ND27 46.29300 -98.94200 1982 170 885
ND31 47.90900 -97.64500 1130 120 854
ND32 46.91500 -99.90000 1845 80 793
ND35 46.69800 -97.69800 1199 140 549
ND36 47.78600 -98.18600 1473 130 763
ND37 47.98100 -99.53200 1600 120 976
ND38 47.95600 -99.53400 1575 140 671
ND39 47.95900 -101.80500 2081 110 702
ND40 46.81700 -99.25400 1855 90 610
ND41 46.13700 -100.11300 1900 170 427
ND42 46.25800 -97.44200 1091 80 674
ND43 48.20500 -101.40400 1840 170 1220
ND49 46.22300 -97.13500 1060 80 705
ND51 46.10700 -102.95400 2805 110 793
ND52 46.89900 -102.36200 2492 110 1220
ND53 47.12800 -99.74900 1775 140 915
ND54 47.13200 -99.73300 1783 140 763
ND56 47.93200 -101.66900 2109 30 397
ND57 48.97800 -98.89100 1575 180 763
ND58 47.35000 -101.82100 1904 110 915
ND59 48.63000 -97.44000 837 170 793
ND60 47.96100 -97.48200 953 140 610
ND61 46.83600 -100.30000 1922 130 976
ND62 46.84900 -102.46300 2423 90 732
ND65 46.98900 -101.35900 2230 90 763
ND67 46.35600 -101.63200 2360 130 610
ND68 46.96000 -97.30200 980 170 976
ND69 47.16800 -98.46800 1490 170 839
ND71 47.46500 -100.49100 1900 130 946
ND72 47.68700 -100.08900 1647 120 872
ND73 47.04600 -97.25300 999 140 702
ND74 47.02000 -97.16300 940 170 702
ND75 47.72300 -100.27300 1655 130 915
ND76 47.06300 -97.15700 942 170 763
ND77 46.05100 -99.18800 2010 100 671
ND78 47.03600 -97.53800 1210 180 793
ND79 48.84000 -97.67400 888 180 1098
ND80 47.08300 -100.72900 2050 100 610
ND82 48.63800 -98.78400 1600 90 610
ND83 46.53600 -100.12700 2000 120 824
ND84 48.48400 -97.84500 1250 170 763
ND86 48.56600 -103.96600 2190 120 664
ND87 47.60600 -102.10700 2010 80 366
ND88 48.03800 -102.92500 2250 90 549
ND89 47.05300 -98.50800 1490 180 610
ND90 45.96700 -97.74000 1285 90 915
ND91 46.28200 -97.15500 1062 110 714
ND92 46.71200 -97.11600 920 90 793
ND99 46.72400 -96.80900 910 180 805
NE01 40.19800 -98.35300 1876 140 655
NE04 40.09800 -98.34800 1743 170 966
NE06 42.82700 -98.42700 1395 90 763
NE07 41.58000 -96.16600 1080 10 793
NE09 41.96700 -97.46600 1650 180 774
NE11 41.36300 -96.04100 1285 160 596
NE12 41.24200 -98.22800 1745 170 785
NE17 41.25100 -98.45500 1795 170 657
NE18 40.91600 -97.08100 1450 140 491
NE19 41.60400 -102.82800 3651 100 562
NE20 40.18900 -96.21100 1290 170 705
NE24 41.03500 -96.81900 1268 140 409
NE25 41.19000 -100.84800 1438 140 750
NE26 40.47300 -96.98700 1400 180 785
NE27 41.37100 -96.95100 1440 160 629
NE29 40.51400 -99.01800 2175 80 1219
NE30 40.57700 -99.42000 2330 170 890
NE31 42.01800 -97.58200 1600 170 777
NE33 40.71100 -96.48000 1320 110 456
NE34 41.04200 -102.95300 4300 170 702
NE35 40.06000 -97.54200 1583 180 389
NE37 41.47000 -97.27200 1490 90 388
NE38 40.71300 -98.56000 2025 180 1084
NE39 40.94800 -96.64600 1325 170 434
NE40 40.71300 -96.87000 1270 10 866
NE42 40.93200 -96.70100 1194 10 366
NE44 41.99100 -98.08300 1919 80 680
NE45 40.69100 -96.58100 1380 20 490
NE48 40.95100 -98.25000 1805 180 802
NE49 41.07300 -96.24600 1265 180 678
NE50 42.61600 -97.41200 1480 140 476
NE52 40.07700 -97.61400 1600 180 518
NE53 40.58900 -96.59000 1385 50 557
NE54 41.70600 -96.98000 1500 180 576
NE56 41.34400 -96.39800 1157 20 799
NE57 40.09100 -96.48200 1350 50 842
NE59 40.83200 -96.56500 1150 140 512
NE64 41.10700 -96.41000 1120 180 396
NE65 40.77000 -97.07700 1485 180 763
NE73 40.72600 -101.45700 3165 170 373
NE77 40.95900 -95.91600 1170 50 671
NE79 40.65400 -96.62200 1405 150 492
NE80 40.67600 -96.63800 1330 140 781
NE82 40.93000 -96.00100 1245 10 655
NE85 41.69000 -98.30300 2035 180 677
NE86 40.66900 -97.87200 1725 140 826
NE87 40.10400 -98.06500 1760 170 1603
NE88 41.01900 -96.86400 1426 180 565
NE89 42.54100 -97.96600 1658 140 610
NE92 40.05900 -96.66100 1405 170 779
NE99 41.57200 -101.81900 3680 180 671
NFCI -17.74800 -179.34200 13 170 916
NFFN -17.77300 177.42900 59 20 3208
NFFO -17.77600 177.19500 10 120 669
NFFR -16.53200 179.97400 18 130 578
NFKB -17.25200 -179.49000 70 140 733
NFKD -19.05400 178.15700 6 170 919
NFMA -17.67100 177.09700 10 130 633
NFMO -18.56400 179.95000 13 150 609
NFNA -18.04100 178.55100 17 100 1868
NFNB -17.71100 178.75600 11 80 668
NFNG -18.11400 179.33700 50 100 749
NFNH -16.74200 -179.66700 10 170 1142
NFNK -18.19500 -178.82100 240 140 1271
NFNL -16.46400 179.33700 44 130 1071
NFNM -16.68800 -179.88100 50 120 1003
NFNO -17.34400 179.41900 205 110 803
NFNR -12.48400 177.06500 25 70 1463
NFNS -16.79900 179.33900 11 140 965
NFOL -20.65500 -178.74200 110 170 901
NFSW -16.75700 177.54400 85 120 632
NFTE -21.37500 -174.95800 325 160 701
NFTF -21.23400 -175.16100 126 110 2732
NFTL -19.77400 -174.34600 25 110 1204
NFTO -15.57100 -175.63700 50 80 1315
NFTP -15.97300 -173.79600 16 110 1325
NFTV -18.58500 -173.97100 236 80 1701
NFVL -18.51000 177.63500 16 120 849
NGAB 1.80100 173.03600 32 110 974
NGBR -1.35300 176.00300 20 110 937
NGFU -8.52900 179.19200 6 30 1540
NGKT 0.22000 173.43900 5 100 872
NGMA 1.00600 173.02700 20 120 971
NGMK 2.05900 173.26700 7 100 969
NGMN 3.37300 172.98800 3 60 894
NGNU -1.31600 176.40500 15 70 1050
NGON -1.79300 175.52300 10 130 922
NGTA 1.38300 173.13800 9 90 2018
NGTB 0.49200 173.82500 8 90 1241
NGTE -1.22000 174.77400 10 150 1059
NGTM -2.48600 175.96600 15 80 917
NGTO -0.64000 174.42400 10 90 859
NGTR -2.61600 176.79900 15 90 907
NGTS -1.47500 175.06100 15 70 911
NGTU 3.08400 172.80600 15 60 1212
NGUK 0.18600 173.63300 20 100 894
NH01 43.59000 -71.75200 510 30 549
NH02 44.88000 -71.50100 1010 40 733
NH03 43.03100 -71.64800 300 150 610
NH04 43.06900 -71.61200 780 180 376
NH05 44.39400 -71.20200 835 120 845
NH07 43.28200 -71.45800 485 160 503
NH12 43.78000 -71.75800 505 120 717
NH14 43.82900 -71.14000 470 170 2074
NH15 43.38900 -71.23700 702 150 763
NH16 42.73900 -71.70700 415 10 560
NH17 42.72900 -71.71800 520 180 453
NH18 43.73100 -71.15100 560 10 610
NH20 43.49100 -71.64700 440 40 336
NH24 43.71000 -71.29000 670 130 702
NH25 43.68600 -71.29200 620 90 458
NH28 43.00800 -70.80400 100 100 763
NH30 42.99700 -70.93000 52 100 427
NH31 43.65200 -71.15400 965 140 915
NH38 43.97200 -71.17400 860 100 610
NH39 43.03100 -72.43000 640 20 641
NH40 43.40700 -71.95500 998 140 854
NH49 43.96800 -71.68000 650 20 519
NH60 42.96200 -71.65400 840 160 287
NH61 42.96800 -71.18400 188 110 519
NH67 42.97800 -71.01200 130 100 488
NH69 43.83400 -71.19300 460 150 1220
NH78 42.74500 -71.37100 460 50 458
NIUE -19.07500 -169.93600 209 100 2329
NJ01 39.41800 -74.51500 11 90 412
NJ02 39.53900 -75.30400 140 10 671
NJ06 39.45700 -75.27600 100 90 458
NJ09 40.79100 -75.07300 850 90 366
NJ10 40.75200 -75.06800 1020 150 549
NJ16 40.73200 -74.88200 965 180 427
NJ20 39.81100 -74.42600 190 50 549
NJ24 39.69900 -74.40200 105 150 571
NJ25 39.78800 -75.22600 99 140 673
NJ30 39.52800 -75.47700 12 10 656
NJ46 40.27600 -74.39200 80 90 671
NJ47 40.51500 -74.88400 565 30 519
NJ49 40.49900 -74.95800 530 60 549
NJ50 40.48100 -74.96700 470 100 915
NJ52 39.59400 -74.82700 90 150 683
NJ59 40.18100 -74.27900 118 20 397
NJ60 40.18300 -74.26800 105 20 854
NJ61 40.55300 -75.01800 480 30 732
NJ63 40.46600 -75.05500 460 70 976
NJ64 39.70300 -75.08000 145 180 549
NJ65 40.85200 -74.93300 500 80 686
NJ69 39.65600 -74.80400 80 50 519
NJ72 40.35100 -74.18500 140 100 671
NJ75 40.34900 -74.36400 50 140 549
NJ79 40.34900 -74.90900 350 180 549
NJ81 39.44300 -74.94500 85 110 366
NJ95 40.55400 -75.07500 330 70 580
NJ96 39.52400 -74.95600 115 180 397
NJ98 41.31500 -74.75300 587 70 610
NK01 44.00000 -75.60800 790 110 549
NK04 43.25000 -76.00200 463 90 458
NK05 42.35600 -76.51700 1490 180 366
NK06 42.09500 -73.85500 190 10 366
NK07 41.32600 -74.41200 410 60 488
NK08 41.83300 -74.13300 260 130 610
NK09 42.40200 -76.82100 1480 20 824
NK12 42.76800 -78.54700 1030 180 366
NK15 43.77800 -75.61100 1800 100 610
NK17 42.75500 -76.12800 1210 90 671
NK23 42.92100 -75.41800 1400 100 610
NK24 42.34500 -76.87900 900 10 488
NK25 43.21200 -78.80800 380 10 915
NK26 42.05000 -78.99100 1386 90 610
NK27 42.48700 -78.63800 1400 70 671
NK31 43.26900 -78.14800 480 90 442
NK43 42.75900 -73.93000 340 120 854
NK47 42.04100 -76.83700 900 90 610
NK51 42.44800 -78.23900 2000 50 610
NK52 42.08700 -76.92200 1525 180 366
NK53 42.20500 -76.77200 1030 50 305
NK54 42.17700 -76.64400 1690 110 488
NK67 43.42500 -76.13600 450 100 519
NK71 43.01300 -76.35200 850 150 671
NK72 42.37600 -76.53500 1300 90 366
NK74 42.74900 -76.66500 840 180 915
NK76 42.89100 -77.05400 750 90 702
NK79 41.41700 -74.53600 880 80 671
NK81 42.63000 -78.35500 1751 10 793
NK82 43.31800 -76.01900 480 140 763
NK83 42.70900 -74.22700 1330 90 610
NK87 43.06600 -78.60400 590 90 732
NK89 42.29300 -77.06100 1200 100 549
NK91 42.81600 -74.62800 1300 110 503
NK93 42.69600 -74.20400 1200 90 793
NK98 42.04300 -74.78000 2160 180 1037
NLWF -14.31200 -178.07200 20 80 1221
NLWW -13.23800 -176.20900 79 80 2101
NM01 36.93100 -106.99300 6819 150 1464
NM02 34.92300 -106.17100 6500 90 671
NM03 33.27600 -104.37300 3465 30 732
NM04 36.67800 -108.08800 5345 90 732
NM05 36.74200 -108.15200 5500 20 793
NM08 32.26400 -107.41200 4200 90 1525
NM09 31.86800 -107.64200 4140 90 1220
NM13 32.24500 -107.20000 4300 60 1525
NM14 32.31500 -107.29700 4400 140 946
NM15 36.04600 -103.89200 5534 80 805
NM16 36.86200 -106.57600 8025 50 1769
NM17 35.92600 -104.18600 5850 10 1092
NM18 32.23300 -107.72000 4351 90 671
NM20 33.25500 -104.44200 3556 170 763
NM21 35.17900 -105.86900 6696 180 881
NM24 36.92200 -106.55900 8030 10 916
NM25 34.12300 -105.67900 6655 70 1495
NM26 32.10000 -107.82700 4250 80 793
NM27 36.41800 -108.86500 5950 20 1068
NM28 33.05900 -106.02600 4430 160 397
NM29 35.83100 -103.43900 4820 20 915
NM30 34.87500 -103.07200 4475 80 824
NM31 35.16900 -106.17600 6680 160 824
NM32 35.71900 -104.05900 4725 180 2501
NM33 35.55000 -104.08800 4400 110 915
NM36 34.90100 -108.52100 7220 60 1220
NM37 33.57200 -107.90300 7354 20 1190
NM38 34.12200 -104.43100 4114 140 1312
NM39 36.63100 -108.32300 5720 70 2135
NM40 32.96700 -105.99900 4400 170 763
NM41 34.06200 -108.10200 7250 90 1129
NM42 34.41900 -103.13400 4220 180 805
NM44 34.01300 -104.12000 3920 30 1144
NM47 32.77800 -104.38500 3360 50 732
NM48 36.73000 -106.50400 7640 70 1525
NM49 34.58800 -106.07500 6135 170 1525
NM52 35.57200 -103.29000 4255 30 793
NM53 35.50700 -104.58700 6300 30 763
NM55 33.36300 -108.86200 5460 10 793
NM56 35.16300 -108.46700 6980 60 1556
NM59 35.32500 -106.67100 5597 90 732
NM61 35.11800 -106.15600 6530 90 1610
NM63 35.16700 -106.01600 6200 90 793
NM64 31.45700 -108.86500 5155 40 549
NM66 34.41700 -108.08200 7420 100 915
NM67 36.86400 -104.45000 6578 150 1662
NM72 32.74700 -108.29100 6037 80 1221
NM78 31.87800 -107.65300 4150 80 1469
NM83 32.77500 -103.21900 3707 30 2686
NM86 31.93500 -108.54400 4519 60 1426
NM90 31.91000 -109.02500 4107 170 1528
NSAS -14.18400 -169.67300 9 80 609
NSAU -13.50500 -172.63100 40 80 644
NSFA -13.83000 -172.02400 58 80 3157
NSFI -13.84800 -171.74300 131 110 691
NSFQ -14.21400 -169.42900 110 120 976
NSMA -13.74200 -172.26100 20 90 698
NSTU -14.34100 -170.72500 0 50 3049
NTAA -17.56300 -149.62000 5 40 3450
NTAR -22.43200 -151.36800 18 90 1438
NTAT -23.37000 -149.53000 7 30 1501
NTAV -23.88700 -147.66800 7 60 1398
NTGA -17.34700 -145.51400 10 140 1507
NTGB -15.82000 -140.89300 9 70 1206
NTGC -15.12100 -148.23600 6 60 1201
NTGE -18.46300 -136.44300 12 110 917
NTGF -16.05600 -145.66200 13 50 1178
NTGI -14.43900 -146.07400 14 50 931
NTGJ -23.07300 -134.89700 7 120 2006
NTGK -15.66800 -146.88700 11 20 1086
NTGM -16.58000 -143.66400 3 110 1502
NTGP -14.80800 -138.81700 5 100 934
NTGT -14.71000 -145.25000 12 70 921
NTGU -15.24600 -146.62200 9 100 1299
NTGV -14.86300 -148.71600 11 10 1206
NTHE -14.43000 -146.26200 11 60 1239
NTKF -16.68700 -145.33500 7 80 1184
NTKR -14.45600 -145.02900 13 70 1052
NTMD -8.79800 -140.23600 220 60 1694
NTMN -9.77300 -139.01400 1481 20 1208
NTTB -16.44100 -151.75700 10 110 1510
NTTE -17.01700 -149.59200 9 60 720
NTTG -14.95200 -147.67000 10 90 2105
NTTH -16.68800 -151.02900 7 70 1511
NTTM -17.48600 -149.76600 9 120 1174
NTTO -18.06400 -140.95700 10 120 3385
NTTP -16.42700 -152.24800 15 80 955
NTTR -16.72400 -151.47200 3 70 1401
NV00 36.26000 -115.99100 2740 180 915
NV01 38.04000 -115.46000 5161 160 763
NV02 39.06600 -117.42900 6520 70 1220
NV04 41.31400 -115.25300 5600 20 756
NV05 41.12900 -119.13600 4150 90 1220
NV06 41.38800 -119.16700 4494 180 1220
NV07 38.41300 -115.04300 5288 60 1129
NV08 41.74100 -116.22900 5616 90 2288
NV09 39.72700 -119.90400 5220 110 915
NV11 36.95700 -116.04500 3919 140 2746
NV12 41.55900 -116.41600 5368 30 1586
NV13 39.28300 -119.83300 5060 70 793
NV14 41.35500 -114.23400 5400 70 641
NV16 41.00100 -119.94100 4706 10 763
NV17 39.67500 -119.81500 4960 110 482
NV22 40.31100 -115.89900 6158 40 549
NV23 39.88200 -119.70000 4300 30 2135
NV26 36.08000 -115.07200 1913 90 641
NV27 37.70900 -118.08900 4835 30 1342
NV30 39.97500 -117.82800 3443 160 1859
NV31 38.80600 -117.03300 6620 90 412
NV33 38.83300 -119.39600 4848 70 1069
NV36 36.44600 -116.45800 2250 50 793
NV41 40.86400 -118.74100 4068 70 1068
NV42 35.77200 -115.63500 2575 20 1007
NV44 39.75700 -119.60300 4480 110 793
NV47 39.83900 -119.68300 4240 160 1220
NV55 38.94000 -119.62100 5260 160 610
NV56 38.80400 -117.17600 5568 160 1007
NV62 40.20300 -116.64500 4815 50 1479
NV64 40.01200 -117.39200 4940 160 763
NV65 36.61100 -116.04000 3314 20 2274
NV67 41.11600 -114.11700 4980 70 610
NV68 41.57100 -117.81000 4250 160 1116
NV72 38.51500 -119.21500 6837 180 1129
NV74 36.27800 -115.99700 2726 150 1588
NV77 40.44100 -119.46000 4085 180 1299
NVSA -13.66200 167.70900 63 140 991
NVSC -13.84900 167.53600 40 160 784
NVSE -17.08600 168.34000 35 150 1000
NVSF -16.26200 167.92000 69 120 1007
NVSG -15.30900 167.96500 167 40 710
NVSH -15.46900 168.15100 472 140 560
NVSM -16.58100 168.15800 7 150 809
NVSN -14.99100 168.07700 488 140 1266
NVSO -15.86000 168.17000 43 150 1148
NVSP -16.07500 167.39700 23 140 952
NVSQ -14.21600 167.58600 60 140 887
NVSS -15.49900 167.21200 184 120 2002
NVSV -16.79200 168.17500 36 150 1059
NVSX -16.48300 167.44500 59 120 823
NVSZ -14.87700 166.55700 45 160 940
NVVA -20.25100 169.76800 7 60 625
NVVB -19.23000 169.60100 69 170 942
NVVD -18.76800 168.99700 538 110 919
NVVF -19.51300 170.23100 98 150 666
NVVI -18.85400 169.28000 23 120 837
NVVQ -17.53700 168.43400 3 90 899
NVVV -17.69300 168.30700 70 110 2600
NVVW -19.45000 169.22200 19 150 1225
NWWA -21.09000 167.80300 13 160 1294
NWWB -21.60800 165.39300 7 90 923
NWWC -19.72000 163.65800 306 90 604
NWWD -21.05300 164.83300 22 90 999
NWWE -22.58700 167.45100 314 100 1099
NWWH -21.25300 165.61500 17 130 994
NWWK -20.54800 164.25100 41 60 1099
NWWL -20.77100 167.23600 92 120 1101
NWWM -22.25300 166.47300 10 170 1266
NWWO -22.45800 166.78100 6 120 460
NWWP -20.28600 164.09500 6 120 1254
NWWR -21.47800 168.03500 138 130 1000
NWWT -21.81700 165.85800 98 130 801
NWWU -20.78600 165.25600 10 130 1103
NWWV -20.63700 166.57000 24 130 1100
NWWW -22.00700 166.20000 51 110 3250
NWWX -21.51800 165.96800 6 110 955
NY04 42.58600 -78.35300 1830 100 702
NY05 42.78300 -74.33100 1260 120 915
NY06 43.29500 -78.22100 380 90 1220
NY07 44.54400 -75.16300 500 60 519
NY13 43.09400 -76.99200 515 170 549
NY17 44.60200 -73.85700 1352 90 625
NY19 43.04600 -76.46300 610 170 458
NY20 42.96000 -74.68300 700 130 837
NY22 42.34500 -73.63700 380 10 1220
NY25 42.45200 -75.02000 1110 130 732
NY26 42.98400 -74.90400 1330 110 653
NY28 43.07100 -76.41000 430 90 381
NY29 44.21800 -73.79000 985 180 668
NY31 43.22400 -76.37300 405 110 732
NY32 42.26700 -74.39600 1800 30 1220
NY33 42.51800 -74.03000 1400 30 922
NY36 42.70000 -76.42500 750 10 564
NY38 42.85100 -77.12500 910 10 549
NY40 42.61000 -78.59900 1750 90 610
NY42 43.22400 -76.69100 420 180 915
NY46 42.93100 -73.77300 175 140 610
NY48 42.33700 -74.75400 1500 90 854
NY50 42.87000 -74.03100 240 150 561
NY51 42.87100 -74.50200 700 120 519
NY52 42.84700 -74.53600 800 100 793
NY53 42.73600 -75.30300 1150 40 855
NY54 42.62600 -74.89200 1260 20 708
NY55 42.89500 -73.67200 195 140 793
NY57 43.35900 -75.18800 1220 90 610
NY58 42.95600 -74.08600 775 90 763
NY59 43.39000 -75.48700 1220 180 671
NY60 44.76200 -73.56300 580 90 564
NY62 43.14600 -75.54600 535 100 641
NY63 42.91900 -75.23500 1230 150 610
NY64 43.10400 -74.16000 850 120 854
NY65 43.13900 -74.11800 920 160 549
NY66 43.13600 -74.11700 900 180 610
NY67 42.90800 -73.43000 540 180 610
NY68 42.86100 -74.95100 1450 100 915
NY69 44.11900 -76.30400 260 70 564
NY70 44.03900 -76.12800 275 180 671
NY71 42.97600 -74.73300 700 120 458
NY72 43.07200 -75.94100 500 90 427
NY73 42.31500 -75.60100 1580 40 763
NY74 42.32000 -73.87400 320 20 747
NY75 44.30300 -75.03400 1200 50 488
NY76 43.18100 -73.63600 230 60 671
NY77 42.71700 -74.16700 1260 90 641
NY78 42.05600 -75.02400 1087 60 824
NY79 42.59900 -78.34100 1620 180 567
NY81 42.61300 -74.06700 1237 150 427
NY82 42.58500 -73.61800 525 180 1031
NY84 44.27600 -73.37900 360 20 671
NY85 43.24900 -75.31700 930 90 549
NY86 42.51400 -74.11600 1680 170 412
NY87 42.96200 -74.25600 340 90 442
NY88 42.88500 -74.69500 970 130 610
NY89 42.08300 -79.39500 1350 150 854
NY91 44.19900 -75.90900 420 90 610
NY94 41.96900 -73.86200 323 180 671
NY95 42.24000 -74.69600 2000 140 610
NY96 43.42800 -76.19800 470 120 702
NY97 44.66400 -73.56500 420 180 641
NZ12 -64.77800 -64.05800 149 10 763
NZAA -37.01700 174.76700 23 50 3683
NZAG -36.74100 175.64100 0 30 2430
NZAN -40.70200 175.85600 500 150 805
NZAP -38.73500 176.08700 1335 110 1395
NZAR -37.03600 174.96900 111 30 1412
NZAS -43.90400 171.79100 298 20 1389
NZBA -46.24700 169.75300 22 70 666
NZCB -46.34100 168.29500 253 160 686
NZCH -43.49800 172.52200 123 20 3286
NZCI -43.81400 -176.47300 43 50 1357
NZCS -45.05200 169.17000 745 90 1021
NZCX -36.79300 175.50900 13 120 627
NZDA -35.93900 173.88400 6 40 1000
NZDN -45.93400 170.18700 4 30 1896
NZDV -40.23800 176.07500 635 20 1208
NZFF -43.38100 172.36100 402 50 1001
NZFP -40.45800 175.27600 36 90 1022
NZGA -38.41000 176.74200 550 10 1032
NZGB -36.24300 175.46600 41 60 620
NZGC -46.16300 168.89100 198 10 1290
NZGM -42.46900 171.18700 14 10 786
NZGS -38.65800 177.97600 14 30 1318
NZGT -43.90600 170.12700 1824 150 966
NZGY -44.87500 168.39900 1255 140 680
NZHA -39.56000 174.27000 374 20 981
NZHB -36.79400 174.65500 62 50 1288
NZHK -42.71400 170.97900 146 40 1337
NZHN -37.85800 175.33500 172 70 1963
NZHS -39.64800 176.76400 72 10 1087
NZIR -77.88800 167.03200 49 110 3052
NZKF -36.40600 174.58200 110 70 845
NZKI -42.42400 173.60200 19 50 700
NZKK -35.25100 173.90900 491 20 1312
NZKM -41.24200 172.10300 28 10 951
NZKO -35.44900 173.82000 545 130 1541
NZKT -35.06400 173.28100 270 120 1432
NZLE -41.76600 172.75500 1709 110 1413
NZLX -45.20600 169.37000 752 10 1215
NZMA -37.73700 175.73600 182 40 1096
NZMC -43.76000 170.13100 2152 130 1500
NZME -37.25800 175.11400 66 90 751
NZMF -44.67400 167.92000 10 110 792
NZMK -41.12500 172.98900 38 20 728
NZMO -45.53100 167.64300 687 80 1602
NZMR -41.79900 172.31700 532 130 580
NZMS -40.97600 175.62800 350 60 1204
NZMT -41.21600 175.48900 100 110 754
NZNE -36.65900 174.65200 212 30 791
NZNP -39.01000 174.17000 97 50 1344
NZNR -39.46300 176.86800 6 70 1269
NZNS -41.29600 173.21700 16 20 1355
NZNV -46.41900 168.30100 15 40 2150
NZOA -44.48900 169.99400 1380 90 1396
NZOH -40.20200 175.37300 164 90 2440
NZOM -41.53900 173.92000 100 10 1023
NZOP -38.02700 177.31100 25 90 1027
NZOU -44.96000 171.08500 99 20 1323
NZOX -36.15200 175.41600 10 180 858
NZPG -77.96900 166.58400 49 150 3050
NZPH -43.59900 171.53700 1506 110 1318
NZPI -36.65200 174.43300 6 70 654
NZPK -36.93000 174.81100 10 70 752
NZPM -40.32100 175.60300 151 70 1896
NZPN -41.34100 173.95500 140 180 674
NZPP -40.89700 174.98800 22 110 1391
NZQN -45.02200 168.73500 1171 50 1845
NZRA -37.80800 174.85500 14 50 650
NZRC -46.89800 168.10500 262 40 617
NZRK -38.89500 176.36400 2337 160 1514
NZRO -38.10000 176.32100 935 180 1623
NZRT -43.29100 172.54000 179 40 1179
NZRU -39.43600 175.65200 2686 130 1246
NZRV -36.81400 175.08500 445 170 669
NZRW -36.09900 173.97400 6 70 722
NZRX -45.51700 169.31600 506 160 1281
NZSD -39.31800 174.30300 946 90 976
NZSL -36.32900 174.55600 99 160 875
NZSP -89.98000 -72.28200 9301 20 2297
NZTA -37.46800 175.62000 25 100 855
NZTE -37.74800 175.15700 110 50 709
NZTG -37.67400 176.18800 13 40 1820
NZTH -37.16300 175.54600 5 10 714
NZTI -45.86400 170.35800 85 50 858
NZTK -40.82000 172.77400 97 120 770
NZTL -44.00300 170.44700 2496 110 845
NZTM -38.84500 175.25900 650 10 1288
NZTN -38.97200 175.81100 1220 20 843
NZTO -38.24400 175.89700 1221 130 855
NZTT -38.30900 175.14800 160 160 872
NZTU -44.30300 171.22100 89 20 1259
NZTZ -45.46700 167.70200 786 160 731
NZUK -44.23400 170.11800 1575 150 1062
NZUN -37.02400 175.85900 19 50 855
NZVL -45.99600 168.82200 335 90 986
NZWB -41.51600 173.86100 109 60 1421
NZWD -77.85600 167.09300 68 70 3050
NZWF -44.71800 169.24200 1142 110 1151
NZWG -43.55500 172.55000 74 30 1571
NZWK -37.91700 176.90900 20 90 1290
NZWL -43.47400 172.40100 304 40 997
NZWM -44.79200 171.08900 80 40 620
NZWN -41.31800 174.80700 42 160 1997
NZWO -39.00700 177.40400 42 160 899
NZWP -36.79600 174.62100 100 30 2032
NZWR -35.76800 174.35800 129 60 1095
NZWS -41.74200 171.57300 13 40 1267
NZWT -36.83400 175.67400 12 40 1172
NZWU -39.96000 175.01800 27 110 1391
NZWV -37.43500 175.95500 4 130 644
NZYP -40.00200 176.53300 430 20 1062
OA00 40.11900 -81.57400 800 140 641
OAHR 34.22100 62.23000 3206 180 2511
OAIX 34.93400 69.25700 4895 30 3006
OAJL 34.40600 70.49000 1814 130 2213
OAKB 34.57100 69.19400 5877 110 3499
OAKN 31.49800 65.83400 3337 50 3209
OAMN 35.93600 64.75600 2743 140 1553
OAMS 36.70100 67.19300 1287 60 3176
OASD 33.40400 62.26200 3773 180 2792
OASG 36.75000 65.90900 1053 60 1394
OAUZ 36.66900 68.90000 1426 110 1996
OBBI 26.28000 50.61700 6 120 3929
OBBS 25.93400 50.58200 136 150 3810
OE43 21.32700 41.18900 4155 110 2061
OE45 28.39800 48.51500 50 170 1748
OE46 20.47900 44.75000 2225 110 1634
OE48 18.88400 41.35100 200 20 2214
OE49 21.42700 39.99200 1210 10 2407
OE50 26.95100 49.69700 10 150 2443
OE51 24.05700 47.65400 1650 170 1299
OE52 26.60400 45.31600 1900 30 2125
OE53 24.95100 46.38600 2420 150 2296
OE54 26.00200 46.53100 1970 150 2237
OE55 21.21900 55.26200 699 30 2113
OE56 22.71600 53.27300 305 130 2103
OEAA 27.32500 49.58300 69 150 1514
OEAB 18.25000 42.64400 6858 130 3363
OEAH 25.29900 49.48100 588 160 3071
OEBA 20.29100 41.61900 5486 70 3350
OEBH 19.99800 42.62400 3887 180 3067
OEBQ 25.91900 49.58700 229 150 1857
OEDF 26.48900 49.80400 72 160 4013
OEDM 24.46200 44.11500 3026 150 3061
OEDR 26.26900 50.13300 84 160 3672
OEGN 16.91300 42.57900 20 150 3061
OEGS 26.31500 43.76700 2126 150 3004
OEGT 31.41600 37.26400 1672 100 3045
OEHL 27.45500 41.68800 3331 180 3733
OEHW 22.97800 46.89300 2091 150 2606
OEJB 27.05700 49.40100 26 170 4010
OEJF 21.35900 39.16800 7 150 2741
OEJN 21.70300 39.12700 48 160 3813
OEKK 27.91200 45.51400 1352 130 3664
OEKM 18.28800 42.77300 6778 60 3816
OEKR 25.07800 48.19200 1300 160 1893
OEMA 24.57300 39.70400 2151 170 3982
OENG 17.60500 44.40700 3982 60 3055
OEPA 28.34800 46.11900 1174 160 3004
OEPC 25.18300 47.48100 1740 140 2438
OEPF 24.72100 44.96200 2530 170 2439
OEPI 24.28700 42.14100 3000 170 2448
OEPJ 24.11600 41.03600 2840 180 1956
OEPK 27.96200 46.74000 1000 160 1833
OEPS 24.08100 47.57900 1651 170 4024
OERB 22.71200 39.06500 22 150 2366
OERF 29.63200 43.47700 1474 110 2992
OERK 24.97100 46.67500 2049 150 4216
OERM 28.09400 48.60600 13 160 3381
OERR 30.91000 41.12300 1813 100 3045
OERT 26.73200 50.02600 6 150 2152
OERY 24.70500 46.72400 2082 10 4117
OESB 22.51400 53.94900 300 80 3043
OESH 17.46500 47.10400 2363 80 3662
OESK 29.78800 40.08100 2261 100 3655
OESL 20.46700 45.60600 2021 100 3001
OETB 28.36900 36.62000 2551 60 3347
OETF 21.47700 40.52100 4848 70 3742
OETH 25.23100 46.63800 1870 170 4029
OETN 27.87800 48.76400 30 150 2452
OETR 31.69600 38.71600 2803 100 2995
OEUD 25.16100 49.32900 759 180 2196
OEWD 20.50700 45.18500 2062 100 3043
OEWJ 26.21100 36.46900 66 150 3058
OEYN 24.14800 38.04800 26 100 3214
OG00 44.55500 -121.41000 2695 50 1525
OG01 44.59700 -123.23600 240 70 488
OG02 45.61100 -123.08200 200 90 397
OG04 45.75200 -118.62100 1450 160 793
OG14 44.03200 -118.93500 4584 150 1525
OG21 44.19500 -120.82900 3625 70 908
OH01 40.84100 -81.24700 1149 90 900
OH02 41.29800 -83.95500 694 90 703
OH03 41.79200 -81.06200 678 90 656
OH04 40.65600 -81.30600 964 40 1016
OH07 40.94400 -81.24300 1190 90 717
OH09 41.69400 -82.80100 582 90 637
OH11 39.11300 -82.09300 930 170 610
OH13 40.76800 -81.06200 1285 90 605
OH14 40.27900 -82.92200 970 90 854
OH15 40.74200 -81.14500 1080 10 763
OH18 40.93400 -83.14300 885 130 610
OH19 41.15900 -84.21500 725 180 793
OH20 40.92000 -81.70400 1000 100 549
OH22 40.75600 -81.77800 1130 180 1055
OH24 41.52200 -80.86300 940 90 884
OH26 41.65900 -81.10700 1160 180 671
OH27 40.95200 -83.98800 765 90 952
OH28 41.17200 -84.55700 721 90 817
OH29 40.90400 -80.55600 1174 180 793
OH32 40.40700 -83.22500 918 80 964
OH33 39.06000 -84.20500 840 170 656
OH34 40.20600 -84.66700 1015 90 854
OH35 39.43000 -82.82700 900 120 732
OH36 39.88400 -82.59500 930 90 991
OH37 39.01300 -82.79000 690 130 305
OH38 39.31100 -81.61800 780 30 793
OH39 40.23400 -82.92400 1000 90 732
OH40 39.55300 -81.61000 645 120 702
OH42 40.53700 -82.39500 1260 20 610
OH43 39.83300 -82.73700 800 90 732
OH44 40.22000 -82.95300 945 90 1081
OH45 41.45400 -83.59000 655 90 580
OH48 39.11100 -84.65100 860 140 427
OH50 39.68600 -83.10000 780 70 610
OH51 39.84100 -84.33200 930 20 641
OH57 40.26100 -83.01200 955 180 549
OH59 39.69600 -84.45200 914 90 641
OH60 40.95300 -84.27700 780 90 610
OH61 39.63800 -82.73800 900 180 702
OH62 39.62600 -84.46000 975 90 567
OH63 39.59600 -84.41600 955 180 805
OH64 39.59400 -84.34600 695 100 488
OH65 39.23800 -84.10300 895 60 503
OH66 39.23800 -84.18100 835 70 854
OH67 40.12300 -84.45300 1010 180 763
OH68 39.29600 -84.74900 590 180 848
OH73 39.65500 -83.67600 1087 10 830
OH74 40.09300 -82.72000 1210 90 519
OH77 39.54900 -83.85500 1008 10 854
OH78 39.97100 -84.40900 1005 180 747
OH81 41.22600 -81.94500 890 100 641
OH82 40.15200 -81.97800 725 80 791
OH86 39.64900 -82.54300 800 100 610
OH88 39.85000 -83.47000 1066 180 641
OH90 41.73600 -81.22500 697 120 1155
OH92 39.63900 -83.63500 1065 90 477
OH93 40.13800 -83.39200 972 40 534
OH94 38.84000 -82.83700 674 150 732
OH95 39.38200 -84.16900 880 20 427
OH96 39.03400 -83.89100 953 100 915
OH98 40.05200 -82.78800 1050 180 519
OH99 40.11400 -82.46000 935 110 397
OI01 39.51300 -82.45200 750 90 549
OI03 35.17600 52.31900 2717 110 908
OI05 33.09200 53.41100 3550 130 1301
OI06 39.99100 -84.29500 935 90 595
OI07 40.82500 -81.97900 1110 180 610
OI08 40.73600 -81.87400 1200 30 793
OI09 40.77600 -82.10500 970 160 641
OI11 40.64000 -81.11600 1060 150 858
OI12 40.25000 -82.99900 940 90 763
OI13 30.00300 53.70500 6970 120 1361
OI19 35.53200 51.50100 3258 110 945
OI1C 36.86100 54.20000 -64 150 999
OI20 29.84900 50.26700 20 150 2199
OI21 35.38100 53.65400 3659 60 3604
OI24 37.24400 55.09100 107 60 994
OI25 39.36500 -83.35900 960 90 793
OI26 39.50700 -84.69900 890 180 305
OI27 39.55800 -81.57300 640 130 610
OI28 40.58200 -82.68100 1440 50 458
OI29 38.85500 -83.23300 610 120 458
OI30 41.02900 -84.77400 760 90 793
OI31 41.71300 -81.12500 960 50 641
OI32 41.16800 -81.29000 1105 100 366
OI34 39.61400 -83.99500 905 120 549
OI36 39.62600 -84.48300 990 180 671
OI38 40.31000 -83.61800 1400 130 610
OI39 40.10600 -82.13700 760 90 793
OI40 39.20100 -84.10700 890 50 572
OI42 41.13300 -82.46400 950 90 610
OI45 41.26500 -81.66300 1250 100 671
OI46 41.11800 -81.71500 1180 180 555
OI49 40.38400 -83.11200 975 90 885
OI52 39.62700 -83.78300 1045 180 488
OI55 40.74900 -82.00600 1010 40 378
OI56 40.53400 -81.24300 1108 120 973
OI57 38.92700 -83.99200 970 90 671
OI58 40.84400 -81.43800 1090 180 519
OI59 39.13100 -81.93400 690 70 458
OI60 40.75300 -82.39300 1230 30 427
OI62 41.47400 -81.31700 1200 180 641
OI64 41.68100 -81.03400 1145 100 641
OI66 40.74400 -83.67100 980 180 702
OI67 40.60700 -80.93600 1250 70 610
OI68 40.94500 -81.79800 1000 180 915
OI69 41.78100 -81.16800 640 180 671
OI72 41.52200 -84.72400 859 90 573
OI73 39.71200 -83.80900 1060 90 824
OI77 41.21600 -83.56300 715 90 763
OI78 41.08500 -83.44000 823 90 610
OI82 38.91100 -82.72500 800 20 366
OI85 40.27100 -83.22200 960 180 473
OI88 40.08400 -80.99500 1240 170 397
OI89 39.64800 -84.63100 866 30 458
OI91 39.77800 -83.90900 990 10 488
OI92 41.39100 -83.70800 675 90 793
OI99 40.57300 -84.49400 875 90 671
OIAA 30.37900 48.22100 19 140 3105
OIAD 32.44700 48.38400 474 140 3855
OIAG 30.75200 49.66800 88 130 2115
OIAH 30.34200 50.82000 2414 120 1848
OIAI 32.00800 49.26200 1206 120 1801
OIAJ 30.84600 49.51500 85 120 4112
OIAM 30.56500 49.14200 8 140 2696
OIAW 31.34600 48.74700 66 120 3397
OIBA 25.87400 55.01800 23 80 2981
OIBB 28.95800 50.81700 68 130 4471
OIBH 27.21100 54.31200 1350 70 1367
OIBI 27.48900 52.59900 15 120 3602
OIBJ 27.82500 52.34100 2173 110 2348
OIBK 26.53000 53.96200 101 90 3652
OIBL 26.53000 54.81200 67 80 2496
OIBP 27.39100 52.72200 27 130 3998
OIBQ 29.26600 50.31700 17 140 1806
OIBS 25.91600 54.52900 43 120 2544
OIBV 26.81400 53.34700 76 110 2075
OICC 34.35300 47.14100 4301 110 3414
OICI 33.59700 46.39500 4404 140 2802
OICK 33.44100 48.26700 3782 110 3196
OICS 35.23500 47.00500 4522 10 2645
OIFE 32.92700 51.54500 5256 70 2992
OIFH 32.56200 51.68400 5310 60 1245
OIFK 33.90000 51.56300 3465 110 2691
OIFM 32.74900 51.83800 5059 80 4389
OIFP 32.62000 51.67900 5242 80 3321
OIFS 32.30900 50.83200 6723 140 3302
OIGG 37.32600 49.58900 -40 90 2911
OIHH 34.87100 48.53900 5755 100 3228
OIHR 34.13600 49.83100 5440 80 2984
OIHS 35.21500 48.65600 5609 50 4472
OIIA 35.95300 50.44300 3769 100 1393
OIIC 34.98900 50.79000 3008 110 3228
OIID 35.69600 51.46600 4046 40 2332
OIIE 35.42400 51.12200 3305 110 4241
OIIG 35.64500 51.37200 3627 90 1821
OIII 35.69900 51.32400 3962 90 4031
OIIK 36.24100 50.04100 4184 100 1116
OIIM 35.78000 50.87700 4040 130 1107
OIIP 35.78600 50.81100 4170 120 3661
OIKB 27.20300 56.37000 22 30 3669
OIKJ 28.73300 57.66100 2663 130 2206
OIKK 30.28900 56.94400 5741 50 3856
OIKM 29.09200 58.43500 3231 120 3384
OIKP 27.15600 56.15900 19 80 2594
OIKQ 26.74200 55.88600 45 50 4228
OIKR 30.30300 56.03700 5298 110 2987
OIKY 29.56200 55.65800 5846 140 3760
OIMB 32.89700 59.27000 4952 80 2896
OIMC 36.51600 61.05200 945 140 3988
OIMJ 36.42100 55.09000 4197 70 2797
OIMM 36.24700 59.62400 3263 140 3925
OIMN 37.48800 57.29100 3499 70 3219
OIMS 36.16900 57.57800 3010 90 3171
OIMT 33.68000 56.88500 2312 150 3045
OINE 37.38600 55.44000 425 100 2213
OING 36.91700 54.39200 -24 140 2298
OINJ 36.65400 52.34400 -79 90 983
OINN 36.66700 51.45400 -61 100 1881
OINR 36.91400 50.67300 -70 130 1499
OINZ 36.65600 53.18400 35 160 2649
OISF 28.89900 53.71600 4261 140 1984
OISJ 28.58500 53.56700 3358 80 2403
OISL 27.67500 54.36700 2641 90 3144
OISR 27.37900 53.17400 1337 110 3055
OISS 29.54900 52.57000 4920 110 4368
OISY 30.70800 51.53500 5939 130 2598
OITK 38.43900 44.96700 3981 150 2805
OITL 38.33900 48.41500 4315 150 3301
OITM 37.34700 46.11100 4396 80 2924
OITP 39.60800 47.86700 253 110 2583
OITR 37.65600 45.05900 4343 30 3251
OITT 38.14400 46.22000 4459 120 3601
OITZ 36.78200 48.34600 5382 120 2997
OIYY 31.91800 54.26100 4054 130 4099
OIZB 31.11000 61.54100 1628 160 3009
OIZC 25.44600 60.36500 43 90 3808
OIZH 29.49500 60.90200 4564 170 4278
OIZI 27.24700 60.71800 2040 170 2358
OIZS 27.42600 62.30800 3930 130 2166
OJ38 32.02700 36.13800 2400 100 1261
OJ40 31.84200 36.77200 1706 80 3002
OJAI 31.72700 35.97000 2395 80 3641
OJAM 31.96600 35.97600 2555 60 3271
OJAQ 29.59800 35.01300 175 10 3012
OJHF 32.17000 37.13700 2220 130 2988
OJHR 32.54200 38.18200 2250 100 2499
OJJR 31.87000 35.20800 2485 120 1958
OJMF 32.36500 36.24700 2240 130 2993
OK01 35.20400 -99.88400 2097 170 808
OK03 35.45400 -97.53400 1180 160 986
OK04 35.45800 -98.35900 1640 160 1113
OK05 34.70300 -99.92600 1660 170 702
OK06 36.14700 -95.41800 661 170 779
OK08 34.52800 -98.35200 1100 10 1220
OK11 34.32200 -98.01600 1080 170 917
OK12 35.65400 -95.85800 731 170 793
OK17 36.35400 -97.28400 967 170 564
OK20 36.38700 -95.64800 640 180 763
OK21 36.33600 -95.30500 650 170 580
OK24 34.63000 -99.01400 1325 170 648
OK27 35.43400 -94.47800 450 60 610
OK28 34.37600 -98.40700 1058 160 885
OK29 33.93900 -97.05500 862 90 702
OK30 36.48800 -95.05100 827 180 915
OK31 33.95600 -97.14600 900 170 991
OK34 35.48500 -94.84600 855 90 732
OK36 35.12100 -95.70400 725 180 320
OK39 36.96500 -100.32200 2240 60 946
OK40 36.75500 -99.03400 1641 180 763
OK42 36.08600 -97.71700 1053 170 519
OK43 36.53200 -98.63700 1475 170 412
OK44 34.15000 -96.07700 625 170 946
OK46 36.96100 -98.07500 1260 170 458
OK47 36.94000 -98.01700 1250 180 397
OK48 36.87900 -97.09700 1113 160 805
OK49 36.65300 -97.01700 1050 170 580
OK50 36.33300 -97.88200 1220 170 580
OK54 36.99900 -99.00500 1833 80 610
OK55 35.71800 -97.22600 1070 170 702
OK58 36.39800 -95.90900 660 90 732
OK59 35.02100 -94.70800 860 60 732
OK63 36.10800 -97.93600 1100 180 755
OK64 36.81700 -97.98700 1113 170 641
OK66 36.56300 -97.83400 1118 170 1403
OK69 36.36800 -98.18100 1330 30 675
OK72 36.69600 -97.72700 1030 170 869
OK73 36.15800 -98.93400 1746 170 742
OK74 34.83300 -96.03400 850 180 671
OK77 36.14500 -99.30400 2268 160 782
OK80 34.73300 -96.60100 811 180 1068
OK81 34.65800 -95.07400 570 70 595
OK82 34.69500 -99.34500 1425 170 671
OK83 34.57100 -99.35200 1355 170 549
OK85 34.29600 -96.91800 858 10 918
OK87 34.65800 -97.21500 905 170 671
OK88 36.01200 -95.84400 632 170 414
OK89 34.16000 -96.15600 624 40 1037
OK90 33.90500 -96.47200 734 180 732
OK91 34.98700 -97.93400 1177 170 732
OK93 36.33000 -95.88400 695 180 808
OK94 36.35800 -95.80400 675 170 732
OK95 36.48600 -94.96100 955 30 915
OK96 35.75900 -97.08600 1035 160 610
OK97 34.53000 -97.76800 1100 180 793
OK98 35.30300 -98.48400 1535 170 610
OKAS 29.35400 47.50800 472 120 2987
OKBK 29.24100 47.98300 206 150 3509
OKDI 29.70500 47.43600 430 180 1595
OL09 34.88000 -98.75200 1620 10 702
OL12 35.71000 -97.54100 1070 170 610
OL19 34.91700 -96.13200 990 130 610
OL20 36.00100 -95.25900 568 130 915
OL21 36.54600 -95.02100 775 170 900
OL23 35.95300 -96.10500 730 170 610
OLBA 33.79800 35.48100 87 30 3801
OLKA 34.58300 35.99700 75 60 3010
OLRA 33.84200 35.97600 3018 40 2969
OM01 25.75900 55.95800 15 150 810
OM10 24.29200 52.57100 25 130 2679
OM11 24.52500 54.97200 88 130 2160
OMAA 24.44400 54.63500 88 130 4102
OMAD 24.43700 54.44600 16 130 3202
OMAH 24.08500 52.46100 50 170 2511
OMAJ 24.19400 52.60600 43 130 2196
OMAL 24.24400 55.60700 869 10 4015
OMAM 24.25800 54.53300 77 130 3659
OMAR 24.78400 52.55600 15 130 1047
OMAS 25.15000 52.87100 12 150 1074
OMAZ 24.86500 53.07300 14 130 1198
OMDB 25.26600 55.34700 62 120 4004
OMDM 25.02700 55.34700 165 90 3947
OMFJ 25.11900 56.30700 152 110 3747
OMRK 25.63000 55.93400 102 160 3776
OMSJ 25.33800 55.50000 111 120 4042
OMU9 38.88600 -92.98800 810 130 580
OO42 16.99700 53.35600 3182 160 1508
OOKB 26.16000 56.23800 100 10 2516
OOMA 20.68400 58.88800 64 70 3044
OOMS 23.59200 58.26700 48 20 3583
OOSA 17.03400 54.07600 73 70 3340
OOTH 17.68400 54.02200 1570 170 4008
OP10 27.20400 69.14700 167 120 1472
OP12 27.83700 65.15100 2524 40 2782
OP13 28.35400 70.58800 256 80 2396
OP14 30.33400 70.55400 377 20 1499
OP16 24.78400 68.55200 16 60 1199
OP17 26.74800 67.66500 128 170 1603
OP18 30.50000 70.97000 423 170 1039
OP19 32.42200 71.45400 645 60 1067
OP1A 26.20600 67.50200 420 170 1674
OP1Y 32.07000 73.77900 620 50 2751
OP20 33.87600 72.38700 1023 120 3030
OP21 30.10500 72.15000 430 170 3143
OP22 29.25200 70.18000 401 20 3054
OP23 33.38200 70.58600 2650 20 1381
OP25 32.88100 73.60100 800 120 922
OP26 32.63400 73.02100 767 160 1085
OP27 32.23300 74.12300 745 50 1906
OP28 29.93300 66.74000 5215 150 2469
OP31 28.46600 69.59600 260 30 1184
OP32 28.03400 69.67100 300 70 909
OP33 28.27100 69.27100 250 50 1176
OP34 28.82500 62.73000 2227 170 1138
OP35 29.04700 61.64800 2861 180 1533
OP36 26.24600 63.12800 1840 20 1550
OP37 27.81900 69.16100 200 140 1836
OPBG 32.05200 72.93500 600 70 2730
OPBW 29.34600 71.70400 392 80 2844
OPCH 35.88000 71.79600 4920 20 1751
OPDG 29.97000 70.48600 492 180 1988
OPDI 31.91300 70.89000 594 120 1510
OPFA 31.35500 72.98700 591 30 2818
OPGD 25.23000 62.32300 36 60 1511
OPGT 35.91600 74.32500 4796 70 1643
OPJA 28.29600 68.44300 185 150 3080
OPKC 24.90000 67.14300 100 70 3396
OPLA 31.53700 74.40500 712 180 3356
OPLH 31.49900 74.34100 679 140 1341
OPMA 33.05500 73.63300 902 140 1526
OPMF 34.34200 73.50500 2691 130 902
OPMI 32.55700 71.55600 690 60 3149
OPMJ 27.33300 68.13300 154 80 1971
OPMR 24.89800 66.92600 35 40 2739
OPMT 30.21600 71.42000 403 180 2766
OPNH 26.20800 68.38500 95 20 2752
OPOK 30.75600 73.35800 568 180 3368
OPOR 25.27200 64.58000 32 240 1523
OPPC 33.90800 70.06900 5799 160 1220
OPPG 26.95900 64.12700 3289 130 1513
OPPI 25.28400 63.33300 33 60 2733
OPPS 34.00600 71.51400 1158 170 2745
OPQS 33.56700 73.02700 1581 140 2037
OPQT 30.26400 66.92600 5267 130 3660
OPRK 28.37100 70.27600 271 10 3011
OPRN 33.62400 73.08300 1668 120 3289
OPRS 34.08000 71.95600 1050 90 2759
OPRT 33.84600 73.79700 5479 10 904
OPSD 35.35300 75.53000 7600 140 3644
OPSF 24.87200 67.10700 29 80 2453
OPSK 27.73200 68.78300 196 140 2750
OPSS 34.80900 72.34500 3183 50 1750
OPST 32.52400 74.35000 837 40 3602
OPSU 28.63700 69.17500 763 10 1834
OPTH 24.83500 68.82700 28 60 2741
OPTU 25.98500 63.02100 498 80 1814
OPWN 32.30500 69.56600 4550 90 910
OPZB 31.36000 69.45400 4728 90 1766
OR02 44.33700 -121.02500 2600 90 763
OR03 43.09500 -119.97300 4312 180 1861
OR04 44.38700 -124.08500 41 160 610
OR05 45.36200 -123.36000 448 70 648
OR06 42.54200 -122.92400 1430 150 702
OR07 44.76700 -119.10600 3823 130 1353
OR08 43.12900 -118.68100 4159 70 671
OR09 42.33900 -118.26200 4447 30 990
OR10 42.65600 -118.98900 4576 180 1514
OR11 44.91000 -117.95900 3350 180 458
OR12 45.00800 -116.84800 1806 170 885
OR13 43.22600 -117.49500 2710 140 671
OR14 43.74000 -118.06600 3034 30 458
OR16 45.05800 -117.97300 3412 80 805
OR17 44.41600 -118.69300 3972 150 922
OR19 44.64100 -123.02300 239 160 580
OR20 44.65800 -123.14500 250 70 381
OR21 44.59600 -122.99000 279 160 519
OR22 44.62200 -123.03200 247 160 519
OR23 46.16400 -123.64800 130 100 580
OR24 45.82300 -118.49800 1738 160 473
OR25 44.84600 -122.90500 325 90 702
OR26 42.13100 -120.48300 4775 170 854
OR27 45.63500 -123.17000 670 110 488
OR28 45.44200 -122.89700 250 90 641
OR29 44.11600 -121.33300 3480 170 1028
OR30 44.00600 -121.27200 3800 160 641
OR32 45.74900 -119.95300 550 40 1227
OR34 44.32200 -121.43800 3040 60 747
OR35 45.44500 -122.32000 635 170 442
OR38 45.07800 -122.93300 183 70 698
OR39 44.66000 -123.21200 300 160 488
OR40 45.25200 -122.65300 180 180 854
OR41 45.20800 -122.67400 210 70 683
OR42 45.29300 -123.30500 360 90 458
OR44 44.15100 -123.06600 387 180 458
OR45 44.19600 -123.05700 378 180 336
OR46 45.38400 -120.47200 2165 90 763
OR47 44.19100 -123.18900 335 160 488
OR48 45.19800 -120.21500 2655 180 872
OR50 45.48700 -122.23800 1003 90 702
OR51 44.72000 -122.70500 735 80 885
OR52 44.47700 -123.30300 246 150 717
OR53 45.14400 -121.23200 1910 30 732
OR54 44.60200 -123.20700 205 160 702
OR56 44.57200 -123.17100 225 160 448
OR57 43.87100 -123.03300 580 180 531
OR59 45.33100 -123.21000 165 70 397
OR60 45.44000 -121.16500 1440 180 732
OR61 45.68100 -123.19000 247 110 753
OR64 45.96200 -117.24000 4000 50 854
OR65 45.35700 -122.34900 425 120 763
OR66 45.30600 -122.36200 400 150 519
OR67 45.33900 -122.39800 370 160 427
OR70 44.86000 -117.09200 2577 80 610
OR73 42.77800 -123.73700 3808 50 496
OR74 42.70100 -123.80700 450 50 275
OR76 44.36600 -123.14000 285 150 549
OR77 44.80300 -123.15600 175 170 671
OR78 44.27600 -123.06100 320 160 915
OR79 44.28700 -123.13200 313 180 488
OR80 45.51000 -122.97400 200 90 488
OR81 45.56000 -123.02300 185 70 610
OR85 44.81500 -123.15000 165 160 503
OR86 44.75200 -123.04900 244 180 763
OR87 45.12900 -120.62100 2677 70 900
OR88 45.66800 -119.97500 533 140 833
OR89 44.99800 -120.05900 3966 50 1098
OR90 45.24200 -123.13300 160 30 824
OR92 42.39100 -123.43800 1000 70 153
OR94 44.38900 -123.03100 298 10 625
OR95 45.05100 -123.23800 190 90 549
OR96 42.54300 -122.90500 1436 150 915
OR97 42.43900 -122.86800 1310 70 763
OR98 44.14100 -118.98400 4666 120 686
ORAA 33.78900 42.43300 618 80 3992
ORAT 33.34600 43.57700 275 120 4015
ORBD 33.94600 44.34200 161 120 3506
ORBM 36.31700 43.14200 709 150 2654
ORBR 36.54100 44.33200 2079 130 2236
ORBS 33.28400 44.23100 114 150 4006
ORER 36.25800 43.94700 1341 150 4225
ORKK 35.47900 44.33400 1061 130 2989
ORMM 30.56200 47.64800 11 140 3987
ORQW 35.78400 43.12200 749 150 3691
ORSH 34.67900 43.52600 451 140 3119
ORSU 35.57200 45.30100 2494 130 3499
ORTF 36.29300 42.39200 996 130 3000
ORTI 33.53100 44.25400 121 160 1762
ORTL 30.94500 46.07600 20 120 3330
ORUB 32.48600 45.74000 68 110 3550
OS57 35.73300 37.08800 846 90 2998
OS58 35.12000 36.69600 1014 90 2777
OS59 35.75500 38.55000 1050 90 2992
OS60 32.69900 36.39900 2460 50 3005
OS61 33.60400 36.73400 2060 60 3126
OS62 36.09900 37.92000 1145 100 3096
OS63 33.28300 36.44100 2190 60 2983
OS64 33.90900 36.85500 2727 40 3012
OS65 34.49500 36.89400 2644 110 2997
OS66 36.18900 37.56900 1207 100 2523
OS67 33.47100 36.21100 2407 60 2778
OS68 33.68000 37.20100 2300 50 2987
OS69 33.06200 36.55700 2310 70 3041
OS70 34.57200 36.55600 1768 100 3052
OS71 36.52300 37.03300 1613 40 1501
OS72 34.52200 37.61300 1805 90 3190
OS73 32.78200 35.71300 1214 40 1304
OSAP 36.18200 37.20800 1276 90 2892
OSDI 33.38500 36.49600 2020 50 3598
OSDZ 35.28700 40.15300 700 100 3353
OSKL 37.00800 41.17900 1480 30 3617
OSLK 35.41400 35.94800 157 170 2806
OSPR 34.55600 38.30100 1322 80 2880
OTBD 25.28000 51.55700 35 160 4591
OTBH 25.13300 51.30800 130 160 3761
OTBK 25.63500 51.50200 10 140 1602
OY74 13.17100 44.75300 900 70 2819
OY75 15.61300 49.07700 3300 160 2589
OYAA 12.82600 45.01500 7 80 3123
OYAT 14.56000 46.81700 3735 130 2895
OYBA 18.71200 50.82500 908 60 3037
OYBN 14.78900 45.71900 3800 170 1679
OYGD 16.19200 52.16100 134 80 2698
OYHD 14.74100 42.97000 41 30 3016
OYRN 14.65600 49.36300 54 60 3001
OYSN 15.49100 44.22000 7216 180 3273
OYSQ 12.64500 53.91300 114 30 3318
OYSY 15.96100 48.77500 2097 70 3002
OYTZ 13.67200 44.13700 4838 10 3076
PA01 41.67300 -80.43600 1203 40 553
PA02 41.98300 -80.18600 1028 100 410
PA05 40.44100 -75.07700 390 80 366
PA06 40.70400 -80.03400 1030 50 869
PA07 42.01500 -80.12300 1080 100 549
PA08 42.18300 -79.90100 805 80 636
PA11 41.83200 -79.36600 1230 90 811
PA14 41.93300 -79.03500 2050 170 610
PA15 40.51400 -79.43100 1240 80 595
PA17 42.00400 -77.10300 1600 100 488
PA18 41.09400 -77.41800 760 90 610
PA19 41.69700 -75.59500 1260 40 153
PA20 42.02000 -80.07300 1430 70 366
PA21 41.16800 -80.50300 1100 180 702
PA22 41.20400 -80.42300 1100 180 644
PA23 40.60000 -77.40900 545 80 803
PA25 40.65800 -75.87500 500 50 366
PA30 40.76700 -75.77700 885 50 409
PA31 40.28300 -76.54300 500 100 656
PA33 41.95200 -76.48400 1300 180 436
PA35 40.43400 -75.62900 660 130 671
PA36 40.45200 -75.20600 520 60 458
PA39 40.77900 -77.22400 642 120 1369
PA40 41.19700 -76.38800 780 30 671
PA43 40.26400 -75.88200 680 180 519
PA44 40.97200 -76.52100 585 60 519
PA45 41.41900 -76.93400 1320 180 427
PA47 41.85100 -80.40700 865 10 436
PA48 40.44700 -79.29100 1040 150 610
PA49 41.38100 -75.23600 1500 110 680
PA52 41.78900 -75.89400 1670 100 628
PA53 41.62500 -75.52800 1710 180 488
PA54 41.51900 -75.39600 1430 10 779
PA55 40.21600 -77.11900 440 90 427
PA58 39.97600 -77.56100 770 130 549
PA61 40.16700 -75.45200 252 110 412
PA63 40.03400 -76.50400 600 110 702
PA65 40.69900 -75.54800 760 140 366
PA68 40.71800 -75.30600 430 170 915
PA69 40.12800 -76.97200 590 90 366
PA70 40.09000 -75.71300 500 50 555
PA71 41.52000 -76.46500 1717 70 607
PA72 39.96100 -76.97300 460 150 671
PA73 39.97800 -76.53600 525 180 427
PA74 40.46500 -76.84400 700 90 671
PA75 41.96500 -77.31900 1800 90 488
PA76 41.13500 -75.86300 1930 50 549
PA77 40.49700 -75.06600 350 180 610
PA78 40.49800 -75.08500 350 50 549
PA81 39.91300 -77.53700 819 110 702
PA82 41.59700 -75.68200 1300 180 671
PA84 39.95400 -76.91300 523 90 702
PA85 40.30600 -75.53600 330 130 412
PA86 40.44800 -76.34400 520 100 458
PA88 39.80200 -79.55400 2010 50 1215
PA92 40.55100 -76.03400 531 80 869
PA96 41.46100 -75.23500 1460 160 549
PAAK 52.22500 -174.20800 56 150 1001
PAAQ 61.60400 -149.08700 242 90 1828
PABA 70.13400 -143.60100 2 60 1463
PABE 60.78800 -161.82900 125 10 2068
PABG 61.17800 -151.03800 130 90 1525
PABI 64.00800 -145.70700 1291 60 2801
PABL 65.98400 -161.15800 29 100 976
PABM 59.36200 -155.26800 663 70 1276
PABN 62.40500 -142.99700 2880 140 610
PABR 71.28500 -156.79900 44 70 2166
PABT 66.90800 -151.53900 644 10 1577
PABU 63.09400 -147.47300 2675 160 702
PABV 61.41200 -149.51600 96 10 1219
PACD 55.22200 -162.73800 98 80 3171
PACH 61.58500 -159.23700 244 90 1037
PACI 66.64200 -143.75100 544 30 1215
PACK 60.15700 -164.28500 39 160 776
PACL 64.29700 -149.12700 552 10 1216
PACM 61.84600 -165.58200 14 100 911
PACR 65.83500 -144.07600 610 150 915
PACS 54.58700 -164.91700 291 60 1068
PACV 60.49700 -145.49700 41 90 2278
PACY 60.08300 -142.50400 12 70 1174
PACZ 61.77600 -166.04600 457 20 1195
PADE 66.06500 -162.77400 21 20 1013
PADG 68.02600 -162.91300 974 20 1748
PADK 51.87800 -176.65700 18 50 2368
PADL 59.03700 -158.51300 74 10 1947
PADM 61.86400 -162.03500 103 70 972
PADQ 57.75200 -152.51900 78 70 2291
PADT 62.72400 -143.92300 2420 50 275
PADU 53.90300 -166.55100 22 120 1187
PADY 59.96200 -162.88000 25 180 573
PAED 61.24900 -149.84400 212 60 3037
PAEE 60.21800 -162.04200 0 160 989
PAEG 64.77600 -141.16300 880 60 1098
PAEH 58.65200 -162.06600 541 140 1202
PAEI 64.68400 -147.11900 548 130 4410
PAEM 62.79200 -164.49200 8 160 1399
PAEN 60.56300 -151.25800 99 10 2303
PAEW 60.94200 -164.64300 25 150 672
PAFA 64.80300 -147.88600 434 10 3586
PAFB 64.83700 -147.64200 454 60 2598
PAFE 56.96500 -133.91800 172 100 1216
PAFL 62.53300 -153.61300 1151 130 366
PAFM 67.10900 -157.85100 334 90 912
PAFR 61.27200 -149.65200 378 160 1270
PAFS 63.01600 -154.36900 441 40 1216
PAFV 65.93000 -149.84600 510 110 824
PAFW 62.50800 -153.90800 1535 80 1516
PAGA 64.73600 -156.96000 152 60 2202
PAGB 68.48500 -149.50000 2670 120 1586
PAGG 59.88000 -163.17000 18 150 763
PAGH 66.89100 -157.17500 197 90 1215
PAGK 62.16200 -145.45700 1580 140 1520
PAGL 64.54600 -163.01500 59 10 1220
PAGM 63.77300 -171.73500 27 160 1368
PAGQ 61.53600 -149.82100 158 70 740
PAGS 58.43300 -135.71700 34 20 2043
PAGT 60.46900 -164.68800 14 20 488
PAGY 59.45700 -135.32200 44 20 1079
PAHC 62.18400 -159.78100 70 10 1216
PAHL 65.69400 -156.36200 213 30 1215
PAHM 63.88200 -152.31100 678 20 1276
PAHN 59.24600 -135.53400 15 80 1215
PAHO 59.64000 -151.49100 84 30 2044
PAHP 61.52800 -166.15200 7 130 1003
PAHU 66.04600 -154.26000 289 170 1037
PAHV 63.87000 -148.96900 1294 150 891
PAHX 62.69800 -159.56900 70 160 702
PAIG 59.32300 -155.90900 90 50 911
PAII 58.19100 -157.38600 92 30 1703
PAIK 66.97500 -160.44800 166 60 1032
PAIL 59.75200 -154.92400 186 70 1545
PAIM 65.99200 -153.71800 1220 60 1241
PAIN 63.73700 -148.91000 1720 160 915
PAIW 65.62800 -168.09300 22 180 1216
PAJC 56.30900 -158.37800 50 20 793
PAJN 58.35800 -134.59800 21 80 2569
PAJO 60.48200 -146.58900 15 60 519
PAJV 61.73000 -148.93100 870 30 442
PAJZ 59.72800 -157.26700 269 90 911
PAKA 60.87300 -146.69200 25 120 1129
PAKD 57.80300 -152.37800 139 20 755
PAKF 54.85000 -163.41300 20 130 641
PAKH 56.93700 -154.19000 50 40 933
PAKI 59.93600 -164.03200 11 150 646
PAKK 64.93500 -161.15900 154 10 915
PAKL 58.98100 -155.13300 717 60 1327
PAKN 58.68400 -156.66500 68 110 2584
PAKO 52.94200 -168.85700 77 80 1067
PAKP 68.12800 -151.75400 2103 10 1458
PAKT 55.36300 -131.72600 88 110 2281
PAKU 70.32900 -149.62200 67 50 1830
PAKV 64.31300 -158.75500 187 30 1519
PAKW 55.57400 -133.08400 80 20 1521
PAKY 57.56800 -154.45500 137 100 610
PALG 61.53600 -160.35000 55 60 972
PALJ 60.20300 -154.32700 280 50 915
PALN 70.91200 -153.26300 17 70 1525
PALR 67.50200 -148.49200 1920 30 915
PALU 68.87600 -166.12900 12 80 1521
PAMB 58.98700 -159.05300 51 10 827
PAMC 62.95900 -155.60500 338 70 1805
PAMD 59.44400 -146.31300 100 10 960
PAMK 63.48500 -162.11700 93 20 1216
PAML 64.99500 -150.65100 270 20 877
PAMO 62.09100 -163.68800 337 20 1064
PAMR 61.21600 -149.85300 137 40 1215
PAMX 61.43300 -142.91000 1531 10 1068
PAMY 60.37000 -166.27800 48 50 933
PANA 60.69400 -161.97000 20 160 656
PANC 61.16800 -150.03400 152 70 3523
PANI 61.58600 -159.55800 88 100 1823
PANN 64.54600 -149.08700 362 40 1397
PANO 59.97700 -154.84400 314 20 851
PANT 55.04500 -131.58200 119 20 2279
PANU 64.72500 -158.08300 399 20 1216
PANV 62.65100 -160.19000 309 170 900
PANW 59.45200 -157.32900 302 150 548
PAOB 66.91000 -156.86900 145 90 720
PAOC 58.90700 -157.71900 137 10 586
PAOH 58.09700 -135.41300 30 50 915
PAOM 64.51400 -165.46800 37 30 1822
PAOO 60.54600 -165.08800 59 160 979
PAOR 62.96000 -141.93900 1716 40 1003
PAOT 66.88900 -162.60900 14 80 1800
PAOU 56.00800 -161.17000 14 80 1216
PAPB 56.58100 -169.67500 125 110 1520
PAPC 65.26000 -166.85800 10 170 1365
PAPE 55.90600 -159.16300 24 30 750
PAPG 56.79900 -132.95900 105 40 1823
PAPH 56.95700 -158.63400 95 50 1519
PAPM 59.01600 -161.82300 15 90 1005
PAPN 57.58000 -157.58000 57 70 996
PAPO 68.34400 -166.80500 12 10 1215
PAPR 66.81900 -150.63600 1099 180 1525
PAQH 59.75500 -161.88500 10 40 793
PAQT 70.20800 -151.02200 38 40 1325
PARC 68.11100 -145.58600 2084 20 1373
PARL 65.57400 -144.79200 932 70 824
PARS 61.78000 -161.31800 51 170 1095
PARY 64.72400 -155.48000 653 30 1215
PASA 63.68300 -170.50800 53 50 1337
PASC 70.19200 -148.49100 64 40 1983
PASD 55.32000 -160.52800 21 130 1216
PASH 66.24700 -166.10500 12 50 1518
PASI 57.05300 -135.37300 21 110 1976
PASK 66.59700 -159.99200 13 30 912
PASL 61.71300 -157.15900 178 140 946
PASM 62.07100 -163.30000 311 60 1832
PASN 57.17600 -170.21800 63 180 1977
PASO 59.44500 -151.70400 29 160 562
PASP 61.81100 -147.51300 2750 40 692
PAST 63.32900 -149.13700 2409 30 1171
PASV 61.10300 -155.57400 1583 160 1247
PASW 61.96700 -151.20000 148 90 1037
PASX 60.47500 -151.05200 113 70 1518
PASY 52.71600 174.09200 98 100 3040
PATA 65.17400 -152.12400 227 70 1332
PATC 65.57000 -167.92400 271 160 1430
PATE 65.24000 -166.34900 294 70 915
PATG 59.04900 -160.40500 21 30 1285
PATK 62.32500 -150.08900 358 180 1068
PATL 62.90000 -155.97700 964 160 1174
PATQ 70.46600 -157.45300 96 60 1333
PATU 52.82300 173.17300 39 20 1768
PATW 63.39000 -148.96100 2190 40 634
PAUK 62.68300 -164.65800 10 180 671
PAUM 69.37000 -152.15800 266 50 1768
PAUN 63.89800 -160.80600 68 150 1825
PAUO 61.76000 -150.05700 221 130 1363
PAVA 61.53700 -165.58700 75 140 815
PAVC 55.11600 -162.27400 155 70 1021
PAVD 61.13300 -146.26700 118 60 1976
PAVE 67.02000 -146.42600 550 30 1251
PAVL 67.73900 -164.57100 13 120 915
PAWB 66.36000 -147.41400 365 40 1205
PAWD 60.13700 -149.42700 22 120 1288
PAWG 56.48900 -132.38200 44 100 1823
PAWI 70.63600 -160.01200 41 50 1364
PAWM 64.69300 -163.41500 261 150 915
PAWN 67.56700 -162.96900 88 180 1218
PAWR 60.77600 -148.72500 30 30 451
PAWS 61.56900 -149.54900 354 30 1124
PAWT 70.61200 -159.87200 35 30 911
PAXK 63.02800 -145.50400 2653 130 854
PAYA 59.51100 -139.66500 33 20 2354
PCIS -2.76600 -171.71900 9 90 1944
PCXF 67.24800 -150.21100 1042 10 1215
PFAK 60.90000 -161.23700 30 30 971
PFAL 66.55000 -152.63500 436 50 1214
PFCB 60.08100 -147.99300 72 150 915
PFCL 58.84300 -158.55200 10 80 793
PFEL 64.61000 -162.27500 200 10 915
PFKA 60.87500 -162.52400 40 170 595
PFKK 59.43500 -154.80900 150 100 885
PFKO 63.02500 -163.54000 15 20 1349
PFKT 65.33300 -166.48200 3 40 908
PFKU 64.87700 -157.72500 115 60 915
PFKW 60.80400 -161.45000 28 60 534
PFNO 66.81600 -161.03600 55 60 1231
PFSH 64.37600 -161.22900 24 140 1221
PFTO 63.33000 -142.96100 1640 70 762
PFWS 58.70600 -157.01200 130 120 671
PFYU 66.56800 -145.26800 433 30 1764
PGRO 14.17500 145.23400 607 90 1827
PGSN 15.11400 145.71800 215 70 2650
PGSZ 65.40700 -161.28100 1313 170 1177
PGUA 13.57500 144.91600 627 60 3416
PGUM 13.47900 144.78400 298 60 3052
PGWT 14.99700 145.60700 271 80 2617
PHBK 22.03100 -159.78700 23 160 1830
PHDH 21.58000 -158.21100 14 80 2743
PHFS 23.86300 -166.28900 6 60 913
PHHI 21.47900 -158.04500 835 60 1689
PHHN 20.79600 -156.02000 78 80 1098
PHJH 20.95900 -156.67500 254 20 929
PHJR 21.29900 -158.08000 20 40 2588
PHKO 19.75500 -156.04400 45 170 3492
PHLI 21.98200 -159.33600 153 30 1989
PHLU 21.20900 -156.97700 23 50 828
PHMK 21.15000 -157.10100 454 50 1372
PHMU 19.99700 -155.67400 2669 40 1586
PHNG 21.44400 -157.77700 22 40 2372
PHNL 21.32500 -157.94300 13 40 3743
PHNY 20.78100 -156.95700 1308 30 1528
PHOG 20.88900 -156.43600 54 20 2137
PHSF 19.76100 -155.55900 6189 90 1127
PHTO 19.72100 -155.05800 38 30 2989
PHUP 20.26400 -155.86500 96 70 1159
PJON 16.73800 -169.52200 7 50 2745
PKMA 11.33600 162.31800 13 60 2327
PKMJ 7.06200 171.26100 6 70 2407
PKRO 9.39300 167.46600 9 40 1374
PKWA 8.71700 167.72300 9 60 2031
PLCH 1.98600 -157.35900 5 80 2102
PLFA 3.90000 -159.39100 20 110 618
PLPA 5.87800 -162.07400 5 60 1830
PM64 28.38700 -178.30300 12 60 1174
PMDY 28.19700 -177.39300 13 60 2406
PN01 40.59100 -79.90600 1180 180 549
PN02 40.98500 -79.56900 865 90 412
PN04 40.54700 -78.69800 2080 90 549
PN06 41.90400 -80.10700 1490 90 763
PN08 40.73600 -79.16100 1373 150 397
PN10 41.86800 -76.51100 1250 180 610
PN11 40.88900 -80.49000 1160 90 641
PN12 41.28000 -78.14600 1200 80 442
PN13 41.28700 -79.17000 1700 90 610
PN14 40.78300 -80.02000 1243 90 549
PN16 40.75800 -80.01800 1250 90 763
PN18 42.02600 -80.24700 805 80 561
PN25 40.73600 -79.69200 1080 100 534
PN31 41.24100 -80.11000 1378 140 836
PN33 41.55200 -75.28300 1420 50 336
PN34 41.97600 -77.71200 2245 50 549
PN35 39.99800 -78.08500 960 50 488
PN36 40.73300 -79.07000 1420 90 488
PN37 40.60400 -80.45600 1150 140 458
PN43 40.69800 -80.43300 1275 180 397
PN47 40.18200 -79.06700 1975 30 427
PN49 40.77200 -79.43100 1500 90 427
PN53 40.55300 -78.62500 1962 50 473
PN55 39.85900 -79.82600 1270 100 427
PN56 40.88200 -78.73900 1540 10 763
PN57 40.81100 -79.04200 1500 80 763
PN58 41.01000 -79.25500 1357 40 732
PN62 40.37600 -80.30200 1200 120 397
PN66 40.42400 -79.36600 1220 50 610
PN68 40.89900 -80.36800 930 180 366
PN72 41.31100 -80.51600 1035 90 458
PN73 40.22900 -77.92400 630 80 610
PN83 40.80400 -79.20500 1380 120 397
PN84 40.98600 -80.16200 1240 180 427
PN85 40.87700 -80.03500 1290 130 427
PN86 41.11500 -80.41600 1050 180 366
PN90 41.75100 -78.10300 1575 140 763
PN91 41.83300 -77.50300 2360 100 549
PN95 40.10000 -80.03500 1040 90 397
PN98 40.27700 -79.77000 1160 70 397
PN99 41.20300 -80.35900 1300 20 572
PPCT 62.99200 -156.07300 825 60 523
PPIZ 69.73000 -163.02800 25 50 1373
PPKA 60.69900 -161.78300 24 20 912
PR05 18.45200 -67.06900 450 90 549
PR07 18.20200 -65.84100 373 120 366
PR10 18.00900 -67.14500 3 60 912
PR18 18.11500 -65.42900 45 90 1525
PR27 17.96300 -66.39700 27 100 1199
PS00 40.40500 -76.94400 480 80 641
PS02 40.16400 -77.37500 560 90 686
PS03 40.40700 -75.23200 370 50 839
PS05 41.87500 -80.38000 985 90 824
PS06 40.73300 -77.26800 710 70 397
PS08 40.02000 -76.82000 450 50 793
PS11 40.64300 -77.55700 600 50 549
PS12 40.91600 -75.87000 1223 80 720
PS15 40.54700 -78.39400 1380 80 366
PS18 41.90400 -78.63100 1500 100 549
PS20 40.53600 -76.46400 600 160 610
PS21 40.64500 -76.81500 660 80 564
PS23 40.08300 -78.54900 1622 50 488
PS25 39.84000 -77.16800 641 40 968
PS27 39.73300 -79.37700 1890 140 458
PS32 41.47400 -78.19200 1660 30 406
PS35 40.45800 -76.46200 550 90 732
PS38 40.28500 -75.75200 240 80 691
PS39 40.62800 -78.96100 1600 140 366
PS43 41.06800 -80.26000 1280 90 686
PS45 40.87500 -77.41900 1160 90 427
PS46 40.36400 -75.18300 642 140 523
PS47 40.42800 -78.74500 2245 100 549
PS49 39.85700 -78.99000 2350 30 790
PS50 41.77100 -75.72400 1600 180 666
PS52 40.19400 -78.83700 2070 80 793
PS53 40.63700 -78.58400 1605 60 534
PS54 40.33100 -75.28400 530 140 549
PS61 41.68900 -79.36800 1100 60 500
PS64 41.82500 -80.08100 1200 90 366
PS66 41.21200 -79.36400 1480 110 610
PS67 40.10600 -80.43400 1360 100 569
PS68 40.33100 -75.03100 250 40 257
PS69 40.72600 -78.54500 1640 90 885
PS70 40.60400 -76.28600 770 70 671
PS73 41.06100 -77.43700 860 60 763
PS77 40.56500 -78.36000 1100 40 1164
PS82 41.29400 -75.59800 1650 20 451
PS87 40.10600 -80.03700 1140 90 503
PS98 40.88300 -79.19600 1320 90 458
PS99 40.74700 -75.93700 1200 90 610
PTKK 7.45600 151.83700 11 40 1834
PTPN 6.98500 158.20100 10 90 1835
PTRO 7.36800 134.53400 176 90 2196
PTSA 5.35200 162.95200 11 50 1752
PTYA 9.49600 138.07500 91 70 1828
PWAK 19.28500 166.62300 14 100 2991
QSAL 40.77200 -113.90900 4206 90 2697
RCAY 22.79300 120.26200 34 180 2454
RCBS 24.42200 118.34600 93 60 3000
RCDC 22.67200 120.45000 78 90 2388
RCDI 24.85100 121.23500 790 40 1001
RCFG 26.15300 119.95500 232 30 1582
RCFN 22.74600 121.09400 143 40 2443
RCGI 22.67800 121.46500 28 170 1041
RCKH 22.57800 120.33500 31 90 3144
RCKU 23.47700 120.39000 85 180 3052
RCKW 22.04700 120.72500 46 140 1700
RCLY 22.03200 121.52900 44 130 1253
RCMQ 24.28100 120.62000 663 180 3675
RCMT 26.22000 120.00000 41 30 1161
RCNN 22.96400 120.20700 63 180 3071
RCPO 24.80600 120.92700 26 50 3648
RCQC 23.55600 119.62400 103 20 3000
RCQS 22.78100 121.17300 128 40 3321
RCSQ 22.69800 120.47100 97 80 2439
RCSS 25.07000 121.54000 18 100 2610
RCTP 25.07300 121.21600 106 50 3668
RCWA 23.36500 119.50200 115 20 932
RCYU 24.01300 121.61100 52 30 2743
RI07 41.57700 -71.14100 113 180 366
RI11 41.69600 -71.78700 390 90 488
RI20 41.74000 -71.52500 310 170 214
RJ04 42.04300 140.78800 63 70 1013
RJA1 36.02000 140.26700 305 90 600
RJA2 35.85500 140.24100 65 70 600
RJA3 35.90400 140.24900 8 80 800
RJAA 35.77400 140.36800 141 160 4004
RJAF 36.17600 137.92100 2182 180 2004
RJAH 36.17000 140.41000 105 30 2709
RJAK 36.03000 140.19400 85 60 550
RJAM 24.28500 153.97400 22 50 1388
RJAN 34.37000 139.26400 94 110 800
RJAW 24.78000 141.31100 384 70 2644
RJAZ 34.18700 139.13200 454 110 800
RJBB 34.42900 135.20600 26 60 3998
RJBD 33.66900 135.35800 298 150 2002
RJBE 34.63200 135.21000 22 90 2495
RJBH 34.36000 132.40900 15 40 1803
RJBK 34.59000 133.92600 3 90 1316
RJBT 35.50700 134.78700 584 10 1203
RJCB 42.74400 143.21200 505 170 2501
RJCC 42.76200 141.69300 82 10 3004
RJCH 41.77400 140.80500 151 120 2990
RJCJ 42.81100 141.66600 87 180 4004
RJCK 43.05100 144.18700 327 170 2501
RJCM 43.89200 144.16300 135 180 2502
RJCN 43.57500 144.94800 234 80 1995
RJCO 43.12100 141.37400 25 140 1388
RJCR 45.45500 141.03900 90 140 800
RJCT 42.89400 143.15100 281 130 1501
RJCW 45.40100 141.78900 30 80 1995
RJDA 32.48500 130.15400 340 130 1000
RJDB 33.74300 129.78500 41 20 1327
RJDC 33.92500 131.26700 23 70 2497
RJDK 33.01400 129.19400 263 170 800
RJDM 33.31900 130.41400 53 40 662
RJDO 33.19100 129.09400 25 30 800
RJDT 34.29100 129.32300 213 140 1901
RJEB 44.31000 143.39500 80 140 1997
RJEC 43.68100 142.44100 721 160 2500
RJEO 42.07500 139.42500 161 130 1498
RJER 45.23800 141.17800 112 70 1797
RJFA 33.88600 130.64600 98 120 1641
RJFC 30.39000 130.65400 124 140 1494
RJFE 32.65800 128.82800 273 30 2003
RJFF 33.59700 130.44300 32 160 2809
RJFG 30.61000 130.98300 768 130 2000
RJFK 31.81500 130.71100 906 160 3005
RJFM 31.87600 131.43500 20 90 2495
RJFN 32.08600 131.43800 259 100 2700
RJFO 33.46600 131.73700 19 10 3007
RJFR 33.85800 131.03200 21 180 2628
RJFS 33.15100 130.29200 5 110 1996
RJFT 32.83200 130.84100 642 70 2996
RJFU 32.92700 129.90300 15 140 3002
RJFY 31.36500 130.82700 214 80 2251
RJFZ 33.68200 131.02900 55 70 2394
RJGG 34.87400 136.80200 15 180 3508
RJKA 28.42300 129.70800 27 30 2004
RJKB 27.42600 128.70100 101 40 1209
RJKI 28.31800 129.92100 21 70 1320
RJKN 27.82700 128.88000 17 10 2007
RJNA 35.26600 136.91700 52 160 2744
RJNF 36.14900 136.22300 19 180 1322
RJNG 35.39500 136.85500 128 100 2684
RJNH 34.75000 137.68900 150 90 2543
RJNK 36.38800 136.39400 36 60 2703
RJNO 36.17500 133.31300 311 80 1988
RJNT 36.64000 137.18500 95 20 2004
RJNW 37.29000 136.95200 718 70 1998
RJNY 34.81200 138.29000 23 90 1497
RJOA 34.43600 132.90300 1088 100 2993
RJOB 34.75000 133.84100 806 70 2997
RJOC 35.40900 132.88100 15 70 1998
RJOE 34.52800 136.67400 20 40 500
RJOF 34.03800 131.53700 7 10 1481
RJOH 35.48700 133.22600 20 70 1998
RJOI 34.13300 132.23400 7 20 2444
RJOK 33.55300 133.65900 42 140 2500
RJOM 33.83500 132.68900 25 140 2500
RJOO 34.79100 135.42900 50 140 3000
RJOR 35.53100 134.15400 65 100 1996
RJOS 34.13500 134.59600 26 110 1982
RJOT 34.21100 134.00300 607 80 2495
RJOW 34.67900 131.78000 184 110 1996
RJOY 34.59600 135.58900 39 90 1487
RJOZ 34.05500 131.04800 13 120 1194
RJSA 40.72500 140.67500 664 60 2998
RJSC 38.40300 140.37000 353 10 2003
RJSD 38.06100 138.40800 88 100 1031
RJSF 37.21600 140.42700 1220 10 2505
RJSH 40.54800 141.45500 152 60 2235
RJSI 39.41800 141.13300 297 20 2504
RJSK 39.61700 140.20400 313 100 2494
RJSM 40.70400 141.35000 119 100 3044
RJSN 37.95700 139.09600 29 40 2494
RJSO 41.22800 141.13400 24 40 600
RJSR 40.19300 140.36000 292 110 1995
RJSS 38.13900 140.89900 15 90 2993
RJST 38.39500 141.19800 7 70 2707
RJSU 38.23500 140.92300 23 140 708
RJSY 38.81100 139.77600 86 90 1995
RJT1 35.97400 139.52600 39 140 600
RJT2 35.00900 138.53500 9 150 500
RJT3 36.22600 139.48400 65 80 600
RJTA 35.44400 139.45000 205 10 2442
RJTC 35.70500 139.40300 313 10 1201
RJTE 34.98700 139.82700 10 90 302
RJTF 35.66800 139.52900 135 170 800
RJTH 33.11200 139.77600 303 80 1997
RJTJ 35.85000 139.40700 295 170 1993
RJTK 35.39000 139.90700 10 20 1831
RJTL 35.78900 140.01200 98 10 2255
RJTO 34.77400 139.35700 125 30 1832
RJTQ 34.06600 139.55800 67 20 1331
RJTR 35.51100 139.39300 360 20 584
RJTT 35.52400 139.80300 20 40 3043
RJTU 36.50700 139.87000 334 10 1703
RJTY 35.76300 139.34500 463 180 3360
RJX2 43.87600 142.61500 1024 170 880
RJX4 31.25900 130.35900 171 180 799
RJX7 30.78400 130.27200 338 180 600
RJX8 29.60500 129.70100 351 140 700
RJX9 43.47500 144.43700 360 70 550
RK13 38.09200 127.98600 655 170 1095
RK14 38.03000 127.36600 464 180 716
RK15 38.15000 127.31000 510 30 1208
RK16 38.07400 127.52000 855 30 386
RK17 38.13600 128.00600 656 40 548
RK18 38.08200 127.27100 340 170 751
RK19 38.14000 127.74100 600 170 580
RK20 36.11400 127.10100 66 140 590
RK21 38.38100 128.45400 23 60 702
RK22 38.11700 127.68500 460 10 546
RK24 36.18000 127.83100 546 80 371
RK25 37.71500 126.55700 45 100 390
RK27 37.89700 126.96900 381 140 518
RK28 37.90900 127.00500 317 90 517
RK29 37.64600 127.14800 80 170 504
RK31 37.92900 127.75300 270 80 569
RK32 37.95300 128.31400 951 30 835
RK33 37.34200 128.38400 933 80 322
RK34 37.64600 128.57100 1778 20 378
RK35 38.01800 126.97500 138 50 352
RK36 38.17500 127.10300 262 30 385
RK37 38.02500 127.10500 220 120 457
RK38 38.03200 127.14100 228 180 587
RK39 38.20100 127.22100 630 160 548
RK40 38.24800 127.37500 630 70 560
RK41 38.21700 127.65300 750 140 553
RK42 38.05100 127.79600 590 80 386
RK43 38.10400 128.19900 688 50 518
RK44 38.23900 128.20500 950 40 741
RK48 37.70200 127.90100 450 70 701
RK49 36.75500 126.32800 91 70 406
RK50 36.58200 126.65900 197 30 468
RK52 37.28200 127.22600 243 20 580
RK60 35.30800 126.49400 67 150 532
RK6D 35.34500 127.01600 173 90 378
RK6O 37.16300 128.21200 925 100 1127
RK82 38.11700 128.03800 721 40 396
RKD1 35.25700 128.62400 110 40 381
RKJJ 35.11600 126.80000 39 40 2839
RKJK 35.91600 126.61300 29 180 2749
RKJM 34.75400 126.37300 23 60 1591
RKJU 35.87600 127.11200 96 70 1506
RKJY 34.85100 127.61300 53 170 2099
RKND 38.13700 128.59300 92 50 1550
RKNN 37.74900 128.92900 35 80 2735
RKNW 37.42700 127.95400 329 30 2734
RKNY 38.07000 128.66000 241 150 2500
RKPC 33.50000 126.46900 118 60 2995
RKPD 33.38300 126.71200 1171 10 2319
RKPE 35.14600 128.69500 8 180 1100
RKPK 35.19400 128.93500 6 180 3207
RKPS 35.08200 128.05700 25 60 2754
RKPU 35.60200 129.35100 45 180 2004
RKRA 37.83600 126.98900 287 180 1196
RKRB 37.47700 126.74600 92 170 448
RKRG 37.50300 127.62800 230 150 484
RKRK 37.81400 127.35600 400 160 463
RKRN 37.19700 127.46600 255 100 1615
RKRO 37.86200 127.17100 328 40 1097
RKRP 37.76500 126.79200 65 160 493
RKSG 36.97000 127.02100 51 140 2504
RKSI 37.48200 126.43600 23 150 3752
RKSM 37.43200 127.11100 92 10 2948
RKSO 37.08900 127.01400 40 90 2738
RKSS 37.57000 126.77800 58 140 3599
RKSW 37.25000 126.99800 88 150 2745
RKTE 36.57300 127.49700 258 160 1221
RKTH 35.98800 129.40900 70 100 2126
RKTI 37.04300 127.88300 281 180 2847
RKTN 35.90100 128.64600 116 130 2747
RKTP 36.69400 126.47900 39 30 2736
RKTU 36.71000 127.48700 191 60 2729
RKTY 36.63200 128.34000 354 100 2734
RKUC 36.57400 127.29200 82 140 945
RKUL 36.27100 127.10700 104 110 1199
ROAH 26.20900 127.64500 12 180 3011
RODE 26.72100 127.75900 184 40 1685
RODN 26.34600 127.75100 143 50 3690
ROIG 24.34000 124.18200 93 40 1502
ROKJ 26.35500 126.71000 23 30 2006
ROKR 26.16800 127.29600 156 20 800
ROMD 25.84000 131.26100 167 20 1501
ROMY 24.77600 125.28900 150 40 2004
RORA 26.59200 127.24300 38 10 800
RORE 26.71700 127.77300 246 40 1514
RORH 24.05800 123.80600 43 20 800
RORK 25.93800 131.32000 80 30 1503
RORS 24.84000 125.14100 0 170 3010
RORT 24.66100 124.67400 36 180 1496
RORY 27.04800 128.39700 52 140 1319
ROTM 26.26700 127.74500 247 60 2800
ROYN 24.46500 122.97100 70 80 1498
RP10 7.36900 113.83900 10 60 1062
RP12 13.90000 121.73900 13 80 998
RP13 9.80600 125.58800 10 60 1296
RP14 16.83000 121.49500 384 90 1197
RP15 10.90800 124.43400 16 40 1207
RP16 6.65700 121.97500 1011 120 1064
RP17 6.40800 125.61900 16 170 1205
RPLA 12.98000 121.42500 92 10 1213
RPLB 14.79000 120.26000 64 70 2744
RPLC 15.17100 120.55200 484 20 3220
RPLI 18.16400 120.53000 25 10 2793
RPLL 14.49800 121.00000 75 60 3592
RPLP 13.15200 123.72100 66 60 2279
RPLS 14.49100 120.89400 8 70 2371
RPLU 13.85300 120.10000 43 70 1258
RPLV 15.43000 121.08600 200 50 1557
RPMA 6.37200 124.74900 659 160 1340
RPMB 6.09900 125.23300 28 10 1717
RPMC 7.16700 124.20100 189 100 1910
RPMD 7.11700 125.63500 96 50 3005
RPME 8.95500 125.47000 141 120 1957
RPMF 8.19300 126.31700 12 50 1203
RPMG 8.59300 123.33200 12 20 1925
RPMH 9.25200 124.70200 53 70 1202
RPMI 8.12500 124.21300 1300 20 1402
RPMJ 6.05400 121.00500 118 90 1262
RPML 8.40500 124.60900 601 10 2467
RPMN 5.04000 119.74100 15 20 1554
RPMO 8.17200 123.83700 75 30 1750
RPMP 7.82000 123.45600 5 20 1724
RPMQ 6.95500 126.26800 156 140 1629
RPMR 6.07300 125.09400 505 170 3245
RPMS 9.76500 125.47800 20 180 1717
RPMW 9.06600 126.16900 16 30 1458
RPMZ 6.92300 122.04800 33 90 2606
RPNS 9.85300 126.01300 10 10 1268
RPSM 10.19200 124.78100 328 160 1116
RPUB 16.37500 120.61100 4251 90 1799
RPUD 14.12700 122.97600 10 60 1137
RPUF 14.97600 120.48700 151 30 2554
RPUG 16.03400 120.23600 7 80 1042
RPUH 12.36400 121.03800 14 100 1834
RPUL 13.94900 121.12100 1220 30 1518
RPUM 13.21400 120.60400 13 160 1305
RPUN 13.58000 123.26600 142 40 1398
RPUO 20.44800 121.97500 291 60 1165
RPUQ 17.55000 120.35400 16 20 1190
RPUR 15.72600 121.49600 108 50 1155
RPUS 16.59000 120.30300 13 10 1207
RPUT 17.65300 121.73300 70 170 1976
RPUV 13.57300 124.19900 121 60 1557
RPUW 13.36700 121.82300 32 160 1465
RPUY 16.93400 121.74700 200 120 2061
RPUZ 16.61900 121.24700 820 90 1198
RPVA 11.23700 125.02800 10 180 2149
RPVB 10.63600 122.92400 25 40 1961
RPVC 12.07900 124.54300 12 170 1483
RPVD 9.33400 123.29200 15 90 1868
RPVE 11.92300 121.95000 7 60 949
RPVF 12.49800 124.63100 6 40 1353
RPVG 11.03200 125.73300 7 70 2093
RPVI 10.70400 122.54100 27 20 2109
RPVJ 12.36500 123.62600 26 30 1209
RPVK 11.67300 122.36900 14 50 2191
RPVM 10.29700 123.96900 31 40 3317
RPVO 11.06600 124.56600 83 180 1868
RPVP 9.74300 118.74700 71 90 2598
RPVR 11.60500 122.74700 10 140 1901
RPVS 10.77100 121.93300 23 180 1209
RPVT 9.67200 123.85200 38 170 1776
RPVU 12.30500 122.08200 10 30 1394
RPVV 12.12100 120.09500 148 80 997
RPVW 11.66900 125.47700 7 20 1205
SA01 -25.11100 -66.16000 7940 30 1522
SA02 -26.04800 -65.94300 5375 150 2206
SA03 -28.62400 -61.60400 246 10 901
SA04 -34.17700 -58.24900 7 170 1265
SA05 -32.65200 -62.70200 429 180 1671
SA06 -35.84100 -60.15400 177 30 1500
SA07 -37.19400 -69.61500 2853 100 1001
SA08 -34.67300 -59.03900 91 160 1882
SA09 -35.35900 -57.29800 52 50 2127
SA10 -26.28900 -59.53700 262 160 1506
SA11 -27.07600 -66.59500 7622 60 1918
SA12 -36.05400 -63.63100 327 170 955
SA13 -37.56400 -58.67200 456 50 1403
SA14 -38.38500 -58.14000 42 140 1301
SA15 -34.74200 -58.20700 9 150 1171
SA16 -32.96600 -68.87900 2953 40 1180
SA17 -33.16500 -64.34000 1424 10 933
SA18 -38.08100 -70.65300 3627 90 1599
SA19 -33.35000 -63.73300 688 60 657
SA1A -37.36800 -58.97000 633 70 780
SA1B -37.26500 -59.09700 583 60 997
SA1D -32.75400 -65.28400 2463 10 893
SA1E -32.56900 -60.82200 88 170 1191
SA1F -38.09200 -62.25200 934 140 686
SA1G -29.22600 -61.78800 226 180 1047
SA1H -36.01600 -62.69800 324 90 932
SA1I -35.99900 -62.70800 311 50 587
SA1J -35.97500 -62.77400 301 20 1171
SA1K -38.35100 -60.27700 350 10 743
SA1L -35.74900 -58.46300 59 170 751
SA1M -43.08800 -71.47800 1302 40 716
SA1N -26.79500 -65.32100 1902 110 677
SA1O -32.70200 -58.90200 216 30 715
SA1P -40.68200 -66.18100 629 90 718
SA1Q -34.46600 -61.50500 291 90 1002
SA1R -35.45000 -60.09000 164 20 877
SA1S -33.69700 -62.06400 367 30 709
SA1T -33.78100 -61.98000 360 50 541
SA1U -29.47300 -60.22700 109 30 1159
SA1V -35.40400 -57.36900 55 20 1026
SA1W -32.56500 -60.20500 75 100 761
SA1X -36.24100 -65.45100 1020 10 892
SA1Y -33.93600 -64.37000 745 180 877
SA1Z -33.98000 -61.53700 337 140 1023
SA20 -38.41300 -68.74300 1329 90 944
SA21 -37.81300 -67.66500 1138 40 1252
SA22 -22.28100 -62.71400 918 180 1104
SA23 -27.90900 -55.77200 581 60 1779
SA24 -23.78500 -64.76000 1449 80 2027
SA25 -46.53900 -67.56400 295 60 1355
SA26 -28.52100 -59.03800 180 170 1140
SA27 -38.95900 -67.80600 951 80 587
SA28 -28.85400 -62.26400 246 20 1180
SA29 -39.28500 -65.62200 643 90 2109
SA2A -33.26800 -60.28700 82 40 905
SA2B -31.57500 -63.53900 830 180 1196
SA2C -31.96100 -64.56600 2755 160 725
SA2D -32.39300 -63.26100 672 30 1056
SA2E -34.00500 -65.37300 1430 60 1352
SA2F -33.29700 -61.83600 255 140 560
SA2G -28.47800 -59.33300 160 180 1276
SA2H -32.17800 -64.47100 2184 140 1173
SA2I -31.79600 -59.03400 200 180 748
SA2J -31.69600 -59.40100 180 170 793
SA2K -29.36400 -56.79900 173 40 662
SA2L -34.12300 -59.08300 85 10 1190
SA2M -38.35400 -58.11500 52 100 1098
SA2N -38.72400 -63.28900 219 160 779
SA2O -37.91900 -58.34600 393 30 990
SA2P -37.56300 -58.67100 455 50 1234
SA2Q -37.73500 -58.03800 393 90 709
SA2R -33.81300 -59.50000 29 180 748
SA2S -33.86200 -59.47200 85 50 719
SA2T -32.35200 -58.88700 196 60 813
SA2U -34.29600 -58.80000 13 150 574
SA2V -27.38600 -57.64500 219 20 787
SA2W -33.44300 -61.31000 318 60 657
SA2X -35.14900 -60.48300 196 20 815
SA2Y -35.32800 -60.58200 196 140 786
SA2Z -35.19500 -58.36400 49 80 615
SA30 -37.91200 -67.83900 1026 60 1444
SA31 -33.38600 -60.19500 98 90 1080
SA32 -33.68600 -61.95900 367 30 1001
SA33 -49.99500 -68.96100 78 80 1203
SA34 -43.23600 -65.33600 128 10 1993
SA35 -27.63000 -66.34900 2952 70 1506
SA36 -35.60000 -59.81700 147 140 1202
SA37 -31.65700 -64.39500 1814 20 1144
SA38 -38.53700 -70.34600 2789 100 1596
SA39 -24.23500 -65.27500 4049 110 1234
SA3A -30.93300 -62.05200 328 20 785
SA3C -38.49800 -61.88700 521 110 525
SA3D -32.81300 -61.36600 268 10 1091
SA3E -32.10300 -61.58500 219 10 834
SA3F -32.11800 -61.63400 239 20 735
SA3G -33.56600 -62.87000 387 10 833
SA3H -35.10800 -58.72600 98 180 708
SA3I -34.16700 -59.73200 160 20 924
SA3J -34.03500 -59.69800 147 140 1302
SA3K -34.15200 -59.87700 170 130 882
SA3L -32.89000 -61.12700 291 110 622
SA3M -37.19400 -62.78500 360 90 797
SA3N -35.62800 -61.38500 275 170 1091
SA3O -31.45800 -64.52900 2394 50 731
SA3P -35.42900 -62.47100 308 30 859
SA3Q -34.42100 -59.87700 160 40 722
SA3R -40.78400 -62.98500 131 40 1538
SA3S -33.07900 -61.20300 252 150 925
SA3T -34.60700 -60.41300 226 10 992
SA3U -37.34400 -65.64700 951 10 892
SA3V -30.75000 -58.00000 173 180 748
SA3W -30.54600 -58.29600 236 20 834
SA3X -33.33000 -62.03400 367 170 645
SA3Y -27.21600 -61.21300 318 90 1196
SA3Z -27.31000 -61.21300 301 40 505
SA40 -31.59600 -68.54600 2080 180 1603
SA41 -31.64600 -64.36900 1771 180 897
SA42 -26.66600 -66.02300 5905 180 1719
SA43 -33.05100 -60.59800 85 10 1042
SA44 -27.71000 -67.10300 3937 70 1647
SA45 -28.62400 -65.11900 1082 130 1798
SA46 -35.97800 -59.91000 164 90 622
SA47 -63.47900 -56.24200 15 80 1068
SA48 -31.28700 -61.50300 361 10 1126
SA49 -34.84300 -62.48200 360 180 698
SA4A -35.54600 -58.05500 32 40 1108
SA4B -34.96600 -60.03400 173 30 955
SA4C -42.48900 -71.46200 1883 20 873
SA4D -38.89400 -67.99300 885 80 783
SA4E -33.92800 -61.03500 295 170 1091
SA4F -32.25700 -58.15600 65 180 757
SA4G -31.28600 -62.38800 331 60 1157
SA4H -38.01500 -57.68100 203 40 930
SA4I -45.90500 -67.56200 170 70 581
SA4J -27.33600 -65.61800 1200 20 689
SA4K -32.43800 -58.30200 121 20 1176
SA4L -31.30700 -58.01600 131 20 775
SA4M -43.72100 -71.24900 2427 100 632
SA4N -31.40600 -64.30100 1672 10 1429
SA4O -33.32600 -60.67000 157 60 877
SA4P -35.18500 -58.28600 52 40 722
SA4Q -38.74600 -61.25700 393 10 1040
SA4R -33.61800 -64.61500 1170 60 569
SA4S -38.00600 -61.33600 810 100 997
SA4T -37.46700 -57.77300 85 100 1234
SA4U -33.28600 -62.15200 393 10 996
SA4V -31.28800 -64.45700 2296 30 626
SA4W -33.01100 -61.83800 318 10 793
SA4X -29.78100 -58.10400 262 70 1410
SA4Y -29.60400 -58.03200 268 70 795
SA4Z -27.59100 -60.68700 246 130 1202
SA50 -34.80700 -62.52300 357 180 1196
SA51 -34.78000 -62.45100 360 170 595
SA52 -35.49800 -62.99000 347 180 797
SA53 -34.08600 -60.03400 141 20 538
SA54 -34.05600 -60.13900 121 40 739
SA55 -34.21900 -61.38900 268 140 697
SA56 -31.42200 -63.16800 485 10 1132
SA57 -29.09900 -59.67000 147 110 798
SA58 -36.83300 -58.47400 221 10 872
SA59 -39.07900 -67.09900 934 80 2196
SA5A -32.49400 -62.67300 423 20 911
SA5B -31.24800 -64.03800 1335 220 940
SA5C -33.30600 -60.65600 170 260 402
SA5D -26.58700 -64.53100 1043 20 886
SA5E -31.39500 -61.14400 164 20 588
SA5F -38.00800 -59.35000 449 10 941
SA5G -31.86400 -62.84600 475 110 476
SA5H -32.93200 -62.43500 354 20 881
SA5I -25.28100 -58.93800 321 10 895
SA5J -35.14100 -61.99500 336 230 595
SA5K -34.31900 -62.02200 347 240 678
SA5L -30.28100 -63.85800 1387 10 745
SA5M -33.17600 -61.20200 259 250 492
SA5N -30.85500 -58.71100 229 60 997
SA5O -33.46500 -61.48500 344 150 192
SA5P -33.43100 -61.51400 344 60 657
SA5Q -34.82900 -58.32100 52 60 1019
SA5R -26.29600 -58.29800 229 180 1096
SA5S -32.88500 -61.01000 114 180 718
SA5T -32.04100 -61.17900 173 10 1270
SA5U -27.50300 -61.65900 377 10 1093
SA5V -27.48200 -61.65300 318 100 953
SA5W -28.04000 -56.07200 403 40 1368
SA5X -28.10100 -56.05300 410 80 662
SA5Y -37.40400 -64.61600 908 40 826
SA5Z -34.96300 -67.70000 1528 180 797
SA60 -33.00100 -61.78100 229 230 815
SA69 -37.75400 -62.40200 1040 20 975
SA6A -32.73900 -63.79600 898 180 1375
SA6B -37.23100 -61.28000 560 10 991
SA6C -34.91900 -58.91900 114 120 493
SA6D -34.00600 -63.93200 176 40 530
SA6E -37.04200 -57.13700 22 10 1020
SA6F -35.67100 -63.75100 455 180 648
SA6G -35.61400 -63.58200 446 150 629
SA6H -27.33500 -61.27500 298 170 1033
SA6I -34.79100 -61.91500 318 10 1189
SA6J -34.80100 -61.86800 328 100 577
SA6K -34.58200 -59.00200 98 110 270
SA6L -37.94600 -63.61700 528 180 747
SA6M -34.98500 -61.03700 236 50 1051
SA6N -35.00300 -63.00300 383 30 877
SA6O -33.66900 -59.83600 91 40 745
SA6P -30.30300 -60.37200 170 110 658
SA6Q -35.09600 -58.08900 62 90 612
SA6R -38.03000 -60.13800 636 130 1195
SA6S -29.17100 -59.25200 124 20 1179
SA6T -29.16300 -59.18200 209 20 619
SA6U -33.03800 -59.44600 52 100 589
SA6V -33.09900 -59.42100 49 90 670
SA6W -32.98800 -58.52300 23 10 496
SA6X -32.94500 -58.56600 65 10 841
SA6Y -37.67900 -63.55100 574 180 896
SA6Z -36.31700 -61.75000 492 50 845
SA71 -38.21900 -61.75300 747 40 823
SA72 -38.26300 -61.83300 895 180 787
SA73 -36.74800 -62.95400 475 120 708
SA74 -24.74200 -65.42200 4136 40 1200
SA75 -34.28600 -60.25100 193 10 679
SA76 -34.36400 -60.13500 196 140 511
SA77 -34.46500 -59.42700 167 160 1173
SA79 -34.21000 -59.39000 91 60 1045
SA7A -37.02800 -61.93400 518 180 1096
SA7B -34.82000 -64.36800 590 10 893
SA7C -34.23400 -60.58300 176 150 574
SA7D -34.27600 -60.50700 209 130 539
SA7E -35.35200 -64.47500 633 180 777
SA7F -35.24600 -63.53400 127 180 748
SA7G -35.19600 -63.60100 416 180 743
SA7H -33.25200 -62.41700 387 10 1032
SA7I -33.75000 -58.70300 19 90 539
SA7J -38.06200 -63.42800 524 180 897
SA7K -27.03600 -55.19900 672 10 795
SA7L -30.98300 -64.07800 1738 180 997
SA7M -25.18400 -64.08500 1184 110 1370
SA7N -36.45200 -62.86900 380 30 1056
SA7O -31.20800 -64.16000 1623 180 1346
SA7P -24.31400 -65.25200 3904 100 1093
SA7Q -39.70300 -71.17200 2810 120 498
SA7R -39.84600 -70.86400 2267 160 324
SA7S -33.45400 -63.35100 505 10 980
SA7T -31.34700 -68.47600 2132 150 1155
SA7U -39.10500 -70.99400 3245 220 730
SA7V -30.75200 -59.57100 200 50 917
SA7W -30.96100 -60.88700 144 10 1191
SA7X -34.87800 -57.96200 18 10 846
SA7Y -33.16000 -62.89100 400 10 670
SA7Z -46.51600 -71.10400 1312 100 697
SA80 -31.80800 -60.45300 193 110 346
SA81 -38.33800 -59.63100 328 10 922
SA82 -30.26600 -61.22300 242 50 690
SA83 -31.40600 -62.13300 374 180 1505
SA84 -31.42100 -61.84400 347 170 695
SA85 -31.86900 -61.93100 344 20 601
SA86 -30.77000 -60.57000 180 40 1035
SA87 -22.11400 -63.29100 160 180 957
SA88 -35.45600 -58.76400 78 180 748
SA89 -33.70700 -59.72600 88 10 933
SA8A -42.21900 -71.80800 1836 100 486
SA8B -41.09400 -71.18200 2558 120 983
SA8C -34.65700 -61.00900 262 30 717
SA8D -37.52300 -60.78000 705 50 942
SA8E -36.07100 -59.10100 111 10 991
SA8F -46.19300 -69.29300 1397 80 1027
SA8G -27.09100 -58.67300 177 50 887
SA8H -32.63200 -61.54500 344 10 556
SA8I -36.99400 -70.74400 3936 160 1169
SA8J -32.49600 -61.58300 334 20 784
SA8K -31.89700 -62.70600 442 10 1191
SA8L -32.72200 -68.63400 1869 100 169
SA8M -32.79400 -62.21700 373 10 1042
SA8N -29.99500 -57.84200 265 70 906
SA8O -34.88800 -61.53400 285 140 755
SA8P -34.94900 -61.30600 246 30 764
SA8Q -38.19200 -58.78800 265 20 894
SA8R -38.15000 -58.76300 262 10 575
SA8S -35.21000 -59.14000 95 100 901
SA8T -34.86300 -58.34800 91 80 600
SA8U -32.27400 -61.66300 341 20 588
SA8V -30.53300 -58.40100 246 60 832
SA8W -40.81900 -68.07600 2571 50 992
SA8X -33.07500 -61.31900 246 150 537
SA8Y -34.54700 -59.08100 82 150 812
SA8Z -34.64600 -59.13200 104 60 1057
SA90 -26.95600 -54.48500 1804 140 715
SA91 -31.57900 -60.66900 59 160 826
SA92 -38.67100 -62.35600 49 110 1071
SA93 -34.54500 -63.12400 426 160 978
SA94 -36.59300 -64.18700 583 180 796
SA95 -27.90300 -64.25200 689 60 532
SA96 -45.57900 -69.00500 885 90 1366
SA97 -32.57800 -60.91400 121 110 473
SA98 -30.95700 -62.59100 91 40 750
SA99 -30.95900 -61.52200 311 100 1134
SA9A -34.73200 -59.11200 111 40 881
SA9B -34.51900 -59.13500 82 20 650
SA9C -37.14200 -63.67800 459 180 797
SA9D -36.88400 -57.85600 52 50 1379
SA9E -38.95300 -71.33500 3745 60 778
SA9F -36.77600 -57.64600 305 80 604
SA9G -29.35300 -59.96700 177 10 645
SA9H -38.01800 -57.65600 147 40 686
SA9I -38.01500 -57.63600 196 130 527
SA9J -38.30300 -58.10500 72 180 1196
SA9K -34.79500 -58.89900 91 140 603
SA9L -33.88800 -60.86500 269 50 541
SA9M -34.64200 -59.45600 137 10 792
SA9N -33.75900 -65.24700 1548 10 1339
SA9O -33.65000 -65.42200 1689 10 1736
SA9P -25.51700 -64.96800 2765 40 862
SA9Q -31.72600 -64.99000 3181 150 1135
SA9R -32.36000 -60.98200 98 60 527
SA9S -30.21800 -57.84500 213 170 1162
SA9T -30.38300 -57.96900 228 170 957
SA9U -33.21600 -62.63200 370 10 1014
SA9V -26.54900 -54.72500 787 10 994
SA9W -32.57800 -61.84100 62 170 645
SA9X -30.68100 -62.02700 308 10 859
SA9Y -30.73200 -62.00800 314 10 874
SA9Z -35.01700 -59.28700 98 70 713
SAA0 -35.78500 -61.93700 282 50 706
SAA1 -38.47500 -58.80700 108 140 502
SAA2 -32.39600 -59.75200 138 160 882
SAA3 -32.42000 -59.81800 190 50 509
SAA4 -36.96300 -60.28000 606 90 997
SAA5 -32.05300 -63.55100 879 10 743
SAA6 -31.76000 -60.37400 196 10 510
SAA7 -31.73600 -60.22100 150 10 1190
SAA8 -35.13800 -62.22400 350 50 1610
SAA9 -39.45600 -62.67800 88 80 876
SAAA -34.22200 -59.44300 98 60 783
SAAC -31.30300 -58.00100 112 30 1609
SAAG -33.01200 -58.61400 75 10 1332
SAAJ -34.53900 -60.93100 262 180 1501
SAAN -33.92300 -60.65200 236 40 1188
SAAP -31.80400 -60.48200 243 10 2104
SAAR -32.91700 -60.78800 85 20 3010
SAAU -31.83600 -59.09700 131 180 1186
SAAV -31.72100 -60.81600 56 30 2328
SAB0 -37.54300 -62.73700 787 40 945
SAB1 -36.28300 -63.13800 370 90 847
SAB2 -34.28700 -62.66800 387 10 843
SAB4 -37.09600 -56.97800 9 90 636
SAB5 -35.08900 -57.95000 65 30 308
SAB6 -27.60600 -55.86500 462 40 401
SAB7 -26.28800 -59.53800 262 160 1478
SAB8 -26.78900 -60.49000 295 20 681
SAB9 -26.15700 -59.66900 285 10 1739
SABE -34.55400 -58.42500 17 130 2097
SAC0 -27.63600 -59.18100 164 10 1162
SAC1 -32.64600 -60.75900 85 50 729
SAC2 -33.00900 -61.06200 239 150 647
SAC3 -33.00200 -61.02100 200 150 647
SAC4 -38.83300 -62.09100 9 100 973
SAC5 -38.41600 -58.38700 49 90 1047
SAC6 -35.56600 -58.44200 59 140 647
SAC7 -36.75000 -36.75400 308 80 1047
SAC8 -43.29900 -65.06800 36 40 1208
SAC9 -35.05600 -64.21400 541 140 834
SACA -31.43400 -64.26200 1594 160 1714
SACC -30.99500 -64.53700 3734 140 1251
SACD -31.49200 -64.14600 1414 40 1200
SACE -31.45300 -64.28600 1646 10 1912
SACO -31.29600 -64.20800 1604 50 3181
SACT -30.35400 -66.29500 1503 10 2056
SACZ -37.42700 -61.88400 768 170 1301
SAD0 -24.83000 -64.97200 2746 70 958
SAD1 -27.58300 -58.82300 186 150 873
SAD2 -32.82000 -60.78500 82 160 930
SAD4 -51.67400 -69.26300 68 30 1284
SAD5 -31.63200 -63.86200 1066 170 625
SAD6 -32.17900 -64.08300 1246 180 967
SAD7 -33.22300 -68.47400 2162 180 997
SAD8 -33.20600 -68.49500 2181 100 493
SAD9 -34.20300 -60.67100 19 50 990
SADF -34.46000 -58.59700 10 50 1799
SADJ -34.54700 -58.79500 105 160 3007
SADL -34.97600 -57.89500 72 20 1439
SADM -34.68900 -58.64600 95 10 2890
SADO -34.52600 -58.67200 78 180 1762
SADP -34.60100 -58.61700 59 160 2110
SADQ -34.70100 -58.24500 7 180 1250
SADR -34.66700 -58.75400 49 70 1027
SADS -34.73100 -58.59900 59 120 890
SADZ -34.72800 -58.50600 10 90 914
SAE0 -32.21900 -61.71700 301 10 893
SAE1 -32.33300 -59.19300 177 30 720
SAE2 -33.08200 -60.56900 82 90 752
SAE3 -36.58300 -61.78800 380 10 991
SAE4 -32.01900 -60.58500 246 30 913
SAE5 -37.70800 -63.16600 649 150 901
SAE6 -30.37200 -64.38400 2259 150 1350
SAE7 -35.87900 -64.27500 600 180 796
SAE8 -43.56400 -71.58800 1968 50 1917
SAE9 -37.36600 -69.30500 2896 80 799
SAEM -38.21700 -57.87100 42 40 1862
SAEZ -34.81900 -58.55300 66 110 3284
SAF1 -32.24300 -61.75900 364 20 588
SAF2 -31.47500 -60.84900 124 60 919
SAF3 -34.97600 -57.96600 22 70 756
SAF4 -31.41000 -60.90000 127 10 988
SAF5 -30.05300 -59.53600 127 30 926
SAF6 -43.61200 -71.02500 2361 100 512
SAHC -37.44100 -70.22900 2788 120 1510
SAHE -37.85700 -71.01500 5435 40 1669
SAHR -39.00000 -67.63300 853 90 2149
SAHS -37.38900 -68.91300 1969 100 1556
SAHZ -38.97400 -70.12600 3330 90 2196
SAMA -35.06000 -67.70100 1489 170 1501
SAME -32.81800 -68.79300 2310 180 3021
SAMI -33.06800 -68.51000 2154 10 1191
SAMM -35.48400 -69.58300 4683 90 2656
SAMP -30.78400 -59.65500 197 10 1080
SAMQ -32.85700 -68.87100 2647 180 1701
SAMR -34.58500 -68.41500 2470 100 2352
SANC -28.60600 -65.75400 1522 10 2804
SANE -27.77500 -64.31600 656 30 2428
SANI -28.03200 -67.58500 3968 140 1582
SANL -29.39400 -66.80400 1433 30 2860
SANO -29.21500 -67.44000 3099 170 2107
SANR -27.50800 -64.93700 919 10 2508
SANT -26.85400 -65.10700 1494 10 2902
SANU -31.56000 -68.41800 1959 180 2471
SANW -29.87100 -61.83800 282 20 1351
SAOC -33.09900 -64.27800 1381 50 2248
SAOD -31.93900 -65.14700 1915 20 1413
SAOL -34.13000 -63.36200 449 180 1202
SAOM -32.68600 -62.16400 361 70 1199
SAOR -33.73000 -65.38800 1591 60 2400
SAOS -32.39500 -65.19000 2019 20 2557
SAOU -33.26000 -66.35500 2329 180 2959
SARC -27.45500 -58.76300 203 20 2096
SARE -27.46200 -59.06100 173 30 2781
SARF -26.22000 -58.23200 194 40 1805
SARI -25.73100 -54.48800 916 130 3298
SARL -29.67900 -57.15400 230 180 2269
SARM -30.26500 -57.64000 174 180 1327
SARP -27.39600 -55.97100 430 10 2265
SARS -26.76400 -60.49600 307 30 1805
SASA -24.87300 -65.49000 4088 20 3000
SASJ -24.38100 -65.10500 3019 150 2962
SASO -23.15900 -64.33000 1168 10 1475
SASQ -22.15100 -65.57600 11414 160 2763
SAST -22.62600 -63.79400 1473 10 1509
SATC -25.30400 -57.73300 197 10 1000
SATD -26.40400 -54.57400 685 10 1423
SATG -29.11400 -59.22600 125 40 2266
SATI -26.29100 -53.63200 2673 20 690
SATO -27.51000 -55.12700 1125 170 1812
SATR -29.21000 -59.69400 161 10 2794
SATU -29.78000 -57.97900 229 10 2128
SAVA -40.19500 -70.01600 2128 50 1066
SAVB -41.93600 -71.53100 1131 180 1301
SAVC -45.78800 -67.48300 190 70 2824
SAVD -42.03500 -71.15900 2359 20 1513
SAVE -42.91000 -71.14800 2621 40 2399
SAVH -46.53800 -68.97500 1082 90 1460
SAVJ -41.32300 -69.58700 2927 70 2087
SAVM -45.57800 -69.07700 88 90 628
SAVN -40.74700 -65.04300 85 120 1797
SAVQ -41.25200 -68.74000 2910 60 1150
SAVR -45.01600 -70.80900 2287 80 1401
SAVS -41.59900 -65.35500 689 20 1901
SAVT -43.21500 -65.28500 141 60 2553
SAVV -40.86700 -63.01100 20 20 2546
SAVY -42.76500 -65.11600 426 50 2497
SAWA -50.33300 -72.24800 732 50 1201
SAWB -64.24100 -56.64500 760 60 1207
SAWC -50.28100 -72.07100 668 70 2547
SAWD -47.73800 -65.91300 266 60 1497
SAWE -53.77800 -67.76500 65 70 1991
SAWG -51.61000 -69.33800 61 70 3536
SAWH -54.84400 -68.31800 91 70 2904
SAWJ -49.30900 -67.81600 190 70 1998
SAWM -45.70400 -70.26900 1785 90 1501
SAWO -54.81500 -68.30500 20 160 1617
SAWP -46.53500 -70.98900 1410 70 1693
SAWR -48.78200 -70.17000 1168 90 1501
SAWS -44.05600 -70.44200 2395 60 1501
SAWT -51.59300 -72.22900 899 40 1201
SAWU -50.01900 -68.59300 364 70 1994
SAZA -36.84600 -59.88500 478 90 1403
SAZB -38.71500 -62.15800 246 60 2626
SAZC -37.44000 -61.89100 768 170 1321
SAZD -36.31800 -57.72100 32 40 1150
SAZE -37.59400 -62.38300 994 40 1401
SAZF -36.89800 -60.22500 551 40 2198
SAZG -35.68600 -63.76300 459 30 2367
SAZH -38.38200 -60.33000 400 40 1201
SAZI -36.19200 -61.07800 308 20 1202
SAZJ -37.69500 -59.78300 696 80 1061
SAZL -36.53600 -56.72300 10 170 1502
SAZM -37.92900 -57.58400 71 130 2195
SAZN -38.94900 -68.17100 895 80 2563
SAZO -38.48300 -58.81600 72 130 1503
SAZP -35.83800 -61.85800 278 180 1499
SAZQ -39.00300 -64.13700 276 50 936
SAZR -36.59800 -64.27800 630 10 2303
SAZS -41.14700 -71.17000 2776 110 2344
SAZT -37.24600 -59.23000 574 10 2543
SAZV -37.23400 -57.03900 32 110 1816
SAZW -38.94100 -69.27400 2133 30 1688
SAZX -35.39600 -60.90500 243 130 1251
SAZY -40.08000 -71.15100 2569 60 2503
SB02 -16.19100 -39.35900 410 30 1429
SB03 -12.73200 -61.11300 919 160 1058
SB04 -19.28300 -46.51300 3700 180 1113
SB05 -13.48500 -42.23100 2096 180 1202
SB06 -15.84600 -48.98800 2625 120 1295
SB11 -2.89400 -40.86300 16 140 1215
SB26 -10.50200 -40.48700 2759 20 1471
SB29 -6.87600 -48.53900 561 60 1504
SB38 -5.65700 -35.41700 171 140 1202
SBAA -8.35300 -49.30900 653 80 1807
SBAE -22.15000 -49.07300 1949 170 2054
SBAF -22.87900 -43.39300 110 80 1989
SBAM 2.07100 -50.86600 45 70 2154
SBAN -16.23800 -48.97300 3728 60 3310
SBAQ -21.80500 -48.13800 2334 170 1816
SBAR -10.98400 -37.08000 23 110 2203
SBAT -9.87700 -56.11000 947 30 2526
SBAU -21.15000 -50.42900 1361 50 2129
SBAX -19.55700 -46.96700 3276 150 1903
SBBE -1.38800 -48.48500 54 20 2808
SBBG -31.39500 -54.11800 600 60 1500
SBBH -19.84700 -43.96200 2589 130 2503
SBBI -25.39900 -49.23500 3057 180 1399
SBBP -22.97500 -46.54100 2887 160 1227
SBBQ -21.26000 -43.76400 3657 180 1770
SBBR -15.88100 -47.94000 3479 110 3303
SBBT -20.58800 -48.60200 1898 80 1815
SBBU -22.34100 -49.06000 2025 140 1501
SBBV 2.84100 -60.70100 275 80 2703
SBBW -15.86600 -52.39500 1147 70 1602
SBBZ -22.77500 -41.96800 10 70 1288
SBCA -24.99500 -53.50600 2473 150 1621
SBCB -22.92400 -42.08200 14 100 1698
SBCC -9.33200 -54.97700 1762 120 2593
SBCD -26.79700 -50.94100 3376 20 1880
SBCF -19.62400 -43.97800 2715 160 3008
SBCG -20.47800 -54.68100 1833 60 2609
SBCH -27.13200 -52.66900 2146 110 2476
SBCI -7.32100 -47.46700 565 110 1801
SBCJ -6.11900 -50.01300 2038 100 1998
SBCM -28.72700 -49.43200 93 90 1487
SBCN -17.72900 -48.61500 2247 90 2102
SBCO -29.94200 -51.15800 26 120 2751
SBCP -21.70300 -41.30700 57 70 1552
SBCR -19.01400 -57.68200 461 90 2001
SBCT -25.52200 -49.18300 2988 110 2221
SBCV -17.65700 -39.25600 36 60 1547
SBCX -29.19100 -51.19500 2472 150 1971
SBCY -15.64400 -56.12200 609 170 2303
SBCZ -7.59900 -72.78000 637 100 2397
SBDB -21.22100 -56.45800 1180 180 2030
SBDN -22.17400 -51.43500 1476 120 2111
SBDO -22.20700 -54.93000 1503 50 1645
SBEG -3.03900 -60.06200 264 100 2702
SBEK -6.23600 -57.78300 324 80 1602
SBES -22.82100 -42.10100 61 70 2397
SBFI -25.58900 -54.49600 787 140 2204
SBFL -27.66600 -48.55100 19 30 2298
SBFN -3.85400 -32.43200 180 120 1850
SBFT -20.28500 -49.19300 1599 60 1715
SBFU -20.69800 -46.34100 2413 160 1614
SBFZ -3.77300 -38.54400 82 130 2547
SBGL -22.80200 -43.25500 28 100 4000
SBGM -10.77800 -65.28700 478 170 1801
SBGO -16.62600 -49.23100 2450 140 2501
SBGP -21.79600 -48.40500 1998 20 4988
SBGR -23.43500 -46.48400 2459 90 3863
SBGU -25.39100 -51.52700 3494 80 1605
SBGV -18.90000 -41.98700 561 70 1399
SBGW -22.79900 -45.20500 1761 20 1558
SBHT -3.25900 -52.26100 368 70 2004
SBIC -3.12300 -58.48700 142 140 1518
SBIH -4.24800 -56.00500 110 50 1620
SBIL -14.81600 -39.04000 15 110 1562
SBIP -19.47900 -42.49200 784 50 2013
SBIT -18.43700 -49.21600 1630 180 1768
SBIZ -5.53600 -47.46700 431 70 1808
SBJC -1.40900 -48.46500 52 150 1509
SBJD -23.17700 -46.94600 2484 170 1194
SBJF -21.79800 -43.38700 2989 30 1547
SBJI -10.87800 -61.84900 598 30 1808
SBJP -7.14000 -34.95900 215 160 2524
SBJR -22.99200 -43.37000 10 20 900
SBJU -7.21600 -39.27800 1392 130 1798
SBJV -26.22000 -48.80400 15 150 1640
SBKG -7.26600 -35.90200 1646 150 1603
SBKP -22.99800 -47.14700 2170 150 3242
SBLE -12.47800 -41.28600 1676 140 2081
SBLJ -27.77600 -50.28600 3065 160 1533
SBLO -23.33000 -51.14000 1867 130 2111
SBLP -13.25700 -43.41000 1454 180 1214
SBLS -19.65900 -43.90500 2795 130 1838
SBMA -5.37400 -49.14500 357 70 2006
SBMC -13.55400 -48.19900 1401 60 1342
SBMD -0.89400 -52.60900 677 80 1802
SBME -22.34800 -41.76900 8 60 1211
SBMG -23.47800 -52.02600 1788 90 2101
SBMK -16.70600 -43.82900 2191 120 2097
SBML -22.20400 -49.92800 2122 20 1692
SBMN -3.14900 -59.99600 267 90 2321
SBMO -9.50900 -35.80300 387 120 2599
SBMQ 0.04600 -51.08000 56 80 2108
SBMS -5.21000 -37.36800 77 50 2013
SBMT -23.50800 -46.64500 2368 120 1597
SBMY -5.81600 -61.28200 174 50 1283
SBMZ -1.74600 -52.23900 53 50 1309
SBNF -26.88400 -48.65800 18 70 1700
SBNM -28.28100 -54.17800 1056 110 1629
SBNT -5.90200 -35.25200 169 120 2609
SBOI 3.85000 -51.79800 63 30 1208
SBPA -29.99400 -51.18300 11 110 2282
SBPB -2.89600 -41.74100 16 90 2103
SBPC -21.84500 -46.57400 4135 90 1250
SBPF -28.24700 -52.33600 2376 80 1712
SBPJ -10.28500 -48.36600 774 140 2497
SBPK -31.72300 -52.33600 59 60 1981
SBPL -9.35800 -40.58300 1263 130 3243
SBPN -10.72600 -48.40400 870 50 1701
SBPP -22.55800 -55.70600 2156 30 2014
SBPR -19.91100 -43.99500 3044 90 925
SBPS -16.44100 -39.09000 168 100 1990
SBPV -8.72000 -63.90200 290 10 2413
SBQV -14.85800 -40.87000 2998 150 1777
SBRB -9.87400 -67.90200 634 60 2168
SBRF -8.11400 -34.92700 33 10 3021
SBRJ -22.91700 -43.16300 11 20 1329
SBRP -21.12500 -47.77700 1802 180 2108
SBSC -22.94400 -43.72500 10 50 2754
SBSJ -23.22000 -45.87200 2120 150 2664
SBSL -2.59700 -44.24300 178 60 2408
SBSM -29.71100 -53.70400 287 20 2692
SBSN -2.42400 -54.80300 198 100 2399
SBSP -23.62000 -46.66100 2631 170 1952
SBSR -20.82100 -49.41300 1784 70 1637
SBST -23.92000 -46.29100 10 170 1394
SBSV -12.90800 -38.34400 64 100 3000
SBTA -23.04400 -45.52200 1908 80 1493
SBTB -1.49200 -56.40400 287 90 1606
SBTC -15.36400 -38.99800 20 20 1908
SBTD -24.69400 -53.69800 1843 20 1673
SBTE -5.07000 -42.82200 219 20 2208
SBTF -3.37600 -64.73100 184 150 2204
SBTK -8.15100 -70.78700 646 140 1228
SBTL -24.32600 -50.65200 2610 20 1807
SBTR -29.42000 -49.81500 33 50 1503
SBTS 2.22200 -55.95300 1127 100 1592
SBTT -4.25200 -69.94500 279 120 2154
SBTU -3.79500 -49.72100 830 20 2012
SBTV -16.53700 -39.11300 174 150 1512
SBUA -0.15700 -66.99400 249 50 2612
SBUF -9.39700 -38.25800 883 140 1799
SBUG -29.78300 -57.04500 256 40 1497
SBUL -18.89100 -48.22900 3094 40 1956
SBUP -20.77700 -51.57300 1169 110 1681
SBUR -19.75800 -47.96900 2655 170 1765
SBUY -4.88400 -65.36200 210 90 1321
SBVG -21.59600 -45.47600 3028 40 1508
SBVH -12.70600 -60.10100 2018 30 2615
SBVT -20.26200 -40.29300 11 50 1758
SBYA 0.60300 -69.19200 345 60 1609
SBYS -21.99400 -47.34100 1968 20 2118
SBZM -21.52000 -43.18300 1348 80 2555
SC01 33.04200 -81.29600 203 160 610
SC03 33.55400 -80.65000 170 30 854
SC05 32.48800 -80.61700 10 30 732
SC06 32.63400 -80.09200 15 180 366
SC07 33.67800 -80.95300 369 130 793
SC08 35.04800 -81.13900 670 40 458
SC10 35.17800 -81.82000 870 90 458
SC12 32.67500 -81.31300 82 160 763
SC13 33.84300 -81.18900 450 120 1007
SC14 34.06400 -81.41200 380 120 519
SC15 32.62900 -80.50700 20 40 946
SC16 34.37400 -80.00600 199 10 793
SC17 33.36000 -80.46300 110 130 732
SC19 34.16400 -80.08100 175 50 961
SC1A -20.42900 -69.65600 3251 80 3094
SC1B -31.58200 -71.11300 1420 20 1124
SC20 33.48600 -81.82800 458 140 610
SC21 33.93900 -78.83600 45 40 854
SC23 33.76000 -81.36000 460 20 824
SC24 33.84200 -81.22200 525 90 854
SC25 34.42000 -79.88600 190 20 580
SC26 34.80600 -83.00000 1050 30 549
SC27 34.09800 -80.12900 190 50 915
SC28 33.64900 -78.99800 26 50 915
SC29 34.11400 -79.90400 135 150 915
SC32 34.64800 -82.50600 900 50 610
SC33 34.82500 -82.26200 1000 100 488
SC34 34.30100 -82.68400 660 180 793
SC35 33.09100 -81.01400 146 110 1037
SC36 35.12200 -82.32800 1220 30 580
SC37 33.27200 -80.25800 90 90 671
SC38 33.70800 -80.08600 112 100 1019
SC39 34.08200 -81.75600 460 60 732
SC40 35.06100 -81.94500 850 180 824
SC41 33.67100 -80.24700 105 160 1130
SC43 34.59400 -82.40100 871 90 427
SC44 34.12800 -80.55200 220 80 915
SC45 33.88400 -81.38800 551 90 1068
SC46 33.85100 -81.55300 540 100 793
SC47 34.75800 -82.16400 860 40 976
SC48 33.88900 -80.00000 110 180 1129
SC49 -20.73500 -69.63200 3280 90 1360
SC50 32.70100 -80.22600 10 180 702
SC51 32.70800 -80.25600 15 150 793
SC52 34.81400 -82.82000 1040 140 427
SC55 33.00200 -81.04900 120 10 793
SC56 34.36600 -81.99400 642 170 610
SC57 33.88400 -80.49800 178 90 580
SC58 34.84900 -82.25200 850 180 531
SC60 33.90100 -79.68700 82 40 854
SC61 34.61800 -80.15600 376 90 793
SC65 32.82600 -79.80900 8 150 732
SC67 34.91000 -81.07900 587 90 793
SC74 32.46400 -80.60100 12 180 519
SC75 34.99800 -82.73800 1000 100 549
SC76 34.79900 -80.68200 640 30 793
SC78 35.09300 -82.49700 1250 160 519
SC79 34.60600 -80.45300 550 30 1220
SC80 34.66700 -82.71200 817 80 458
SC81 34.15100 -82.35700 550 80 683
SC82 34.58500 -82.35600 837 100 732
SC86 34.86700 -82.57000 1100 150 763
SC87 33.44500 -80.46000 138 130 915
SC88 35.14900 -81.79500 935 170 458
SC89 34.47200 -79.39600 138 40 763
SC91 33.30600 -80.85200 95 90 656
SC92 34.10300 -82.28500 550 100 671
SC93 34.37000 -79.82500 180 180 915
SC94 33.37200 -81.23900 284 130 915
SC95 33.62600 -81.33700 438 70 1525
SC96 34.56000 -82.93700 800 100 305
SC97 34.72700 -82.34200 920 90 488
SC98 33.05600 -80.08700 55 120 824
SC99 33.96300 -81.36400 520 90 913
SCAC -41.89600 -73.79700 374 170 1651
SCAK -36.90400 -71.60100 2361 130 651
SCAN -32.81700 -70.65300 2457 50 1057
SCAR -18.35800 -70.34200 167 20 2189
SCAS -45.40000 -72.67500 30 70 1301
SCAT -27.25100 -70.78000 670 170 2198
SCBA -45.91600 -71.70600 1654 90 2503
SCBB -37.58800 -72.50400 249 10 655
SCBE -22.13600 -70.06800 3475 130 1563
SCBQ -33.56900 -70.69300 1844 20 1831
SCCC -46.58000 -71.69400 1069 120 1208
SCCF -22.49700 -68.91800 7543 100 2881
SCCH -36.58800 -72.03800 495 40 1750
SCCI -53.00400 -70.87500 139 10 2792
SCCL -27.07600 -70.80100 180 100 1203
SCCM -39.82600 -72.08700 479 80 841
SCCT -35.30400 -72.38500 43 50 971
SCCU -38.16200 -71.42700 2132 180 1311
SCCY -45.59900 -72.11300 1020 30 1536
SCDA -20.52000 -70.18000 155 180 3367
SCDQ -37.52300 -71.72700 1902 140 951
SCDW -53.60200 -70.48400 160 40 1496
SCEC -29.15000 -70.89100 3678 20 1323
SCEL -33.37200 -70.80400 1550 170 3810
SCER -32.79500 -71.52400 12 20 1201
SCES -26.31100 -69.77700 5240 80 2297
SCFA -23.45600 -70.44700 455 10 2611
SCFM -53.25000 -70.33700 104 30 2506
SCFT -43.18800 -71.85700 1148 90 973
SCFX -26.28900 -80.10500 165 110 1996
SCGA -40.00700 -73.69800 118 180 501
SCGB -37.97800 -72.93200 272 270 501
SCGE -37.39400 -72.42500 374 180 1701
SCGO -37.79800 -72.68800 240 180 801
SCGY -39.04900 -71.99400 1312 170 599
SCGZ -54.93100 -67.63800 88 80 1438
SCHL 49.74900 -122.15400 42 120 607
SCHR -47.24400 -72.59500 643 70 1017
SCIE -36.78200 -73.06900 26 20 2302
SCIM -38.38600 -73.86800 20 180 930
SCIP -27.15800 -109.43700 227 100 3305
SCIR -33.66200 -78.93300 433 140 861
SCJO -40.60500 -73.06700 187 150 1701
SCKO -37.99700 -72.25100 1226 180 601
SCKP -20.73700 -68.68500 12468 100 3207
SCKT -36.49800 -72.68200 216 130 601
SCLB -37.66200 -73.63000 587 180 801
SCLC -33.37600 -70.58200 2247 70 720
SCLD -41.86400 -71.93900 997 120 1050
SCLL -28.59500 -70.76300 1725 100 1408
SCLN -35.85700 -71.54700 587 180 1000
SCLY -37.21900 -73.23800 32 50 959
SCMB -23.56000 -70.39900 131 30 1030
SCMK -43.89100 -73.73800 35 180 801
SCML -38.86100 -71.81900 1388 240 1001
SCNM -37.77800 -73.38400 252 180 687
SCNT -51.66800 -72.53900 217 100 1759
SCOH -48.46500 -72.56300 899 160 1024
SCOL -40.68900 -72.34800 676 110 501
SCON -43.14000 -73.64100 39 40 1301
SCOS -40.54300 -73.15900 79 130 1000
SCOT -30.67800 -71.40600 787 70 939
SCPC -39.29100 -71.92600 853 90 1723
SCPE -22.91600 -68.16500 7960 140 1973
SCPF -41.45900 -72.92000 367 10 1001
SCPH -44.37900 -72.59200 43 180 1050
SCPI -36.59100 -71.81000 804 20 1001
SCPL -40.13000 -72.66200 700 170 670
SCPP -37.83700 -72.01300 1680 160 920
SCPQ -42.33100 -73.71500 567 170 2001
SCPU -41.06000 -72.01100 900 20 634
SCPV -41.34600 -72.94800 430 150 781
SCQC -38.33700 -72.59000 823 210 801
SCQI -38.74100 -71.20200 3725 250 730
SCQK -38.36500 -73.49000 220 180 727
SCQT -30.09100 -71.36500 140 170 1097
SCQY -38.45000 -71.36100 3182 90 1016
SCRA -26.33200 -70.61300 97 90 1212
SCRG -34.18000 -70.78100 1446 30 1688
SCRM -62.18800 -58.99800 147 110 1288
SCSB -52.73900 -69.33900 105 10 1501
SCSE -29.91200 -71.20900 481 110 1934
SCSF -32.74000 -70.70700 2159 150 1150
SCSH -39.06600 -73.17200 82 20 811
SCSL 49.45200 -122.22800 262 180 610
SCSN -33.65900 -71.61900 246 50 801
SCST -42.48600 -73.77500 144 150 1000
SCTA -37.74100 -71.71100 1817 160 601
SCTB -33.46100 -70.54800 2129 10 1143
SCTC -38.77000 -72.64600 304 60 1696
SCTE -41.42700 -73.09600 293 170 2652
SCTL -35.38200 -71.60600 371 30 1116
SCTN -42.92900 -72.70600 13 130 1424
SCTO -38.25000 -72.35000 1147 10 1061
SCTR -38.27500 -72.66300 812 180 801
SCTT -25.55900 -70.37800 2580 160 1200
SCVD -39.64100 -73.08700 59 170 2095
SCVL -39.79100 -73.24100 13 170 1299
SCVM -32.95400 -71.48600 461 50 1755
SCVO -38.23200 -72.48900 978 60 651
SCXR -40.32000 -72.22700 328 120 651
SD03 44.05100 -97.33700 1750 90 381
SD05 45.37600 -98.47900 1300 170 869
SD06 44.39800 -97.12600 1818 40 915
SD08 45.44300 -99.68000 1967 130 1098
SD11 44.77400 -96.69200 1801 20 915
SD13 44.86900 -98.07600 1368 120 771
SD14 43.73400 -100.40300 1688 90 915
SD15 45.05300 -101.62600 2341 140 732
SD20 45.53700 -98.09700 1305 150 631
SD21 44.37300 -101.01100 1986 140 641
SD23 45.85600 -100.07900 1725 120 680
SD24 44.44900 -103.40200 3070 90 1177
SD26 45.39100 -101.44600 2398 130 915
SD27 43.76100 -98.98100 1755 130 793
SD29 43.24400 -97.55700 1350 80 686
SD30 44.30200 -101.19500 2240 140 1647
SD31 45.78900 -101.05000 1985 120 641
SD33 45.50300 -104.00900 3200 40 1464
SD34 43.90800 -100.04300 1760 100 1022
SD36 45.13100 -100.75800 2250 90 610
SD37 45.49900 -100.00400 1950 170 549
SD38 43.56400 -100.74600 2151 120 915
SD41 45.53700 -101.84200 2500 110 1449
SD42 43.56400 -97.53100 1403 140 763
SD43 44.24100 -98.05300 1305 70 610
SD44 43.78000 -99.25500 1678 90 805
SD46 43.83000 -96.85100 1520 180 732
SD47 45.00100 -101.21100 2440 140 610
SD48 45.20300 -102.65300 2610 60 724
SD49 45.29000 -98.05400 1320 170 641
SD51 44.53400 -99.74900 1787 150 686
SD55 44.31800 -98.27700 1323 120 824
SD56 44.86900 -99.62100 1900 120 702
SD57 44.56300 -100.75100 2113 90 793
SD59 45.53500 -102.81100 2800 80 549
SD60 45.39700 -102.79300 2756 140 808
SD61 43.01700 -97.87200 1435 90 776
SD62 45.25400 -98.16700 1320 170 789
SD65 45.43500 -97.00100 1462 10 702
SD66 43.97400 -101.96000 2456 90 1373
SD68 43.38100 -103.42800 3675 140 1007
SD71 43.11400 -103.36500 3660 90 763
SD72 44.85200 -102.58300 2600 130 397
SD73 44.52100 -101.59800 2227 90 805
SD74 45.99900 -100.37800 1955 150 793
SD75 43.59300 -98.45700 1641 110 915
SD76 45.82700 -103.94800 3090 30 641
SD77 44.00400 -103.02000 3200 140 854
SD79 45.19800 -99.83700 1860 180 793
SD81 43.93300 -100.32000 1920 100 793
SD82 45.42300 -96.86700 1160 180 549
SD84 44.26900 -98.12100 1285 140 763
SD88 45.39100 -102.00400 2467 140 427
SD94 44.99300 -96.48200 1186 90 793
SD97 43.88100 -100.36600 2100 130 915
SD98 44.46600 -102.55500 2655 140 976
SD99 43.62700 -96.75200 1495 130 473
SDAA -22.33700 -47.36400 2247 120 1164
SDAD -21.69800 -51.10300 1394 90 1252
SDAE -22.58100 -47.90000 1858 140 1012
SDAF -22.15800 -47.72400 2762 100 1000
SDAG -22.97600 -44.31200 9 100 1031
SDAI -22.75500 -47.27500 2085 120 1110
SDAJ -20.84400 -50.79400 1126 130 1499
SDAL -21.81600 -47.90700 2434 90 1078
SDAM -22.85500 -47.11200 2008 160 1215
SDAN -22.24500 -48.26200 1680 120 802
SDAO -14.02500 -56.54100 1542 60 806
SDAS -21.27900 -51.28900 1141 70 1293
SDAY -21.46500 -48.37000 2034 150 700
SDBA -20.87600 -47.59100 2890 120 1101
SDBB -20.89700 -48.48000 1942 130 1503
SDBE -2.21000 -48.81900 66 90 1301
SDBI -21.28200 -50.33100 1394 110 801
SDBK -22.94600 -48.46800 3012 10 1503
SDBN -23.69100 -47.55700 2316 10 891
SDBP -22.97400 -46.54000 2887 160 1196
SDBU -21.63800 -53.30700 1201 130 1561
SDBV -24.86900 -47.76000 26 160 600
SDBY -22.06900 -48.71300 1591 110 1401
SDCA -24.03100 -48.36100 2402 160 1366
SDCC -21.21700 -50.41100 1253 120 850
SDCD -21.15300 -48.99300 1841 60 1175
SDCE -17.44400 -44.93900 1766 40 1214
SDCG -3.47400 -68.96100 335 40 1205
SDCJ -17.68500 -53.59400 2221 160 811
SDCL -23.15200 -49.20900 2181 20 600
SDCM -12.86600 -46.16800 2957 90 1303
SDCO -23.47200 -47.49200 2077 180 1474
SDCR -24.06900 -46.83000 39 90 560
SDCT -22.22900 -46.97700 2237 10 500
SDCU -22.55400 -42.12100 18 110 1151
SDCW -20.32400 -48.83200 1706 140 1009
SDCZ -22.93600 -44.10400 16 110 1191
SDDB -22.61000 -50.09900 1702 150 1001
SDDC -15.96800 -59.89200 722 180 605
SDDE -8.01400 -61.77600 213 10 1000
SDDI -21.59400 -50.83700 2093 160 612
SDDJ -20.84500 -50.08100 1525 180 901
SDDK -22.48400 -49.99000 1886 70 1021
SDDL -23.30800 -47.93800 1916 100 901
SDDN -20.92500 -51.38900 1247 110 1501
SDDR -21.46200 -51.61400 1220 90 1494
SDDS -8.33600 -65.71200 325 80 1102
SDDV -21.13200 -48.84900 1860 70 1021
SDDX -19.88700 -50.51100 1482 80 1301
SDEC -16.95400 -53.57400 2572 140 1007
SDED -22.44000 -47.70400 2007 130 761
SDEE -23.57300 -48.86700 1801 70 951
SDEG -22.46500 -51.20600 1450 120 1014
SDEJ -23.66800 -48.07600 2037 60 580
SDEM -22.09800 -51.45300 1388 180 713
SDEN -27.16300 -48.62800 16 140 1218
SDEO -21.87300 -48.66300 1709 170 1499
SDEP -21.77900 -52.14800 974 50 1348
SDER -20.76400 -50.85900 1207 150 500
SDES -20.76500 -47.86100 2372 10 1013
SDET -23.10900 -47.72400 1643 20 851
SDEX -12.58400 -45.83000 2526 70 905
SDFA -20.68200 -51.03500 1200 50 1412
SDFB -20.42100 -48.57000 1755 150 811
SDFC -20.48400 -49.19000 1673 180 1016
SDFD -20.27900 -50.21800 1640 80 1005
SDFE -22.07200 -56.70300 633 20 806
SDFF -21.85100 -48.29700 1673 180 764
SDFH -21.44400 -47.37600 2318 110 1010
SDFI -21.65100 -48.27200 2257 140 1377
SDFK -22.06900 -52.16500 1233 110 1201
SDFL -23.56900 -48.28500 2051 160 665
SDFM -22.29000 -52.26000 1082 100 901
SDFN -23.47800 -49.54600 1702 50 751
SDFT -22.41300 -46.81100 2152 150 500
SDFU -21.87300 -52.16400 984 30 600
SDFX -9.15700 -40.94300 1247 120 1126
SDFY -21.63000 -50.81200 1280 130 805
SDGB -20.27500 -48.18700 1988 130 1055
SDGC -22.18800 -49.65500 2182 10 1000
SDGF -22.36900 -49.94800 1647 50 440
SDGJ -21.90900 -49.86000 1748 160 765
SDGK -21.49700 -50.73600 1345 60 600
SDGP -23.22400 -48.80000 2099 120 801
SDGR -21.26600 -50.65300 1312 10 622
SDGT -22.52300 -50.04900 1896 140 700
SDGU -21.40900 -48.30500 2116 40 1018
SDGY -20.92600 -50.74600 1181 150 600
SDHC -21.87000 -49.98100 1292 170 511
SDHE -22.49500 -46.84500 2493 50 550
SDHP -21.17000 -53.28700 1168 40 1120
SDHX -30.74800 -51.53700 131 150 456
SDIB -22.16500 -46.77700 3018 30 1481
SDIC -20.71500 -45.68900 2657 10 689
SDID -24.13300 -49.33100 2598 150 715
SDIG -21.74500 -48.86100 1780 130 1219
SDIH -23.56500 -46.07300 2467 120 752
SDIL -22.90700 -44.29200 10 60 1076
SDIM -24.16200 -46.78900 13 150 816
SDIN -22.99900 -43.40300 3 70 408
SDIO -21.60600 -48.83200 1739 10 1316
SDIP -23.04500 -45.77800 1913 80 608
SDIR 1.88700 -62.02100 134 90 676
SDIU -23.35300 -47.32800 2231 20 800
SDIV -20.37100 -47.77100 2044 170 1003
SDIZ -20.15900 -49.93500 1656 30 879
SDJA -22.19900 -47.86700 2569 70 1199
SDJC -21.23300 -48.28700 2021 60 961
SDJF -23.84500 -48.45100 2309 120 700
SDJG -22.73200 -49.48700 1689 130 831
SDJL -20.29800 -50.54600 1496 10 1065
SDJN -21.09800 -47.75200 1771 160 600
SDJO -20.59100 -47.84600 2136 140 1000
SDJQ -20.83400 -51.01200 1276 50 1402
SDJR -20.88500 -49.39300 1804 20 601
SDJS 4.72900 -60.24500 735 130 821
SDJV -22.02300 -46.84300 2500 40 1274
SDJX -13.10900 -48.38300 1585 30 1004
SDJZ -20.80900 -48.22700 1608 100 1002
SDKA 4.16600 -59.83700 184 130 432
SDKB -21.78800 -47.05900 2346 110 701
SDKC -22.30600 -49.46400 1771 60 612
SDKE -13.77800 -44.47000 2198 100 1132
SDKF -9.15000 -40.09300 1220 180 1370
SDKG -23.22300 -49.18100 2031 160 614
SDKJ -11.01900 -45.19200 1598 130 1308
SDKK -21.49200 -47.03600 2113 40 1000
SDKL 3.83800 -59.78100 108 130 921
SDKN -22.43600 -48.40900 2339 140 910
SDKO -20.25100 -48.79200 1830 170 1548
SDKP -22.18600 -50.28000 1611 180 917
SDKQ -20.21700 -49.07000 1673 110 741
SDKR -15.16900 -59.17400 1116 170 1439
SDKW -12.29700 -55.54000 1181 70 804
SDKX -11.51700 -52.40300 1201 180 1206
SDKZ 4.55800 -60.47300 784 110 615
SDLC -21.75200 -51.02300 1447 80 1201
SDLE -13.58400 -41.79400 3576 150 1207
SDLG -10.97400 -41.07400 1890 120 1001
SDLH -11.04300 -38.78900 696 130 1102
SDLI -8.73600 -39.12100 955 120 1182
SDLJ -6.04400 -50.58100 2257 170 991
SDLK -14.47900 -42.27000 2064 140 1204
SDLL -22.22900 -47.38700 2021 80 1100
SDLM 3.85500 -59.93000 125 100 743
SDLN -22.60100 -42.03100 26 80 648
SDLO -13.56400 -38.94500 12 120 1075
SDLP -22.58200 -48.77900 2039 70 1262
SDLQ -21.50000 -50.78000 1339 170 816
SDLR -20.46400 -50.14600 1722 150 1116
SDLU -22.48200 -48.53100 1782 120 1399
SDLV -22.91800 -51.35400 1581 160 767
SDLW -13.44300 -57.78500 1804 150 1309
SDLX -11.44100 -52.21100 1417 110 1301
SDLY -21.62000 -48.35500 2083 160 765
SDMA -22.95700 -45.60400 1804 60 665
SDMC -22.92200 -42.83600 13 80 1186
SDMD -17.99700 -54.69700 1033 180 809
SDME -21.62900 -48.39800 1942 130 1181
SDMG 2.67800 -63.74700 394 180 515
SDMH -20.81000 -49.48900 1913 60 1000
SDMJ -22.40900 -46.91200 2274 120 1503
SDMK -21.55100 -53.56000 1192 100 801
SDMM 4.55500 -60.78600 1083 20 515
SDMO -21.25800 -48.53200 2461 170 867
SDMQ -21.84900 -57.89900 299 10 996
SDMR -23.06900 -43.88100 16 50 688
SDMV -22.28400 -48.60400 1736 10 1523
SDMW -14.11200 -50.68400 833 120 601
SDMX -15.50400 -55.38300 2267 60 1110
SDMY -21.63500 -48.48600 2008 90 1500
SDNA -19.67400 -49.00100 2336 90 1306
SDND -22.48500 -51.53200 1411 50 767
SDNE -22.19800 -51.97600 1585 140 658
SDNG -13.10400 -56.95400 1197 30 1006
SDNH -21.49600 -49.23900 1526 130 1000
SDNI -23.61700 -46.98600 3090 160 655
SDNJ -24.07800 -48.22700 2604 60 902
SDNK -14.96500 -54.05500 2513 110 901
SDNL -21.75500 -48.59000 1877 160 1224
SDNO -22.69400 -48.58100 2395 130 973
SDNQ -9.97100 -67.49100 640 90 1001
SDNT -15.67900 -47.77400 3563 140 1206
SDNV -9.50800 -54.01300 1001 30 903
SDNW -10.78700 -53.07700 1148 120 1201
SDNY -22.74500 -43.46600 164 110 1198
SDNZ -17.84900 -54.76800 1640 10 994
SDOA -5.48800 -45.49200 591 120 800
SDOB -21.42400 -46.76000 2585 130 1251
SDOD -5.84000 -45.54600 820 110 800
SDOE -5.72400 -45.79500 741 90 800
SDOI -23.30100 -47.69400 2051 60 716
SDOL -20.75000 -48.91300 1722 170 1050
SDOQ -12.67400 -51.74900 1165 100 1101
SDOR -20.74400 -47.89200 2415 160 916
SDOS -24.42000 -47.87200 98 100 501
SDOU -22.96100 -49.91800 1532 160 1501
SDOV -14.76400 -50.56700 1076 170 1507
SDOW -6.76000 -51.05500 751 140 1199
SDOX -21.78100 -47.88700 2133 110 600
SDOZ -8.10500 -58.28600 869 30 1003
SDPA -22.93200 -44.08100 20 30 910
SDPC -22.15300 -51.03200 1585 110 801
SDPD -22.94600 -45.43400 1919 60 767
SDPF -21.87000 -47.47500 1867 180 1000
SDPG -21.05400 -51.41000 1198 120 732
SDPI 4.68900 -60.24600 617 150 531
SDPN -21.40500 -50.03900 1371 150 1508
SDPP -23.29100 -48.82100 1952 120 1194
SDPQ 3.90700 -60.02900 125 110 801
SDPV -21.89000 -51.88900 1460 140 1201
SDPW -22.70700 -47.62100 1887 170 1191
SDPX 4.50000 -60.94400 515 120 609
SDPY -22.03000 -47.42000 2241 30 870
SDPZ -21.23800 -53.35300 1191 170 816
SDQE -22.56700 -55.63900 2041 150 816
SDQG -21.90300 -51.18900 1460 50 1124
SDQH -24.65100 -50.36600 2812 100 802
SDQK -22.15900 -50.96600 1968 170 613
SDQL -21.19400 -55.73500 1191 20 1107
SDQN -20.89600 -55.71100 919 170 611
SDQQ -22.28200 -50.64300 1919 150 1201
SDQV -16.14400 -58.51600 676 30 1009
SDQW -13.41500 -55.23400 1575 20 1203
SDQX -23.86700 -48.80800 2267 130 705
SDQZ -15.39700 -52.08100 991 110 1401
SDRA -23.87000 -48.04000 2271 160 766
SDRC -22.18600 -50.86700 1608 40 918
SDRD -21.64200 -47.47400 2776 120 681
SDRF -22.75000 -44.05300 1750 50 870
SDRH -20.84100 -54.52800 1509 160 815
SDRK -22.43600 -47.56400 2031 30 1301
SDRM 3.92800 -64.18600 568 130 426
SDRO -16.46800 -54.71500 1034 70 958
SDRP 3.71100 -64.16400 676 70 400
SDRR -23.08700 -48.99200 2657 150 1477
SDRS -22.48200 -44.48600 1320 80 1309
SDRT 4.64600 -60.79100 728 80 871
SDRU -21.69100 -50.93900 1285 150 793
SDRW -18.78200 -49.23400 2172 50 1015
SDRX -17.96700 -57.03700 499 100 801
SDRY -22.95700 -54.84500 1493 10 843
SDRZ -21.69100 -57.36200 499 60 1119
SDSA -18.03900 -55.72100 486 90 1204
SDSB -19.99500 -47.52900 1705 120 1152
SDSC -21.88400 -47.90300 2647 20 1721
SDSD 4.41300 -60.95400 554 120 601
SDSE -21.47100 -50.61700 1414 170 679
SDSH -22.29900 -49.21600 1755 70 1017
SDSJ -20.75000 -47.93300 2172 10 986
SDSK -22.92800 -42.51100 26 140 915
SDSM -22.76500 -48.54700 2482 110 871
SDSO -22.00700 -51.81300 1476 50 715
SDSP 4.13900 -61.34100 190 170 621
SDSQ -21.72700 -47.65800 2067 30 809
SDST -21.88300 -47.78000 2385 90 805
SDSV -21.32500 -48.17400 2080 150 812
SDSW -13.06100 -62.56300 456 10 1050
SDTB -23.13100 -46.57500 2592 20 800
SDTD -22.78100 -55.07700 1362 160 1023
SDTE -23.21500 -49.07900 1928 170 1216
SDTF -23.32900 -47.88400 2083 140 1301
SDTI -21.39600 -51.60100 1198 50 765
SDTK -23.22500 -44.72400 10 100 702
SDTN -21.12200 -47.95500 1969 110 600
SDTO -21.26000 -49.79500 1447 170 867
SDTP -21.89400 -50.51000 1805 60 1515
SDTQ -18.23100 -51.20700 2149 130 1004
SDTR -20.88700 -57.41900 499 30 761
SDTS -20.34600 -54.41600 2329 20 964
SDTT -21.24500 -50.49300 1345 150 680
SDTW -20.32900 -55.10300 919 60 914
SDTX -20.54600 -51.35800 1236 30 809
SDTY -21.33800 -48.12300 1713 120 1607
SDTZ -20.11500 -57.11300 492 180 912
SDUA -3.50800 -56.31800 108 130 601
SDUB -23.44200 -45.08000 13 90 949
SDUC 4.42900 -60.18400 515 80 611
SDUD -21.33500 -48.32000 1991 70 1005
SDUE -21.51500 -50.12100 1526 10 691
SDUF -21.08400 -57.49900 492 40 917
SDUG 4.24600 -61.15900 253 160 393
SDUH -21.54400 -53.34800 1001 90 1004
SDUK -14.09200 -52.90300 1601 180 1008
SDUL -21.19900 -47.92200 2270 170 714
SDUN -21.22300 -41.88000 410 60 1202
SDUO -12.18200 -38.38000 568 20 1587
SDUQ -22.43200 -50.61000 1525 50 1226
SDUR -25.04900 -50.19300 2937 170 823
SDUS -7.95400 -57.84000 689 180 602
SDUU -21.91000 -50.87200 1476 130 906
SDUZ -22.95000 -49.77000 1068 80 910
SDVA -21.83000 -46.95700 2329 160 612
SDVE -22.22800 -49.82100 2100 140 985
SDVF 4.59100 -60.18400 653 120 689
SDVG -20.46400 -50.00700 1667 50 1502
SDVH -23.00700 -46.63600 2727 40 755
SDVI -14.64300 -57.50500 1391 150 706
SDVJ -8.72400 -50.45900 807 90 1001
SDVL -22.24100 -43.71500 1903 170 511
SDVN -23.28300 -54.84200 1299 180 927
SDVP 4.33200 -60.49600 197 70 636
SDVQ -21.19900 -57.63900 351 20 1058
SDVS -21.06900 -48.03400 1801 170 918
SDVU -7.20600 -52.90700 3281 170 1003
SDWC -7.35800 -54.83300 699 140 801
SDWD -20.43500 -48.60600 1856 40 915
SDWE -21.28800 -48.16600 1919 60 1019
SDWF 4.57700 -60.74000 1089 180 615
SDWG -22.06100 -51.92800 1394 140 810
SDWH -21.19500 -49.93600 1444 10 1505
SDWI -8.17000 -35.63700 1709 140 810
SDWJ -8.72800 -53.39300 1099 70 902
SDWK -20.00500 -47.76700 1850 20 721
SDWL -23.19100 -47.07200 2566 60 419
SDWM -10.06700 -52.99800 2953 40 904
SDWN -20.34900 -48.77700 1857 90 1005
SDWO 3.86500 -62.58100 240 150 451
SDWQ -1.91800 -54.72700 102 100 1001
SDWR -21.08000 -51.14700 1627 70 811
SDWU -21.71400 -57.74000 279 10 1194
SDWV -2.57200 -51.95800 98 120 986
SDWX -5.49300 -57.21600 541 30 601
SDWZ -21.18500 -50.56700 1234 160 815
SDXA 4.21000 -60.00600 361 50 528
SDXB -16.79500 -47.64900 3937 50 1113
SDXE -21.26800 -48.35900 2037 50 1017
SDXF -14.12200 -47.53600 1200 90 1215
SDXI -4.23600 -48.47900 577 160 801
SDXJ -18.49300 -53.17400 2428 90 1293
SDXK 4.41400 -60.11900 486 110 450
SDXO -20.73200 -50.97100 1142 10 989
SDXQ -20.90600 -51.57900 1112 120 802
SDXR -22.22100 -57.15900 463 150 1223
SDXT -19.43900 -55.06200 1100 10 745
SDXU -21.34200 -51.25600 1401 130 906
SDXW -18.99700 -55.13800 554 100 1001
SDYB -23.78500 -48.34400 2234 110 801
SDYF -13.11200 -55.99200 1408 10 1297
SDYI -17.91500 -45.40400 3045 170 771
SDYJ -22.22700 -51.35100 1663 80 808
SDYM -22.60100 -47.41500 2172 160 894
SDYN -22.59000 -51.30300 1365 90 804
SDYS -27.17600 -48.63300 33 60 568
SDYT 3.76600 -63.98800 449 150 501
SDYW -23.94000 -48.88900 2320 120 1498
SDYX -4.85200 -42.26600 490 130 1201
SDZA -22.01000 -49.41400 1804 50 1175
SDZC 2.70600 -62.66900 246 10 420
SDZE -16.10800 -60.00700 1076 50 1011
SDZF -15.99400 -47.47600 2946 40 493
SDZH -22.89600 -45.49600 1804 40 1403
SDZI -15.68400 -59.92200 682 150 908
SDZJ -18.91900 -44.45400 2343 20 449
SDZK 2.99200 -63.71100 682 130 350
SDZM -23.92000 -48.82500 2254 130 1551
SDZN 4.80900 -60.22100 735 170 791
SDZO 4.57500 -60.44300 666 10 505
SDZQ -15.53400 -59.63500 768 180 605
SDZR -21.41600 -48.32900 2116 30 860
SDZS -20.57500 -49.08400 1673 160 1304
SDZT -20.31200 -48.98100 1581 90 904
SDZU -22.12000 -52.20100 1001 140 911
SDZV -22.48000 -49.46900 1841 10 838
SDZW -20.81200 -51.29900 1181 100 1028
SDZX -14.81600 -53.13900 1050 100 1301
SDZZ -21.80100 -48.54300 1790 10 690
SE01 -2.16800 -79.28800 150 80 999
SE02 -2.77700 -79.70500 45 30 990
SE03 -2.94600 -80.10500 3 110 999
SE08 -2.04900 -79.43400 21 170 1307
SE09 -2.17600 -79.23700 190 180 1307
SE11 -0.54200 -79.37000 1640 10 1207
SE22 -3.28400 -79.80300 110 20 1004
SE58 -3.34000 -79.86800 30 100 962
SE59 -3.20700 -79.79900 13 10 942
SE60 -2.44100 -79.40300 45 110 993
SEAM -1.22100 -78.57600 8502 10 1932
SECM -1.71000 -79.38100 328 10 992
SECO -0.45300 -76.99200 834 150 2069
SECU -2.89500 -78.99100 8306 50 1901
SEGS -0.44500 -90.27200 207 140 2408
SEGU -2.16800 -79.89000 19 30 2798
SEGZ -3.41500 -78.57100 2640 150 2009
SEIB 0.33100 -78.14000 7304 20 1949
SEII -0.93600 -90.95400 35 170 1508
SEKK 0.18800 -79.39200 1247 170 937
SELA -0.09900 -76.87700 981 50 2302
SELJ -1.70800 -79.55500 50 30 1011
SELT -0.89000 -78.61500 9205 180 3714
SEMA -4.38300 -79.94200 1508 10 1074
SEMC -2.31000 -78.12400 3452 10 2513
SEMH -3.26300 -79.96600 11 140 1682
SEMO -2.06800 -76.98200 960 80 1438
SEMT -0.95300 -80.68900 48 50 2859
SEMX -2.85100 -79.80800 18 90 997
SENL 0.08600 -76.87800 982 50 2310
SEPC -2.75800 -78.26700 1781 20 1609
SEPS -3.31800 -79.77400 22 100 1161
SEPV -1.03500 -80.48000 130 120 2279
SEQE -0.98300 -79.46500 350 180 1364
SEQM -0.10600 -78.35500 7841 180 4121
SEQU -0.12700 -78.49000 9228 170 3137
SERB -1.65700 -78.66200 9151 50 1602
SERO -3.43500 -79.98200 170 90 989
SESA -2.20300 -80.99400 18 80 2441
SESC -2.46600 -78.17200 3117 170 1000
SESD -0.24700 -79.21900 1714 110 1158
SESM -1.50200 -78.06900 3465 120 1539
SEST -0.90200 -89.61900 62 160 1904
SESV -0.59900 -80.40700 10 150 2212
SETA -2.27300 -79.68600 56 30 3049
SETE -0.98600 -77.82500 1708 100 1205
SETH -2.38000 -77.50400 1670 170 1100
SETI -0.78400 -75.52200 997 80 1100
SETM -4.00000 -79.38000 4056 60 2050
SETN 0.98900 -79.62600 32 180 2414
SETR -0.11900 -76.34400 814 120 1611
SETU 0.80300 -77.71700 9649 50 2473
SFAB -52.20400 -60.53800 228 50 633
SFAL -51.68600 -57.78100 75 180 1078
SFBH -51.41900 -60.42100 141 40 531
SFBI -52.17700 -58.86200 15 150 542
SFBS -51.84000 -61.23700 21 100 352
SFCH -51.52800 -60.26200 130 110 596
SFCI -51.26200 -60.59100 56 10 662
SFCS -51.71900 -60.06600 36 70 404
SFDH -51.75400 -60.42100 41 20 574
SFDS -51.46200 -58.61600 65 50 434
SFDW -51.81900 -58.98700 73 140 752
SFFB -51.93900 -60.06000 100 10 768
SFGI -52.35000 -59.75500 25 100 605
SFHC -51.50400 -60.14600 60 20 605
SFLI -51.99500 -58.46400 56 20 656
SFNA -52.12900 -59.37100 35 40 734
SFNI -51.74800 -61.28000 62 150 368
SFPC -51.50100 -59.00800 77 110 633
SFPE -52.09300 -60.28400 67 20 566
SFPH -51.61600 -59.51800 62 20 578
SFPI -51.31000 -59.61100 101 40 680
SFPS -52.09300 -60.85500 98 140 594
SFRC -51.53900 -60.36100 68 110 571
SFSC -51.57500 -59.04500 41 110 509
SFSI -51.37700 -60.09500 41 100 852
SFSL -52.43100 -59.07900 41 10 604
SFSP -51.82900 -60.45700 68 40 583
SFSV -51.43900 -58.38200 80 50 532
SFSW -51.75500 -60.53900 253 60 608
SFTI -51.56500 -58.43500 86 70 440
SFWI -51.87700 -60.90600 64 70 423
SFWK -51.96300 -58.79100 79 120 640
SFWL -52.23200 -59.74600 36 30 561
SFWP -51.34700 -60.68400 81 10 295
SG65 -22.15400 -57.94500 280 170 1203
SG67 -23.23000 -55.94900 712 30 1451
SGAS -25.25500 -57.52300 292 20 3365
SGAY -27.37900 -56.85600 223 20 1858
SGCO -23.45000 -57.43000 253 30 1857
SGEN -27.30500 -55.92000 279 50 1301
SGES -25.46700 -54.85500 846 50 3405
SGIB -25.41400 -54.62200 762 30 1526
SGME -22.06100 -60.62100 553 10 3515
SGPI -26.88800 -58.31900 249 20 1511
SGPJ -22.64900 -55.83200 1873 30 1804
SGST -22.63200 -56.63600 582 20 1805
SIAB -21.37100 -45.50000 3050 120 1149
SIAD -21.01100 -57.35200 394 70 911
SIAF -13.73900 -58.88700 1903 160 655
SIAI -16.23700 -56.92300 541 90 1002
SIAJ -16.98400 -39.16400 43 120 1101
SIAM -20.69300 -48.28900 1709 170 937
SIAO -19.63100 -55.25700 1493 90 1003
SIAP -31.73800 -54.09200 584 40 819
SIAQ -15.50100 -56.10100 754 170 1455
SIAR -22.80200 -50.04900 1617 60 919
SIAU -16.47900 -56.27100 404 180 909
SIAW -3.73900 -47.52000 420 120 751
SIAX -7.55000 -56.17500 820 120 601
SIAY -20.74000 -50.53600 1277 130 905
SIBA -20.09800 -55.92900 400 140 607
SIBC -21.88000 -41.29800 26 80 709
SIBD -5.75800 -49.18100 551 120 1100
SIBF -24.71600 -48.12000 249 180 819
SIBJ -18.68300 -49.99200 1401 90 1105
SIBK -17.51500 -44.76300 1759 180 1144
SIBN -23.06900 -49.43500 2021 150 815
SIBO -24.26000 -52.79500 1919 150 716
SIBU -6.36300 -37.76100 892 110 1005
SIBV -21.44500 -54.49000 1083 170 816
SIBW -7.56100 -38.50000 1214 80 988
SIBX -21.09600 -50.24300 1345 10 1037
SIBY -7.87600 -37.14400 2031 140 1043
SIBZ -7.30900 -38.11800 958 130 1202
SICA -6.70600 -38.50700 1017 90 951
SICB -6.48900 -36.14500 2139 100 1151
SICH -20.66400 -52.34000 1188 10 792
SICJ -13.46400 -58.77500 1706 20 802
SICK -17.68800 -42.53300 3113 40 1163
SICM -21.54300 -52.11200 984 40 917
SICN -22.50700 -51.81500 1348 50 818
SICO -13.32500 -56.04900 1453 40 1310
SICP -23.97500 -51.32300 2779 10 789
SICW -17.46700 -47.83300 3094 40 658
SICY -28.11100 -53.19700 2143 30 668
SIDB -4.26300 -43.00300 174 180 1432
SIDD -21.50000 -55.26400 1476 10 596
SIDG -22.43200 -55.53300 2152 10 596
SIDJ -8.94500 -50.51600 807 150 903
SIDM -15.04300 -52.09800 821 10 995
SIDN -23.42300 -47.58600 1985 140 1114
SIDR -19.83300 -56.70400 328 180 507
SIDS -18.02200 -56.73500 300 140 605
SIDW -15.24000 -54.49200 1968 180 1210
SIDY -24.07900 -51.82200 985 80 506
SIDZ -22.66000 -54.82400 1509 40 920
SIEA -21.46800 -50.79800 1181 30 962
SIEB -20.74900 -55.35900 932 60 661
SIEC -22.04200 -52.29600 955 110 981
SIED -15.45200 -43.40900 1621 110 801
SIEF -20.57400 -54.72000 1722 90 602
SIEG -22.65700 -53.39300 951 20 804
SIEJ -9.94200 -57.50100 821 180 1104
SIEL -16.58800 -57.73300 709 20 904
SIEN -15.40900 -53.34400 1503 40 1010
SIEQ -13.31300 -56.57500 1099 30 1690
SIET -20.08500 -56.72600 607 180 709
SIEV -20.76400 -56.70900 1050 150 945
SIEW -7.98800 -61.05000 279 50 1103
SIEX -19.01400 -50.43200 1450 30 1117
SIEZ -24.62000 -50.46100 2953 180 1023
SIFA -19.78300 -56.47600 328 160 814
SIFC -20.38600 -56.27000 722 30 811
SIFD -16.38300 -57.29000 591 180 1009
SIFE -23.41900 -50.60000 2100 10 542
SIFF -19.26100 -57.01600 233 90 1003
SIFH -17.32400 -53.20200 2464 120 1202
SIFJ -21.80600 -54.24900 709 100 601
SIFM -9.91600 -60.86500 499 50 964
SIFN -3.59600 -59.65500 188 70 791
SIFQ -29.04600 -51.14300 2566 90 756
SIFR -18.87300 -47.56400 3310 80 1060
SIFT -16.15200 -60.11600 906 10 998
SIFU -22.41700 -43.77700 1319 70 611
SIFV -19.83100 -40.10600 88 70 1602
SIFW -17.71700 -57.00500 400 120 702
SIFY -21.77500 -57.49700 607 170 828
SIGF -15.00200 -55.83000 1020 80 1200
SIGL -21.91500 -53.52100 1099 120 702
SIGM -16.27300 -57.86600 469 60 858
SIGN -15.57500 -53.23700 1585 60 959
SIGO -13.33100 -53.96000 2126 180 1409
SIGS -17.16500 -46.66400 1946 80 1108
SIGT -23.99200 -49.18100 2260 50 718
SIGU -19.81900 -53.83000 2199 60 1219
SIGW -21.91800 -57.14700 640 60 1018
SIGX -11.20100 -58.24000 1083 60 1005
SIGY -7.50300 -44.20800 1476 110 931
SIHB -5.45900 -46.06400 417 50 781
SIHG -10.07200 -49.99900 656 110 851
SIHI -6.61900 -48.99600 633 20 616
SIHJ -10.10700 -48.32900 958 130 656
SIHL 51.38400 -127.11400 0 170 610
SIHN -21.79800 -56.57500 936 120 803
SIHV -17.21500 -46.61400 2002 10 990
SIHW -21.22100 -47.87800 1781 50 561
SIIA -11.70200 -58.22400 653 90 1402
SIID -6.82100 -56.84500 695 90 701
SIIE -20.89200 -53.40800 1733 110 800
SIIG -22.36200 -51.10100 1756 20 953
SIII -20.42900 -48.22900 1798 150 1217
SIIJ -21.25000 -56.57100 1099 170 846
SIIK -20.72900 -53.68700 1811 160 712
SIIM -18.80000 -54.85300 1408 130 1106
SIIN -7.59600 -56.70600 951 90 851
SIIQ -17.39700 -53.72300 2198 120 852
SIIS -23.64900 -53.83400 1100 120 703
SIIT -20.76400 -55.57500 1188 50 1019
SIIU -19.64100 -48.70400 2218 150 810
SIIX -13.73500 -52.59300 1207 140 934
SIIZ -14.16500 -57.16600 2001 90 802
SIJA -2.89900 -48.96200 177 100 801
SIJE -20.01000 -57.39100 476 10 697
SIJG -21.44000 -50.72500 1290 170 918
SIJJ -22.80700 -55.53800 1181 120 1004
SIJK -17.95600 -46.86600 2457 100 902
SIJM -17.14100 -56.60100 328 160 1063
SIJN -27.86600 -49.57800 2881 10 637
SIJO -18.58100 -57.51400 381 50 1116
SIJR -25.53900 -49.60200 2592 120 502
SIJS -3.45600 -47.53200 561 90 801
SIJU -11.78200 -58.45700 1073 140 853
SIJV -21.58100 -49.87300 1394 30 1012
SIJY -26.98600 -48.81900 33 60 722
SIJZ -7.39200 -56.76800 801 140 902
SIKC -10.75900 -55.46300 1266 180 1105
SIKJ -9.66500 -55.97900 919 150 853
SIKK -20.24900 -45.64900 2180 140 898
SIKM -5.28600 -46.00400 863 160 902
SIKN -5.15800 -45.91900 928 100 821
SIKO -5.02100 -57.78300 541 80 601
SIKP -18.31000 -57.50800 404 20 1508
SIKQ -7.23700 -57.10900 633 100 801
SIKX -20.24200 -48.66300 1476 100 1032
SIKY -18.72000 -53.34300 2100 100 1202
SIKZ -5.66200 -43.53800 390 170 1202
SILA -22.76000 -53.84700 1247 80 757
SILB -15.00000 -55.50200 1247 180 806
SILC -13.03900 -55.94600 1690 80 1003
SILD -20.63400 -56.77200 512 10 796
SILG -13.76500 -58.74800 1690 20 1104
SILI -23.06000 -44.31700 197 90 504
SILJ -0.83000 -52.05400 135 180 851
SILM -14.47500 -46.87300 1598 30 1005
SILN -3.56000 -48.66100 325 90 1201
SILQ -24.92800 -53.50000 2132 80 486
SILS -6.38900 -56.28700 667 150 701
SILT -20.23100 -50.97200 1460 70 1013
SILU -19.87100 -56.98800 427 30 1216
SILW -21.73100 -56.51100 912 40 1020
SILX -10.51000 -53.65400 1070 120 901
SILY -23.51600 -53.80500 1300 30 814
SILZ -9.39600 -40.35700 1197 20 730
SIMA -17.92500 -57.62500 299 170 608
SIME -5.57800 -47.42700 443 90 1051
SIMF -15.97100 -46.71400 3287 140 1106
SIMG -21.10500 -57.71500 312 10 1195
SIMI -23.64100 -55.18500 1231 20 907
SIMJ -18.65900 -49.55300 2005 110 1187
SIMK -20.60000 -47.38800 3292 50 2013
SIML -3.28500 -49.20900 220 120 651
SIMO -16.77400 -56.17300 365 30 807
SIMQ -18.20500 -55.75400 600 180 910
SIMR -17.75100 -51.15700 2362 120 1302
SIMU -22.28700 -52.84200 978 10 991
SIMV -19.84200 -47.85200 2733 60 925
SIMW -20.34900 -53.97000 1562 170 1231
SIMX -15.24400 -56.57900 722 30 705
SIMY -23.21600 -54.09500 972 10 834
SIMZ -17.88100 -54.94100 584 20 1184
SINA -22.79300 -53.19900 1122 40 920
SINC -2.92700 -49.78500 49 10 950
SING -20.55500 -49.29100 1739 140 707
SINH -22.65400 -53.56500 804 30 960
SINJ -18.36400 -54.78000 1205 160 1014
SINK -21.87300 -50.87600 1582 140 1012
SINM -13.10500 -56.53000 938 10 798
SINN -8.80900 -46.36300 1657 90 1052
SINO -4.41400 -46.52100 634 100 651
SINP -21.51100 -56.42900 1083 70 1216
SINQ -0.79900 -52.49000 250 40 1001
SINR -18.01000 -54.02100 1231 120 1002
SINS -21.29200 -53.71100 1211 30 913
SINT -15.19600 -49.38300 2251 90 853
SINU -21.92400 -56.71300 936 110 851
SINV -8.23300 -37.76100 1634 70 1384
SINZ -25.43600 -50.53100 2796 140 773
SIOA -17.67500 -44.59700 1969 80 1008
SIOB -20.82500 -51.27500 1362 70 1217
SIOC -21.14000 -51.55100 1300 130 1107
SIOD -22.00100 -53.42700 952 50 1022
SIOE -25.79100 -53.03600 1850 160 618
SIOF -21.43600 -54.37800 1247 30 1015
SIOI -11.76200 -54.34800 3773 120 701
SIOJ -15.63600 -58.30900 749 20 984
SIOK -14.64000 -56.24300 1313 130 1003
SIOL -18.32400 -48.84700 1706 80 806
SIOM -11.53900 -54.19700 3741 100 601
SIOO -22.02800 -57.90500 273 40 1123
SIOP -21.97000 -57.85500 272 130 1211
SIOQ -23.50000 -54.31600 1313 170 1024
SIOR -18.10000 -57.15500 358 60 607
SIOS -22.77000 -53.96900 1312 100 1202
SIOT -21.49500 -52.38600 1092 40 1325
SIOU -18.29600 -57.01500 378 180 485
SIOV -16.90100 -39.16400 44 120 1101
SIOZ -9.59300 -50.35700 591 20 1201
SIPA -21.64200 -46.93800 2861 140 1212
SIPB -2.44200 -44.12700 109 100 550
SIPC -1.31500 -48.43100 16 100 420
SIPE -7.66400 -34.86000 20 50 1965
SIPG -14.14000 -51.47300 794 90 1449
SIPH -9.59900 -49.77600 722 170 803
SIPJ -18.10600 -45.21900 1969 150 1010
SIPK -16.50300 -56.42200 348 10 1207
SIPL -14.62100 -54.48200 1824 120 1202
SIPN -21.51400 -57.69100 328 20 806
SIPO -14.92300 -41.96200 2260 130 1103
SIPQ -17.00000 -48.74200 3002 90 903
SIPR -16.99900 -50.74600 2451 140 705
SIPU -19.45100 -47.36600 3567 70 912
SIPW -5.03800 -42.70500 607 20 901
SIPY -1.98300 -50.81500 96 80 801
SIQA -6.40600 -35.04800 171 140 901
SIQB -3.27100 -50.32500 249 150 1001
SIQC -19.16100 -52.99900 1592 60 1015
SIQD -20.64400 -54.79200 1968 40 814
SIQE -15.93800 -47.72700 3399 140 1760
SIQG -10.51100 -55.71200 958 30 1004
SIQI -30.54500 -50.47100 20 30 603
SIQJ -14.95800 -55.80600 989 110 1136
SIQK -22.78100 -47.33600 1909 130 503
SIQM -17.90400 -50.12300 1693 10 793
SIQN -10.72100 -52.80100 1264 10 898
SIQO -18.33500 -55.49000 499 100 1001
SIQQ -18.12900 -49.79800 6825 180 1013
SIQR -13.58700 -49.82000 804 10 1094
SIQS -15.37300 -57.13100 722 180 706
SIQU -20.09100 -51.30800 1280 10 990
SIQV -12.89900 -58.58200 1687 40 1007
SIQW -15.82200 -58.55500 755 30 1210
SIQX -15.63400 -57.47200 558 140 1057
SIQY -12.62900 -55.94900 1264 90 952
SIQZ -15.65300 -46.44400 1871 30 905
SIRA -12.39300 -55.24400 1575 30 1005
SIRB -21.76700 -54.38400 1476 170 919
SIRC -10.32000 -53.58800 1083 170 1206
SIRD -12.23400 -50.92200 821 110 801
SIRE -13.65600 -46.54300 2549 40 987
SIRF -8.63000 -35.27500 479 130 801
SIRG -12.03500 -51.62300 1214 90 1102
SIRH -18.27100 -54.31500 1450 40 1014
SIRI -13.90600 -38.94200 23 110 1001
SIRJ -4.30200 -56.22700 115 120 2001
SIRN -14.76300 -51.98700 854 180 1466
SIRQ -12.76900 -60.87000 1000 180 1005
SIRR -9.23200 -56.98900 1280 180 803
SIRS -19.63900 -48.79200 2461 160 864
SIRT -13.72900 -57.02700 1060 90 1202
SIRU -16.91800 -54.07700 6234 160 1012
SIRV -16.11500 -58.76700 400 180 797
SIRW -6.87400 -45.30700 1687 90 1001
SISB -12.15800 -51.68600 1108 10 797
SISD -18.14400 -51.27500 1982 160 1216
SISE -12.01900 -50.86900 650 60 805
SISF -20.94400 -56.67700 2198 60 1017
SISG -6.41400 -55.95200 699 130 651
SISI -17.63800 -50.47000 1720 10 793
SISJ -17.45700 -55.56100 427 60 708
SISK -18.86300 -52.04900 2093 160 609
SISL -16.89700 -55.91000 509 60 809
SISN -17.54600 -53.89900 2001 100 1061
SISO -0.09300 -49.58400 20 90 901
SISP -20.70600 -49.39300 1860 50 611
SISS -20.38200 -53.40400 1542 160 865
SISU -20.86700 -53.15800 1264 150 863
SISV -13.90100 -57.10800 1690 60 1310
SISW -13.82800 -59.16300 1690 20 1204
SISX -19.37800 -56.05800 361 70 404
SISY -25.45200 -49.14600 3212 90 453
SISZ -5.57800 -56.64200 821 60 601
SITA -7.22200 -56.16900 958 70 551
SITB -23.01300 -53.79200 951 120 1004
SITC -11.29800 -56.83800 1889 180 1005
SITD -5.10800 -57.48400 155 60 501
SITF 4.10900 -60.73700 365 110 851
SITH -17.67000 -50.38900 1644 180 810
SITI -17.01300 -44.79600 1719 110 1191
SITJ -7.49000 -46.14700 998 130 651
SITL -5.05100 -40.23800 1148 90 1001
SITN -18.24700 -57.55600 493 20 804
SITO -7.15300 -56.63800 361 140 501
SITR -20.17800 -55.07100 1509 30 1114
SITT -7.09200 -45.95800 1900 90 1001
SITU -17.93800 -50.34500 1526 150 809
SITV -13.40800 -55.67700 1450 150 956
SITW -6.82400 -45.41600 1720 100 1001
SITX -19.77200 -55.52400 519 150 811
SITY -19.40500 -55.86600 486 90 802
SITZ -14.91400 -43.36400 1713 150 1188
SIUA -20.86900 -53.21200 1083 180 955
SIUB -13.50900 -55.15200 1510 40 887
SIUC -7.22700 -56.67300 391 80 501
SIUF -10.16200 -53.70300 1231 30 1054
SIUG -22.49500 -51.91300 1116 110 751
SIUH -11.14200 -55.88100 1038 40 603
SIUJ -5.18900 -57.58400 401 10 600
SIUK -6.92600 -56.99300 840 80 501
SIUL -6.77700 -45.89700 1926 100 1201
SIUM -8.55700 -46.85600 1874 100 1301
SIUO -10.72300 -52.29500 1034 100 1977
SIUQ -20.98100 -54.33900 1660 70 1216
SIUR -19.60600 -53.50300 1549 130 804
SIUS -22.71800 -54.04400 1240 10 793
SIUV -20.31800 -51.78800 1365 100 1002
SIUW -20.84500 -52.30100 1093 10 1275
SIUX -6.42500 -56.05300 985 60 701
SIUY -7.01600 -55.87800 870 60 952
SIUZ -7.66500 -55.96100 788 30 902
SIVC -13.76000 -49.48100 1231 90 802
SIVD -16.94900 -46.28000 1722 80 1484
SIVE -23.51000 -48.00000 2447 20 721
SIVF -11.65300 -52.73700 1083 120 901
SIVG -11.87600 -55.44700 1280 90 601
SIVJ -19.45200 -43.90200 2402 130 502
SIVK -13.22600 -46.96100 1657 80 1205
SIVL -6.94800 -36.67300 1641 40 606
SIVN -16.60500 -43.76900 2149 50 1164
SIVO -12.44900 -51.77800 1378 90 801
SIVP -14.45000 -50.53600 899 20 901
SIVQ -22.08200 -54.20600 1083 110 1101
SIVR -7.62200 -56.74500 909 140 1202
SIVU -20.42700 -40.33500 16 50 975
SIVV -16.93200 -56.23400 489 30 1110
SIVW -24.71600 -48.02800 89 80 406
SIVY -8.30000 -45.76800 1575 100 1101
SIVZ -29.18800 -56.54900 220 180 718
SIWA -10.75000 -59.37500 1060 90 1352
SIWB -23.19300 -55.29100 1965 70 1117
SIWC -14.13700 -57.37000 2054 70 1006
SIWD -9.01000 -46.14100 5413 100 1001
SIWE -27.21500 -50.96300 3223 80 1333
SIWF -14.18700 -57.55500 2035 90 1002
SIWG -14.56100 -55.82400 735 60 1411
SIWH -9.41700 -50.42800 2533 50 1255
SIWI -13.92900 -57.24400 1700 180 1208
SIWJ -15.52800 -55.14200 2533 150 1362
SIWK -14.04700 -55.38500 1575 180 906
SIWL -14.12900 -56.93900 1690 50 1110
SIWM -17.98800 -49.54000 1969 150 1263
SIWN -17.84900 -49.58300 1477 30 1411
SIWO -12.68400 -61.09300 1132 80 1003
SIWP -22.87100 -54.44300 1201 50 921
SIWQ -20.96900 -53.08000 1234 50 867
SIWR -13.80200 -50.49200 985 70 805
SIWT -7.84400 -56.66000 699 30 802
SIWU -18.51700 -57.60000 365 150 608
SIWV -7.86000 -56.71900 699 70 1303
SIWY -17.50700 -55.77000 483 170 709
SIWZ -19.48800 -56.49100 312 70 1011
SIXA -20.53100 -51.09400 1398 130 603
SIXB -18.50900 -57.40400 312 50 812
SIXD -30.83900 -55.57100 913 110 772
SIXE -30.05000 -51.45200 33 110 1602
SIXF -17.38600 -47.53800 2717 60 810
SIXG -18.03100 -47.46200 2812 60 811
SIXI -15.17800 -40.09700 827 140 1004
SIXK -23.17100 -54.20200 961 10 792
SIXL -13.31100 -52.89700 1152 100 1001
SIXM -4.97500 -56.92400 492 70 901
SIXO -13.98500 -59.66400 1070 90 1138
SIXP -14.07700 -57.45600 2038 60 1487
SIXQ -23.85100 -55.43500 1500 10 893
SIXS -17.01200 -39.18300 82 120 796
SIXV -18.13400 -53.36700 2789 180 1316
SIXW -7.53100 -34.86600 1 120 901
SIXX -9.65800 -54.96000 1159 110 1111
SIXZ -23.99700 -48.60900 2346 180 767
SIYE -19.09900 -55.57100 411 50 610
SIYF -23.31000 -49.09300 2166 80 810
SIYH -18.97900 -55.29300 508 170 609
SIYI -6.64100 -48.67600 505 110 800
SIYK -17.45500 -48.21800 2605 150 717
SIYN -11.90500 -61.23300 748 50 1036
SIYO -17.25400 -51.31000 2848 140 806
SIYP -10.28400 -56.47200 1057 80 702
SIYQ -12.79700 -56.50200 1310 50 1511
SIYR -28.05300 -51.96400 2199 100 701
SIYS -22.43400 -45.47900 2759 20 607
SIYT -3.11700 -56.59000 99 100 801
SIYW -5.95000 -56.54500 601 160 501
SIYX -21.94800 -46.55300 4200 150 813
SIYY -17.45300 -56.84200 610 180 1205
SIZA -11.95800 -38.00700 558 140 1003
SIZC -20.78200 -41.99800 1542 70 713
SIZF -23.99900 -53.95700 873 30 1019
SIZG -22.61300 -48.38800 1631 20 1089
SIZH -19.99800 -51.51300 1483 10 1059
SIZI -18.75400 -51.47800 1854 90 1199
SIZK -14.87100 -52.11700 995 180 1008
SIZM -21.63800 -53.30700 1201 130 1561
SIZN -12.99900 -61.24100 843 180 1206
SIZO -14.19700 -51.64400 860 20 1504
SIZQ -23.03700 -48.44300 3078 100 601
SIZR -12.89700 -61.13100 853 180 911
SIZS -13.53500 -53.44100 1201 160 806
SIZT -19.35200 -56.79400 299 180 466
SIZU -13.44100 -54.27900 1427 40 1310
SIZX -11.28600 -57.54400 991 110 1201
SJAA -15.06700 -59.15400 1142 180 957
SJAC -11.47500 -51.69300 886 110 1201
SJAE -13.14100 -51.80700 1618 100 1201
SJAF -13.67100 -57.89900 1804 100 801
SJAG -13.62300 -60.29000 804 180 1207
SJAH -5.77600 -46.16700 741 60 701
SJAI -13.18500 -48.75300 1359 150 805
SJAK -18.36800 -48.87600 1624 70 1201
SJAL -4.64900 -47.23400 1077 40 601
SJAQ -16.12500 -46.36400 2999 60 1294
SJAR -20.01900 -50.90400 1198 110 1001
SJAS -21.66600 -49.17500 1450 170 919
SJAU -8.83600 -49.56400 680 120 1399
SJAW -21.72100 -48.45300 2057 180 917
SJAX -12.96800 -45.98100 2657 80 1366
SJAY -13.16300 -46.20500 3127 90 1003
SJAZ -12.77000 -46.02600 2733 100 1001
SJBC -8.98900 -51.21500 1082 170 1205
SJBF -15.16200 -48.28400 2136 30 805
SJBK -5.67600 -54.24800 581 150 925
SJBN -8.16600 -54.83400 1100 120 1001
SJBR -17.87900 -56.39000 401 30 593
SJBS -19.26900 -56.03400 443 90 552
SJBT -19.57200 -56.10100 417 160 610
SJBU -17.01300 -44.79600 1720 110 1191
SJBW -23.83600 -51.90500 1247 160 820
SJBX -6.01900 -35.24300 329 130 801
SJBY -3.65900 -45.35000 82 60 1507
SJBZ -18.95400 -51.11000 1411 180 831
SJCA -21.53900 -47.05000 2133 50 1968
SJCD -17.72600 -53.93800 1303 20 1103
SJCE -21.85000 -54.02400 1690 130 1209
SJCF -13.19100 -52.31100 1250 80 1004
SJCL -14.52800 -50.41400 1100 160 968
SJCM -16.12000 -52.95500 4361 130 1004
SJCN -16.90800 -47.71200 3544 90 803
SJCO -21.50400 -50.10200 1510 30 1316
SJCP -17.07600 -50.85000 2497 50 911
SJCQ -11.93000 -40.05600 1123 160 1578
SJCW -1.71000 -58.51600 132 130 1266
SJCY -15.67800 -55.96300 617 120 1603
SJCZ -12.43200 -54.26000 1101 70 1005
SJDA -19.19100 -48.12200 3160 120 1002
SJDD -22.51500 -53.34700 854 90 1005
SJDE -22.52900 -52.97800 1067 70 1502
SJDG -6.18900 -54.07500 657 90 701
SJDH -14.54800 -45.77000 2891 150 804
SJDI -22.85300 -54.20900 1247 60 1021
SJDJ -29.88800 -57.14200 210 120 367
SJDL -17.31100 -55.84700 1313 50 809
SJDN -19.45800 -55.74300 558 60 558
SJDS -3.92600 -38.50500 66 130 1081
SJDT -19.52000 -55.31400 453 60 578
SJDU -29.72800 -56.96400 329 90 356
SJDV -19.61800 -56.74500 312 120 501
SJDW -22.12200 -57.29200 548 170 1225
SJDX -19.41300 -55.55200 375 80 575
SJDY -18.66300 -54.07200 1533 110 800
SJEA -12.85300 -48.23000 985 80 1104
SJED -18.67700 -57.22600 348 170 710
SJEF -19.74500 -56.04400 342 140 576
SJEG -20.16500 -57.15900 525 30 1014
SJEH -22.10600 -48.22900 2395 40 1019
SJEJ -22.15500 -49.29100 1713 110 681
SJEK -13.55000 -52.21500 4594 30 1005
SJEL -6.95300 -56.47300 837 150 682
SJEM -12.31900 -55.33800 1231 110 981
SJEN -33.14200 -52.97900 10 140 728
SJEQ -18.18400 -56.78500 404 70 606
SJER -17.31700 -50.32400 1841 140 1000
SJES -18.11900 -56.64400 407 80 603
SJET -17.56700 -56.78700 404 30 606
SJEU -17.86900 -56.19700 404 100 601
SJEV -17.65200 -56.88700 401 30 808
SJEW -13.01600 -46.23900 3163 30 1004
SJEX -13.01500 -46.10800 2966 30 1004
SJEY -19.99400 -50.26700 1562 30 809
SJFB -8.38400 -46.44600 1815 90 901
SJFF -20.30000 -50.41500 1595 60 1367
SJFG -5.52200 -57.11000 250 90 601
SJFI -15.63900 -55.99000 644 10 847
SJFJ -17.23600 -55.23100 522 100 981
SJFK -12.59800 -49.52300 752 100 1201
SJFL -12.56400 -49.86600 1083 60 805
SJFM -23.84000 -54.23300 1149 40 994
SJFN -18.36800 -54.93000 752 180 911
SJFO -18.03300 -50.20100 1549 180 810
SJFP -12.90700 -61.37000 984 180 905
SJFQ -22.95700 -48.67800 2441 140 911
SJFR -12.52800 -58.23500 1492 10 998
SJFT -10.09400 -57.73100 1018 90 901
SJFU -6.69800 -35.63200 1716 40 902
SJFV -18.75500 -48.75700 2762 180 1286
SJFW -15.94000 -46.48200 2648 90 1004
SJFX -12.80400 -46.10000 2799 60 1510
SJGA -3.70200 -56.05700 131 110 600
SJGB -13.58800 -57.46700 1690 60 1208
SJGC -12.90400 -45.50600 1201 90 1303
SJGD -12.80500 -45.72900 2500 90 1203
SJGE -6.08100 -56.29200 591 110 550
SJGF -30.21100 -52.44200 131 170 398
SJGH -28.71800 -55.99500 300 70 614
SJGI -19.34100 -56.90800 328 10 597
SJGJ -20.60900 -57.55700 282 100 500
SJGK -9.43300 -51.02600 404 10 1098
SJGN -13.65700 -56.48400 1201 180 1208
SJGO -23.81500 -54.25600 1079 150 1001
SJGP -16.44300 -54.66900 1047 130 1212
SJGR -14.60100 -50.15500 1050 170 908
SJGT -8.88800 -58.55100 1559 180 1003
SJGU -5.68300 -48.12200 312 120 1499
SJGW -11.78600 -55.54300 1280 70 1004
SJGX -31.12500 -51.57900 30 130 713
SJGY -13.70800 -46.74000 1965 110 801
SJGZ -22.09200 -52.67900 1231 80 1010
SJHA -22.98800 -55.02100 1296 30 1221
SJHD -21.37800 -52.20300 1375 150 1321
SJHE -12.08900 -55.99900 1201 180 1207
SJHF -7.37500 -44.39900 1257 70 1002
SJHG -10.63300 -51.57200 781 120 1101
SJHH -18.11600 -52.22100 2287 160 1014
SJHJ -11.18600 -61.08900 831 20 953
SJHK -30.93300 -55.08300 394 160 838
SJHL -6.09300 -49.36300 384 170 501
SJHM -12.95900 -58.59300 1588 40 1209
SJHN -27.81500 -49.23800 3445 140 1021
SJHO -13.95700 -57.10700 1699 30 1208
SJHP -20.28000 -53.66300 1624 40 793
SJHQ -11.03900 -52.33400 1155 20 1201
SJHS -19.31700 -48.35400 2477 120 1202
SJHT -19.83500 -54.83100 1194 40 915
SJHU -13.87500 -60.09700 1149 180 755
SJHW -17.29800 -43.96100 2221 50 1216
SJHX -4.94700 -47.46700 926 80 501
SJHZ -13.24300 -54.03900 1165 130 1304
SJIC -21.24400 -52.79000 1050 120 802
SJID -19.91800 -52.63700 1549 100 1202
SJIE -13.55700 -58.86300 1739 40 1613
SJIF -23.39100 -54.75300 1247 180 815
SJII -22.30100 -54.94200 1395 20 1006
SJIJ -17.78100 -53.46700 2766 120 1202
SJIL -19.10100 -55.84800 427 30 501
SJIO -26.99600 -50.38300 3609 20 805
SJIQ -19.52700 -50.65800 1384 50 966
SJIR -13.30400 -40.88500 1733 170 957
SJIS -20.34900 -53.46200 1598 80 1109
SJIT -20.74900 -46.75200 2520 180 1419
SJIU -11.79600 -38.09300 555 70 724
SJIV -29.08800 -56.21700 268 60 703
SJIY -4.98300 -56.93100 814 60 1145
SJIZ -15.86300 -59.22100 869 170 1415
SJJA -8.37600 -55.31000 800 90 801
SJJB -20.77300 -52.78100 1348 150 1219
SJJD -22.03600 -57.47000 502 40 1021
SJJF -8.49900 -60.96300 292 20 982
SJJG -12.72000 -52.38300 1050 130 1002
SJJH -3.24700 -51.72400 233 160 681
SJJJ -12.68400 -61.09300 1132 80 1003
SJJK -10.02500 -56.74000 980 170 1005
SJJL -11.78400 -45.96600 2418 160 1085
SJJM -13.53800 -58.76500 56 10 1298
SJJN -20.47000 -52.68800 1320 30 911
SJJO -13.19500 -47.11700 1431 50 705
SJJP -7.83200 -56.54100 778 160 853
SJJR -21.72400 -44.21100 3810 40 1018
SJJT -9.95800 -49.75500 581 160 1004
SJJU -14.04500 -60.15400 725 170 1008
SJJW -19.50800 -55.61500 443 50 602
SJJX -2.89900 -48.96200 179 100 801
SJKA -13.62800 -57.90100 1798 180 1696
SJKB -9.90500 -58.58100 1506 10 1199
SJKC -9.28800 -58.03600 787 150 1004
SJKG -3.51500 -54.09900 499 90 901
SJKH -7.42900 -56.34400 722 90 631
SJKI 0.20800 -51.01400 66 100 1101
SJKJ -17.44000 -53.81200 2549 150 808
SJKL 4.61600 -60.07200 994 20 651
SJKM 4.80500 -60.02300 1886 30 701
SJKN 4.70600 -60.26900 1988 120 801
SJKO 4.06100 -60.16700 594 60 601
SJKP 4.54500 -60.46400 1194 180 801
SJKQ 5.12600 -60.58700 1989 170 701
SJKR -6.08200 -56.39100 706 70 601
SJKS 2.37600 -63.01100 1092 110 701
SJKT 4.17100 -60.54700 577 90 701
SJKU 4.81100 -60.47300 2188 10 700
SJKV 4.47000 -60.78200 1191 100 801
SJKW 4.42600 -60.82700 1191 80 651
SJKX 4.17000 -59.75200 496 100 801
SJKZ 4.44900 -60.44200 994 90 601
SJLA 4.66100 -60.29500 1988 90 701
SJLB -15.50400 -57.77200 949 80 1105
SJLC 2.72100 -63.57000 1191 120 600
SJLD -15.72000 -57.71100 594 10 887
SJLE 3.22400 -63.20200 994 90 600
SJLF 2.49500 -63.73200 2284 60 751
SJLG -17.25200 -51.50500 2858 100 701
SJLH 2.17500 -59.78600 495 90 600
SJLI -4.21500 -46.97900 958 90 961
SJLJ 0.59700 -59.22500 397 110 701
SJLK 3.44000 -60.35300 298 20 601
SJLL 4.46000 -60.10300 1493 80 651
SJLM 4.15200 -61.43000 298 120 601
SJLN 4.72600 -60.59400 1890 90 701
SJLO 5.08300 -60.38200 2189 90 651
SJLP 2.97700 -60.09500 348 10 600
SJLQ 4.36400 -60.01900 1791 80 601
SJLS 2.12800 -59.82200 495 180 601
SJLT 3.38500 -60.41000 358 90 600
SJLU 1.73900 -62.28900 397 80 751
SJLV 4.36000 -59.97100 1792 180 701
SJLW 4.42100 -60.49200 1493 90 601
SJLX 4.45200 -59.85700 1792 90 651
SJLZ 4.73200 -60.03700 1896 60 801
SJMA -17.93300 -54.93000 525 140 1008
SJMD 2.72500 -62.95100 696 170 601
SJME 4.56800 -60.90500 2783 60 701
SJMF 4.16300 -60.22500 994 90 601
SJMH 3.31500 -62.97100 896 10 700
SJMI 3.28700 -63.84600 1988 80 601
SJMJ 4.45400 -60.26900 1489 40 901
SJMK 4.71000 -60.47600 2188 10 700
SJML 4.70400 -60.73500 2287 170 701
SJMM 4.92700 -60.32300 2585 30 651
SJMN 3.80900 -60.09400 495 90 801
SJMO 4.47100 -60.86500 1194 120 601
SJMP 4.28700 -60.26000 1890 90 651
SJMQ 4.16900 -60.14000 847 80 651
SJMR -23.46600 -54.29800 998 10 991
SJMT 4.49000 -60.99400 1195 100 701
SJMU 4.99200 -60.43600 2287 180 601
SJMV 4.94400 -60.48100 2480 120 1201
SJMW 4.46900 -60.18000 1690 90 601
SJMX 4.57500 -60.86100 2487 100 600
SJMZ -12.95900 -45.99000 2701 100 1101
SJNA -1.26800 -48.43300 17 90 600
SJNB 4.50100 -60.80500 1194 100 600
SJNC 3.14500 -62.23300 794 70 601
SJND -6.62100 -56.69400 821 40 601
SJNE 1.99300 -59.95800 495 180 601
SJNF 4.63300 -60.17600 1739 20 551
SJNG 2.60300 -63.86900 1988 10 801
SJNH -18.02400 -55.46200 492 170 811
SJNI -13.91500 -56.08600 1575 180 1208
SJNJ -15.43400 -51.59600 892 90 1203
SJNK -12.08600 -61.64300 1119 20 983
SJNL -13.62700 -57.58300 1791 30 1527
SJNM -14.00500 -55.94600 1520 20 1203
SJNN -10.22600 -64.34300 535 10 750
SJNO -18.67000 -57.12500 348 170 812
SJNP -7.12200 -55.40300 794 170 1053
SJNQ -17.49000 -40.15700 656 20 1217
SJNR -1.30700 -48.26200 88 110 951
SJNS -9.23200 -57.02400 1266 30 1505
SJNU -13.03500 -51.71800 1099 140 1004
SJNV -18.43600 -50.25500 1857 10 1139
SJNW -9.63600 -55.23300 1103 90 1502
SJNX -18.41200 -52.63300 2730 50 973
SJNZ -13.25800 -58.72900 1746 10 1148
SJOG -9.89000 -63.05100 530 30 1311
SJOH -2.19000 -56.09400 108 70 1051
SJOI -22.02800 -57.98500 289 160 1022
SJOJ -4.87300 -47.39300 656 60 1192
SJOK -19.31900 -52.97700 2041 30 809
SJOM -10.63600 -58.44900 991 70 1204
SJON -18.87400 -56.79100 328 70 606
SJOO -14.13000 -59.82200 864 160 989
SJOR 1.01900 -50.21600 30 90 550
SJOT -6.87500 -48.53800 587 60 1053
SJOU -14.44900 -54.03500 1628 180 978
SJOW -20.98500 -50.52900 1188 50 918
SJOX -12.82800 -46.25400 3145 90 2005
SJOY -12.61000 -46.24700 2999 90 1804
SJPA -11.68500 -60.63300 1001 120 801
SJPG -6.12600 -56.40100 545 80 601
SJPH -16.19200 -48.08200 3297 80 1006
SJPI -15.41600 -48.63400 2510 20 800
SJPK -12.35500 -46.13600 2815 180 1409
SJPL -21.97300 -54.15100 1116 120 742
SJPO -9.58500 -37.78100 791 160 939
SJPP -9.86200 -56.00600 879 30 1104
SJPQ -16.31800 -47.22800 3205 150 692
SJPR -25.55200 -49.64400 2907 30 540
SJPS -14.97600 -57.99300 636 180 907
SJPU -7.12100 -56.81600 866 70 401
SJPV -12.97100 -56.18500 1378 180 1157
SJPW -12.89900 -56.36600 1362 40 1309
SJPX -15.42000 -54.37300 2028 30 1007
SJQA -13.21400 -46.24400 3121 90 1103
SJQB -8.32700 -51.10900 601 120 901
SJQD -19.37300 -56.35000 296 30 810
SJQE -25.41300 -49.06900 2999 120 602
SJQF -13.36100 -57.75700 1690 40 1209
SJQH -9.39200 -66.68000 375 180 1003
SJQI -17.36700 -56.77900 361 10 1195
SJQK 2.69400 -60.81800 279 80 1001
SJQL -19.32100 -47.55700 3117 100 902
SJQN -18.44400 -50.41600 1922 130 1499
SJQP -12.80600 -50.62700 801 10 1145
SJQQ -2.86800 -50.99500 66 60 841
SJQR -21.15100 -50.90500 1312 70 1014
SJQS -15.47400 -55.72100 2116 50 596
SJQT -20.16600 -43.92900 4209 160 695
SJQV -21.51000 -48.20200 1978 100 902
SJQX -3.52400 -53.39000 797 120 801
SJQZ -10.61100 -48.35100 919 50 1222
SJRA -5.77800 -52.62200 525 20 701
SJRB -10.11700 -52.51000 1191 70 1405
SJRC -14.82300 -59.69100 1575 160 1211
SJRG -32.08900 -52.17400 25 60 1901
SJRH -15.30300 -54.60200 1788 170 1212
SJRI -8.40500 -45.44700 1825 120 1351
SJRJ -7.64200 -56.79000 752 60 602
SJRK -9.23600 -50.93000 860 10 843
SJRL -14.46000 -56.05500 1001 80 653
SJRO -20.53000 -50.64000 1312 110 1101
SJRP -20.13700 -56.37500 450 60 1218
SJRR -17.05800 -50.92800 2461 20 801
SJRS -21.34300 -51.40900 1017 120 1103
SJRT -14.37300 -54.00200 1499 10 896
SJRV -13.39300 -57.61500 1394 10 1596
SJRW -19.34200 -52.69700 1581 100 1602
SJSA -22.78800 -54.60200 1263 130 908
SJSC -18.65900 -57.62500 358 160 609
SJSD -21.07400 -55.13400 1772 90 1204
SJSE -6.32300 -55.79600 1017 40 702
SJSF -19.84300 -49.69300 1310 90 1105
SJSH -27.37300 -48.61400 33 50 598
SJSJ -19.51100 -52.60600 1201 180 1014
SJSK -17.52600 -42.38800 3271 140 1107
SJSL -23.34500 -53.50200 1162 160 717
SJSM -19.00300 -50.95500 1451 160 812
SJSN -14.83700 -49.36500 1871 110 801
SJSO -12.94900 -56.32000 1358 180 1107
SJSR -13.99600 -49.76200 1044 10 895
SJSS -12.50500 -55.69800 1100 160 1007
SJSU -23.56500 -53.80100 1083 90 804
SJSX -15.21600 -50.84200 1076 110 1151
SJTA -22.17800 -50.49400 1355 180 917
SJTB -15.46900 -55.62800 2451 70 1410
SJTF -13.06400 -62.26300 552 80 1203
SJTG -14.44500 -57.80200 1831 180 1158
SJTI -24.52900 -50.36800 2700 80 608
SJTJ -21.12000 -54.45000 1450 20 804
SJTK -22.29700 -48.12200 2129 120 411
SJTL -22.97800 -51.55300 1821 110 1001
SJTM -20.89200 -50.99000 1260 40 946
SJTN -13.37400 -46.90200 1742 130 962
SJTO -14.15000 -57.78000 2083 10 1397
SJTP -12.72400 -56.50500 1321 170 1108
SJTQ -22.37100 -43.25100 2087 20 579
SJTS -2.07200 -56.49300 83 120 1001
SJTT -13.23600 -49.71300 926 140 1004
SJTU -13.58700 -57.56300 1765 60 1208
SJTV -11.47800 -57.92500 984 60 1307
SJTZ -4.30400 -47.58600 800 100 1001
SJUA -13.63100 -46.14000 3101 20 1100
SJUB -15.17800 -60.22300 896 180 1108
SJUC -12.10900 -45.78300 2395 100 1201
SJUD -21.99200 -55.11800 1420 90 1004
SJUH -19.23800 -47.50200 3346 120 1002
SJUJ -13.44800 -59.26200 2215 180 1207
SJUK -14.35700 -57.92100 2435 150 1008
SJUL -22.88200 -49.03900 2257 30 1014
SJUQ -19.74300 -52.60600 1349 20 883
SJUR -13.48900 -54.10600 1575 40 1209
SJUS -15.08000 -51.16000 804 30 1207
SJUU -14.03200 -46.87100 1450 20 950
SJVB -15.09200 -60.12600 499 100 1001
SJVC -20.46400 -49.53400 1779 30 1011
SJVD -17.85300 -45.24500 2550 140 1006
SJVF -18.81400 -53.86700 1785 170 1015
SJVL -19.37200 -47.13300 3281 80 908
SJVM -9.89500 -56.13000 945 30 642
SJVN 0.28700 -53.87100 984 30 600
SJVO -15.90000 -52.25000 1061 100 1011
SJVP -0.80100 -60.09100 876 90 1601
SJVQ -18.89300 -49.28700 2231 30 807
SJVR -21.48800 -56.48900 1181 170 1020
SJVS -18.70700 -49.68600 1739 10 792
SJVV -13.47000 -48.46100 2461 180 907
SJVW -8.52100 -46.75100 1706 70 1203
SJVX -3.69900 -47.76600 453 140 691
SJVY -5.54300 -47.50400 335 70 501
SJVZ -13.61600 -58.57100 2012 30 1308
SJWA -21.34100 -55.43500 1509 180 1016
SJWB -17.46000 -48.98600 2428 80 795
SJWC -19.59200 -52.95400 1532 40 1219
SJWD -21.50600 -54.72100 984 120 1053
SJWE -13.41000 -52.85000 1279 30 1307
SJWG -29.78200 -55.70000 384 70 615
SJWH -14.65100 -55.38900 1330 110 1201
SJWI -21.50000 -53.75400 1420 70 1014
SJWL -13.58000 -53.98200 1804 10 1196
SJWM -13.07100 -58.70800 1949 40 1007
SJWN -23.55300 -49.25300 2096 70 917
SJWO -14.80600 -57.97800 699 120 902
SJWP -12.62200 -45.93100 2650 90 1704
SJWQ -21.21600 -50.30500 1338 130 905
SJWT -17.39800 -54.76500 1788 80 1207
SJWU -18.67000 -40.33500 471 60 792
SJWV -13.38300 -50.42400 1030 10 1135
SJWW -20.01800 -53.22100 1083 140 1212
SJWX -22.57700 -52.50800 981 90 1105
SJXA -31.29000 -54.15700 886 180 433
SJXB -15.76000 -58.80300 600 30 857
SJXC -16.18700 -39.36300 410 80 1410
SJXG -11.66000 -52.85300 1083 160 1006
SJXH -27.21600 -53.27500 1135 140 511
SJXI -3.08900 -39.66600 52 130 796
SJXJ -21.44800 -54.38800 1381 90 502
SJXM -21.73500 -43.89800 3452 70 915
SJXN -17.19300 -57.03700 361 80 704
SJXS -16.87200 -39.37100 434 80 1503
SJXV -22.93500 -55.05400 1256 10 893
SJXW -21.67700 -54.03900 1155 60 917
SJXX -22.67600 -55.54400 1968 150 1020
SJYC -22.89300 -54.66500 1001 40 818
SJYD -11.96800 -61.69200 636 70 1385
SJYE 4.62000 -60.28100 994 100 901
SJYF 2.00600 -61.48000 594 80 1001
SJYG 2.76400 -62.22400 237 90 600
SJYH -8.77700 -50.97100 1020 170 802
SJYI 4.44300 -60.85000 1500 90 701
SJYJ 3.16000 -63.78400 236 80 651
SJYK 1.07400 -62.22000 171 170 801
SJYL 2.74100 -62.02100 499 170 901
SJYM 3.83500 -60.60500 348 50 601
SJYO 4.63500 -60.58700 892 160 701
SJYP 4.32000 -60.19700 892 90 801
SJYQ 4.33000 -60.28900 1194 90 801
SJYR 4.70700 -60.51800 794 120 601
SJYS 3.99000 -60.18400 594 80 601
SJYT 4.72400 -60.77100 1194 180 1001
SJYU 4.68400 -60.80700 1194 80 1001
SJYW -10.33700 -50.94000 748 20 1301
SJYY -11.52700 -58.17800 935 20 1103
SJYZ -15.26600 -54.26000 1968 170 1010
SJZA -30.67500 -51.52900 107 120 695
SJZB -10.69500 -58.64900 879 10 1199
SJZC -8.78100 -35.78900 1371 80 1002
SJZD -17.86400 -56.70600 361 80 804
SJZE -20.24000 -52.39200 1270 110 1051
SJZF -20.61700 -52.02400 1197 120 1203
SJZG -10.65900 -51.44100 843 100 1151
SJZH -10.88400 -55.00100 981 70 903
SJZM -12.61300 -46.74700 1338 20 1350
SJZO -18.46800 -56.76600 394 60 810
SJZP -9.83800 -55.46600 1070 30 1204
SJZQ -10.56200 -44.95000 1444 140 868
SJZR -7.44300 -44.35700 1280 140 901
SJZS -7.53800 -44.82600 1280 140 902
SJZT -13.24200 -43.74300 1500 90 1705
SJZW -23.28300 -48.74100 2044 160 1023
SJZX -20.02300 -57.92100 397 160 814
SJZZ -15.02100 -53.93800 2199 50 1010
SK01 7.01900 -71.39300 512 70 962
SK52 4.72800 -72.32600 573 40 1202
SK53 3.87900 -73.34500 836 70 1281
SK54 4.38300 -76.06800 3044 170 1434
SK55 7.38500 -73.51100 440 110 1202
SKAO -11.38600 -72.24000 157 70 1645
SKAP 4.07700 -73.57400 1227 100 2498
SKAR 4.44300 -75.76900 3990 20 2142
SKAS 0.49800 -76.50200 815 10 1632
SKBC 9.04600 -73.98000 111 100 1223
SKBG 7.13600 -73.18800 3896 160 2271
SKBN 10.88200 -72.90400 850 30 1513
SKBO 4.71300 -74.15200 8361 130 3807
SKBQ 10.87900 -74.79000 98 50 3006
SKBS 6.20800 -77.39500 80 180 1215
SKBU 3.81900 -76.99500 48 90 1202
SKCC 7.94000 -72.52000 1096 20 2354
SKCD -5.08300 -76.70500 213 90 1214
SKCG 10.43100 -75.51300 4 10 2616
SKCL 3.53000 -76.38400 3162 10 3007
SKCN 6.31300 -70.21400 341 40 1121
SKCO 1.81000 -78.75500 8 60 1604
SKCR -0.92400 -70.77500 817 110 1000
SKCU 7.96300 -75.20000 174 10 1162
SKCV 9.39700 -75.69600 31 50 1350
SKCZ 9.32600 -75.28800 528 20 1508
SKEB 7.60200 -74.80800 180 180 1324
SKEJ 7.01700 -73.81100 412 40 1807
SKFL 1.59200 -75.57000 803 120 1502
SKGB 3.45500 -76.50400 3165 60 1903
SKGI 4.26900 -74.79800 900 10 1611
SKGO 4.74800 -75.95700 2979 10 2231
SKGP 2.56500 -77.90000 164 10 1304
SKGY 4.81400 -74.07200 8390 110 1719
SKIB 4.42700 -75.13900 2999 140 1797
SKIO 9.26600 -74.65700 65 60 1270
SKIP 0.85800 -77.67900 9765 60 1766
SKLA 6.71000 -72.73200 8530 150 975
SKLC 7.82000 -76.72100 46 150 2189
SKLG -0.18000 -74.77600 573 120 1202
SKLM 11.23300 -72.49700 276 90 1484
SKLP -1.31500 -69.58900 587 150 1701
SKLT -4.20100 -69.94600 277 30 1886
SKMA 4.72300 -74.28200 8325 60 1846
SKMD 6.20900 -75.59300 4940 20 2536
SKME 4.21300 -74.63800 1028 40 1157
SKMF -1.35600 -71.94500 728 20 1321
SKMG 9.28600 -74.85300 178 110 1496
SKMJ 11.38800 -72.24600 160 70 1617
SKML 7.97700 -75.43300 160 180 1091
SKMP 9.25300 -74.43900 60 20 1242
SKMR 8.83000 -75.83200 36 140 1920
SKMU 1.24600 -70.23500 680 20 1806
SKMZ 5.03000 -75.47100 6871 100 1473
SKNV 2.94200 -75.29600 1464 20 1802
SKOC 8.31000 -73.35900 3850 10 1214
SKOE -4.79700 -71.36000 548 40 1481
SKOL -4.57200 -71.33600 699 30 1337
SKOT 7.01400 -74.71700 2060 160 949
SKPA 5.75900 -73.11000 8205 40 1648
SKPB 12.22100 -71.99300 90 90 1692
SKPC 6.18100 -67.50000 177 70 1800
SKPD 3.86200 -67.90800 460 170 1811
SKPE 4.81000 -75.74800 4416 80 2020
SKPI 1.85400 -76.09200 4212 60 1498
SKPN 6.20900 -74.59500 476 60 1008
SKPP 2.45200 -76.61700 5687 70 1890
SKPQ 5.49700 -74.65700 566 180 3061
SKPR 6.46600 -74.41100 445 180 1297
SKPS 1.38600 -77.29400 5951 20 2323
SKPV 13.36200 -81.35900 10 170 1173
SKPZ 5.87000 -71.89000 900 40 1509
SKQU 5.20400 -74.88400 1531 10 1810
SKRG 6.18000 -75.42300 6955 180 3519
SKRH 11.52600 -72.93400 43 90 1648
SKSA -6.94900 -71.86000 699 150 1122
SKSJ 2.57300 -72.64000 605 10 1503
SKSM 11.11200 -74.23000 22 10 1712
SKSO 5.67000 -72.97600 8155 40 1887
SKSP 12.57800 -81.72100 19 60 2381
SKSV 2.15700 -74.77100 920 140 1492
SKTB 8.63100 -72.73700 194 90 1500
SKTD -5.43700 -71.66600 650 50 1280
SKTI 4.23400 -74.65700 1617 40 2811
SKTJ 5.53700 -73.34700 8940 40 1110
SKTM 6.44600 -71.76800 1050 70 2019
SKTQ 0.74200 -75.24200 585 70 1896
SKTU -8.06300 -76.74900 7 160 950
SKUA 5.51800 -68.68100 285 30 2471
SKUC 7.07000 -70.74600 420 110 2102
SKUI 5.69400 -76.64700 204 130 1401
SKUL 4.08400 -76.23600 3132 10 1071
SKVG 0.98500 -76.60700 1248 160 1324
SKVL 5.94600 -74.46100 566 150 1689
SKVP 10.42600 -73.25100 456 20 2104
SKVV 4.16200 -73.61900 1394 40 1716
SKYC -8.60000 -73.62200 479 90 1071
SKYP 5.31100 -72.39200 1028 50 2582
SLAG -19.78700 -63.91900 10679 160 993
SLAP -14.72700 -68.41400 4639 170 1301
SLAS -15.71400 -63.09500 807 160 1401
SLBJ -22.78000 -64.31300 1250 10 1506
SLCA -19.99600 -63.53100 2615 150 1201
SLCB -17.40900 -66.19100 8360 40 3803
SLCC -16.18700 -69.09400 12592 60 1601
SLCH -16.98400 -65.14400 1000 170 1465
SLCN -17.58900 -69.45000 13317 100 2001
SLCO -11.04900 -68.78500 892 20 2015
SLCP -16.14000 -62.02600 1621 160 1751
SLET -17.80100 -63.17900 1371 150 2807
SLGY -10.81500 -65.34700 427 170 1801
SLJE -17.81200 -60.80100 974 170 1201
SLJO -13.03100 -64.66900 456 160 2001
SLJV -16.32000 -62.60500 1703 180 1501
SLLJ -16.53500 -68.30700 12815 80 1501
SLLP -16.51300 -68.21100 13313 100 3993
SLMG -13.25300 -64.07600 463 160 1401
SLOR -17.95100 -67.07600 12146 90 2473
SLPO -19.55000 -65.73500 12913 60 2785
SLPS -18.98300 -57.82600 439 40 2007
SLRA -13.27700 -64.70300 699 160 1501
SLRB -18.31400 -59.76800 906 170 1201
SLRI -11.01200 -66.10600 459 130 1801
SLRQ -14.48000 -67.46000 899 130 2152
SLRY -14.31600 -67.39200 935 180 1501
SLSA -13.75700 -65.44000 472 140 1531
SLSB -14.93400 -66.74200 633 180 1801
SLSI -16.37400 -60.97900 1355 180 1201
SLSM -14.96100 -65.63900 525 140 1801
SLSU -19.01600 -65.29800 9527 50 2838
SLTI -16.34300 -58.38700 404 20 2001
SLTJ -21.54800 -64.71300 6084 130 3038
SLTR -14.81100 -64.92600 509 140 2406
SLVG -18.46500 -64.09900 6552 180 1201
SLVM -21.24800 -63.40600 1306 180 1509
SLVR -17.63100 -63.14400 1225 160 3510
SLYA -21.97000 -63.65500 2116 20 2109
SMCI -3.36700 -57.33900 479 100 1230
SMJP 5.45300 -55.20300 59 110 3478
SMKE -3.09900 -56.48800 850 110 1150
SMNI -5.95600 -57.04400 10 100 700
SMPA -3.35300 -55.45400 558 70 1150
SMSI -2.03400 -56.12100 745 90 1000
SMTB -3.78300 -56.15500 1112 100 1150
SN02 39.41100 -102.02300 3883 150 610
SN03 39.62900 -100.02000 2373 80 732
SN04 39.19800 -99.30400 2182 170 793
SN05 39.83600 -99.57000 2213 160 790
SN06 38.79000 -95.27700 1030 10 488
SN07 39.38200 -99.29500 1973 170 1068
SN08 37.99600 -97.65600 1430 180 946
SN09 39.11700 -97.68300 1205 170 790
SN12 37.35900 -100.47300 2737 10 1068
SN13 37.66200 -97.77400 1380 180 800
SN14 38.41300 -95.51800 1165 10 763
SN15 37.77800 -97.05500 1330 180 305
SN16 37.85700 -97.27000 1380 180 192
SN17 37.06900 -99.60700 1769 20 732
SN18 37.67000 -97.01700 1295 80 732
SN19 37.62300 -97.10000 1400 50 854
SN20 37.71700 -97.04900 1300 180 610
SN21 38.82600 -95.28700 1100 180 793
SN22 39.11500 -94.95600 960 170 641
SN23 39.91500 -98.66700 2010 160 793
SN24 39.04600 -97.59100 1245 180 549
SN25 37.42200 -101.55800 3172 170 805
SN26 38.17600 -95.00300 970 180 473
SN27 39.06500 -94.94500 920 170 610
SN28 38.87300 -97.93800 1415 170 915
SN29 38.19100 -99.53500 2151 30 808
SN32 37.42900 -97.27000 1210 170 671
SN33 39.43600 -97.12100 1275 180 580
SN34 37.57100 -97.49300 1300 180 793
SN36 37.42300 -97.63800 1335 180 653
SN39 39.25300 -97.65100 1350 170 702
SN40 37.52600 -97.19800 1325 180 580
SN41 37.50600 -94.82600 1300 180 519
SN42 39.09600 -94.82100 1020 180 610
SN43 39.50700 -95.47200 1050 160 610
SN44 37.29600 -95.90100 850 180 961
SN45 38.83300 -95.26600 1100 180 805
SN46 37.69800 -95.23000 1042 170 796
SN47 38.76300 -96.10800 1231 180 732
SN48 37.79200 -98.85000 1992 170 732
SN51 39.59100 -100.43000 2725 130 437
SN52 37.48500 -97.01100 1240 180 732
SN53 37.42900 -95.91800 950 180 976
SN55 38.21900 -101.00300 2900 170 763
SN57 38.70100 -95.30000 1110 180 641
SN58 37.87300 -96.64700 1440 170 744
SN59 38.85600 -94.91000 1060 170 610
SN61 37.66300 -97.62900 1475 180 763
SN62 37.91200 -95.35400 1015 80 729
SN63 37.66000 -97.55900 1360 160 381
SN64 37.69200 -97.54000 1330 180 805
SN66 38.82200 -100.45500 2635 170 793
SN67 38.38100 -98.75100 1845 180 580
SN68 37.88100 -97.31000 1456 180 397
SN69 37.92800 -94.64300 860 180 671
SN70 37.24800 -97.95500 1379 90 702
SN71 37.30000 -97.96500 1396 180 610
SN72 38.29700 -95.44000 985 180 705
SN73 38.76700 -99.26400 1985 170 763
SN75 39.86900 -95.33400 1070 160 580
SN76 37.93600 -97.90700 1582 40 2135
SN77 37.40400 -101.76700 3390 170 793
SN78 38.69800 -94.72200 1000 80 519
SN81 39.18400 -94.87000 940 180 427
SN83 39.23100 -94.95200 1000 170 732
SN84 39.26800 -94.99000 1000 30 702
SN85 38.73400 -95.10600 1058 90 702
SN87 37.25600 -100.90800 2830 10 854
SN88 38.57200 -94.71600 1100 90 488
SN89 38.53400 -94.72700 1100 180 793
SN90 39.22300 -95.19200 1100 180 702
SN91 38.10800 -96.11900 1100 60 702
SN92 39.33000 -96.70100 1300 180 641
SN94 37.46700 -100.00300 2560 90 397
SN95 37.98100 -98.40800 1765 130 961
SN96 37.41400 -100.08800 2595 50 915
SN97 37.33000 -101.19700 3056 180 732
SN99 39.39800 -96.62000 1190 50 610
SNAA -19.09600 -51.72000 1542 120 802
SNAB -7.58500 -40.54100 2194 130 1258
SNAC -7.03100 -50.09200 699 150 1405
SNAD -3.32800 -46.78400 410 110 801
SNAE -8.40400 -37.09300 2080 150 1305
SNAF -19.94700 -48.03700 2211 100 641
SNAG -18.67400 -48.19400 3107 50 1508
SNAH -10.57900 -38.09300 892 130 1100
SNAI -9.08000 -45.95600 968 140 1401
SNAJ -3.42300 -48.33900 436 90 701
SNAL -9.77600 -36.63300 886 100 931
SNAM -20.90700 -44.89600 3601 180 1618
SNAN -28.07100 -53.88000 1572 40 932
SNAO -22.51500 -42.05400 10 80 810
SNAP -15.73300 -43.33000 1732 100 1493
SNAR -16.17000 -40.68900 640 70 1201
SNAS -18.22700 -45.19400 2579 60 1503
SNAT -4.56900 -37.80500 128 90 1201
SNAU -10.90100 -37.08700 23 140 971
SNAV -9.50300 -40.37400 1289 130 1001
SNAW -19.87900 -47.68200 2461 60 712
SNAX -22.63700 -50.46400 1850 120 1684
SNAY -6.28200 -51.75000 853 100 901
SNAZ -12.99100 -39.64400 1394 150 1100
SNBA -20.59000 -48.60300 1898 80 1817
SNBB -11.95000 -45.73300 2464 90 1804
SNBC -5.50400 -45.24800 509 90 1561
SNBD -9.45900 -40.82800 1240 150 1078
SNBE -14.47200 -53.67100 1001 80 803
SNBF -10.46700 -40.18700 1703 150 1071
SNBG -19.49800 -41.04800 279 110 1202
SNBI -4.22900 -44.82700 64 100 1597
SNBJ -8.34600 -36.44600 2133 110 1141
SNBK -17.13600 -43.81900 2392 70 1050
SNBL -15.87700 -38.87400 33 40 1215
SNBM -21.12600 -42.40000 886 120 1138
SNBN -2.87900 -50.49200 203 20 701
SNBO -12.79500 -42.73000 1886 30 992
SNBR -12.08200 -45.01600 2447 80 1616
SNBS -7.52100 -46.05800 930 150 1501
SNBT -7.21600 -44.55500 981 120 1000
SNBU -14.25400 -41.82500 1673 120 1730
SNBV -2.52500 -47.52400 186 90 1545
SNBW -2.80100 -49.67400 105 100 1601
SNBX -11.08500 -43.15200 1345 60 1302
SNBY -20.03800 -45.97800 2523 90 1204
SNBZ -13.44100 -42.25100 1788 180 1209
SNCA -20.89300 -45.34200 3182 100 1422
SNCB -2.52600 -53.94300 502 70 971
SNCC 2.65300 -50.96800 0 250 1501
SNCE -21.10700 -45.80900 2556 100 1000
SNCF -3.29800 -52.26000 485 30 551
SNCG -21.22600 -45.78300 2838 110 801
SNCI -1.23700 -47.20000 174 10 1349
SNCJ -2.54700 -54.70900 407 110 867
SNCL -13.39300 -38.91100 3 40 804
SNCP -1.25300 -46.02000 82 70 964
SNCQ -10.52200 -39.03500 1509 180 1206
SNCS -7.05300 -40.36400 2001 110 1198
SNCT -19.73000 -42.11100 2067 10 1090
SNCU -1.82100 -44.87000 39 110 751
SNCV -19.53800 -49.49900 1637 100 1000
SNCW -2.37600 -44.40800 148 90 2599
SNCX -19.48400 -40.58500 492 140 1303
SNCY -10.22100 -36.28900 138 110 701
SNCZ -20.40700 -42.92000 1877 70 1062
SNDA -15.36600 -58.66300 778 180 907
SNDB -4.08800 -54.91300 325 60 801
SNDC -8.03700 -49.98300 669 50 963
SNDD -3.69200 -45.27400 118 110 901
SNDF -3.65300 -45.45400 272 140 801
SNDG -5.57200 -44.43700 784 120 1201
SNDH -12.15900 -45.02800 1682 130 1202
SNDI -7.10300 -56.85200 623 10 700
SNDJ -12.97600 -44.04400 1759 110 971
SNDL -22.53000 -52.97900 1066 70 1523
SNDN -21.46500 -42.73300 919 120 1207
SNDO -16.72100 -47.02000 3066 50 1215
SNDP -2.26000 -48.60100 218 110 600
SNDQ -12.92300 -45.57500 2595 90 1203
SNDR -5.08800 -42.87300 373 20 1724
SNDT -18.23900 -43.65100 4446 30 1456
SNDU -20.64100 -45.99900 2854 30 687
SNDV -20.17500 -44.87500 2608 160 1557
SNDW -15.55600 -41.01900 3051 40 1205
SNDX -10.03700 -36.32900 345 160 803
SNDY -19.45300 -45.58900 2493 150 1201
SNEA -18.72700 -47.86500 3166 20 1200
SNEB -3.02700 -47.32200 508 90 1301
SNEC -16.71000 -39.14600 130 160 960
SNED -15.66400 -38.96000 19 130 1338
SNEE -12.81000 -38.25100 76 70 604
SNEG -14.65600 -57.89000 1066 40 1211
SNEH -5.16900 -57.62800 298 60 601
SNEJ -22.86200 -46.04200 5102 90 1107
SNEK -16.88100 -46.23800 1201 170 861
SNEL -2.66800 -54.90900 538 100 2001
SNEM -8.09400 -34.89400 10 160 652
SNEN -5.81200 -44.14300 689 130 1201
SNEO -20.39900 -45.48300 3337 20 1030
SNES -11.75100 -37.95600 161 110 1201
SNET -23.70900 -51.11500 2621 50 615
SNEU -10.52300 -39.03500 1499 180 1163
SNEW -19.66300 -50.95800 1375 110 1419
SNEY -13.09700 -39.90600 2666 180 1209
SNEZ -15.96200 -50.71600 1220 60 859
SNFA -16.72000 -46.52700 1795 70 1493
SNFB -14.78100 -59.04700 2395 10 888
SNFC -3.86100 -49.68400 361 60 350
SNFD -17.08500 -45.45100 1739 60 1417
SNFE -21.43800 -45.93500 2871 40 1611
SNFF -3.80900 -38.61900 82 130 550
SNFG -1.84200 -47.18800 220 110 751
SNFH -22.55700 -55.38000 1857 130 1009
SNFI -18.39500 -48.86200 1676 20 1517
SNFJ -9.06600 -56.59800 751 70 1304
SNFK -16.43500 -43.47200 2484 160 1000
SNFL -6.05200 -56.30300 590 60 401
SNFN -20.94200 -47.86800 1739 20 1000
SNFO -20.40000 -45.48300 3337 20 1029
SNFP -12.18200 -55.79400 1273 100 1101
SNFQ -22.15300 -45.76400 3001 40 815
SNFR -8.76700 -38.95300 1034 150 1048
SNFS -11.87100 -45.74100 2536 120 901
SNFT -13.84000 -38.99400 9 30 703
SNFU -20.00600 -48.96200 1808 70 1171
SNFV -12.66600 -38.39800 239 130 601
SNFW -8.38800 -42.25400 1004 150 1103
SNFX -6.63800 -51.95900 656 130 1605
SNFZ -17.41100 -43.94100 2765 30 1144
SNGA -20.65100 -40.49600 28 60 1327
SNGB -9.83500 -45.37100 1473 90 1000
SNGC -7.19600 -57.05000 741 30 601
SNGD -6.77700 -43.58800 561 150 1601
SNGG -9.05300 -44.37500 1066 160 1204
SNGH -18.70300 -42.84000 2618 180 1195
SNGI -14.20500 -42.75300 1815 140 1700
SNGJ -5.80500 -46.13700 771 50 1283
SNGK -19.05400 -48.97100 1984 10 1187
SNGM -2.10200 -44.62100 10 90 1000
SNGN -8.82900 -36.47700 2533 160 1623
SNGO -19.04300 -48.58500 2689 170 1219
SNGP -18.58400 -48.87300 2624 150 1011
SNGQ -4.25800 -48.76800 446 20 1501
SNGR -7.78500 -51.13800 656 90 901
SNGS -9.58600 -35.76100 285 140 802
SNGT -11.44600 -42.52300 3501 60 1389
SNGU -1.41400 -51.63800 66 140 1000
SNGV -12.72000 -52.38300 1050 130 1002
SNGW -3.76300 -48.17800 754 120 901
SNGX -21.32500 -46.73800 2786 120 1479
SNHA -14.81400 -39.29600 197 80 1521
SNHC -7.32100 -48.76500 682 50 903
SNHD -19.07700 -48.13500 3159 120 1102
SNHE -19.30300 -48.20800 2792 100 902
SNHG -12.34600 -49.62000 794 10 996
SNHJ -21.09400 -49.91900 1404 120 822
SNHK -20.43200 -45.14200 3051 150 912
SNHL -17.19300 -45.67100 1969 110 1151
SNHO -15.83300 -41.08000 1968 150 1048
SNHP -12.40600 -40.47900 1188 80 1291
SNHQ -16.18500 -39.93200 984 30 905
SNHR -18.48400 -54.71600 957 20 1293
SNHS -8.06000 -38.33700 1542 130 1796
SNHU -4.57200 -47.47500 699 70 1001
SNHW -4.32400 -46.23200 1001 80 901
SNHX -17.36700 -47.44400 2591 60 1215
SNIA -1.12800 -47.60400 177 100 1166
SNIB -12.49700 -40.27500 929 140 1202
SNIC -11.34000 -41.85300 2562 110 1396
SNIE -14.01400 -42.50100 2854 100 1367
SNIF -5.72000 -56.43600 443 10 550
SNIG -6.34200 -39.29800 699 160 1413
SNII -6.81400 -56.55200 699 160 702
SNIK -17.85000 -42.85300 3196 130 602
SNIL -3.89900 -48.88600 243 120 931
SNIN -1.80300 -53.48900 279 80 1201
SNIO -11.11300 -38.52200 499 150 1501
SNIP -15.24400 -40.28400 915 110 1400
SNIR -5.74500 -43.60300 712 80 1001
SNIS -5.20100 -43.59700 459 10 1000
SNIT -12.16400 -43.22500 1398 160 1182
SNIU -14.17000 -39.68900 492 150 1301
SNIV -18.64500 -49.88600 1424 130 803
SNIX -13.55900 -59.10100 1617 20 1304
SNIY -8.49700 -37.67000 1329 160 1104
SNIZ -12.88200 -60.12500 1772 110 1301
SNJA -5.63800 -35.96200 489 120 1100
SNJB -11.16100 -40.55800 1640 140 1212
SNJC -5.96300 -47.39700 495 90 1031
SNJD -12.19900 -38.91300 768 130 1500
SNJE -14.79700 -46.00700 3028 70 1269
SNJF -12.64500 -43.52600 1453 130 1202
SNJG -14.58200 -50.70600 1079 30 1157
SNJH -11.45400 -40.04700 1391 100 1151
SNJI -17.19200 -44.64900 2077 20 1200
SNJJ -20.71800 -55.38300 837 60 915
SNJK -13.87500 -40.07700 646 140 1279
SNJL -21.84600 -43.19000 2300 100 501
SNJM -20.26500 -42.18400 2723 20 1167
SNJN -15.47700 -44.39000 1575 80 1207
SNJO -7.08900 -34.84500 16 160 1017
SNJP -17.79200 -46.12400 2990 60 1303
SNJQ -16.44200 -41.04300 853 110 1198
SNJR -21.08900 -44.23100 3117 80 1105
SNJS -6.53700 -36.73500 837 160 1100
SNJT -15.65300 -43.40600 1811 130 1083
SNJV -16.00200 -43.74600 2077 90 1863
SNJW -20.04500 -47.42200 1909 20 1082
SNJZ -7.07100 -52.93700 804 180 1253
SNKB -7.17900 -35.99400 1926 100 801
SNKC -14.12000 -44.45300 2018 60 1000
SNKD -19.01700 -43.43700 2196 160 962
SNKE -9.31300 -50.33000 597 180 1514
SNKF -20.74300 -43.79900 3478 30 969
SNKH -8.11300 -57.12000 981 150 1050
SNKI -20.83900 -41.18900 335 60 1214
SNKJ -8.33900 -51.45500 814 160 1354
SNKK -6.43700 -37.08200 600 140 1002
SNKL -5.96700 -44.23800 394 110 1000
SNKN -6.28100 -36.54700 1145 110 1501
SNKO -11.99800 -42.64000 2667 130 1089
SNKP -17.68800 -42.53800 3117 70 1201
SNKQ -2.39600 -47.84500 200 20 801
SNKR -10.45200 -45.14100 1552 110 1000
SNKS -10.95200 -44.47000 1476 80 803
SNKT -6.85000 -56.59000 1092 20 1201
SNKU -9.90000 -39.13700 1247 120 701
SNKV 1.04100 -50.51800 49 70 510
SNKW -21.92300 -50.63700 1398 30 1013
SNKX -1.96900 -48.63000 114 160 801
SNKY -3.66600 -48.83800 298 90 901
SNKZ -23.20300 -53.85900 912 80 707
SNLA -6.56700 -49.73100 900 90 1485
SNLB -13.65400 -41.83700 1506 60 1050
SNLC -7.96800 -50.02100 1969 90 801
SNLD -5.69900 -56.49600 472 40 501
SNLF -19.81200 -48.74200 1959 140 726
SNLG -19.40300 -43.75000 2621 60 1280
SNLH -20.13700 -41.61100 2051 170 916
SNLI -19.15100 -45.49800 2178 170 1203
SNLJ -9.51800 -61.25400 3428 90 1001
SNLK -9.71100 -61.04800 3297 180 1003
SNLM -15.61400 -58.90300 1001 110 601
SNLN -19.36000 -40.07300 131 60 1344
SNLO -22.09600 -45.04800 2871 50 1306
SNLQ -14.06600 -50.42300 1001 110 1552
SNLT -8.13700 -41.95400 1178 70 1061
SNLU -10.84400 -37.20300 167 10 498
SNLW -16.87400 -50.96600 2697 20 1001
SNLX -4.80100 -48.39700 1050 100 901
SNLY -20.06500 -45.55700 2159 50 993
SNLZ -9.43100 -49.59600 669 120 1005
SNMA -1.99600 -54.08000 325 100 1419
SNMB -5.74000 -39.62300 745 180 1000
SNMC -13.02400 -42.67800 2133 120 1319
SNMD -6.81800 -56.84700 471 150 702
SNME -12.48900 -38.02700 233 120 786
SNMF -21.35400 -46.25200 2841 50 813
SNMH -15.84400 -48.98500 2575 150 1306
SNMI -9.82800 -39.88700 1473 170 1751
SNMJ -13.43700 -40.43800 3281 70 1308
SNMK -15.09300 -43.98600 1519 110 1517
SNML -9.54500 -35.83400 387 110 1001
SNMM -18.59800 -45.35400 1985 30 1000
SNMN -17.23200 -42.58700 2461 150 807
SNMO -5.08400 -38.38800 509 100 1017
SNMP -17.32000 -46.54200 1752 150 1009
SNMR -14.11700 -38.98800 66 120 801
SNMS -21.17400 -46.96500 2933 130 1271
SNMU -18.05500 -39.86700 276 50 1401
SNMV -18.35500 -53.75000 1250 20 1003
SNMW -14.39300 -44.37100 1798 180 1251
SNMX -18.72500 -39.83900 98 80 1348
SNMZ -1.74400 -52.24800 53 50 1311
SNNB -17.17700 -46.30200 1772 110 1051
SNNC -2.82300 -47.89600 236 70 1001
SNND -18.93200 -49.47600 1815 160 975
SNNE -21.54200 -43.02400 1322 120 621
SNNF -5.03800 -42.70500 607 20 901
SNNG -17.52600 -42.38800 3271 140 1106
SNNH -14.29600 -43.80300 1483 130 1301
SNNI -12.56700 -38.02300 49 60 654
SNNJ -14.22300 -46.84000 1529 40 1209
SNNK -14.76800 -43.42100 1512 130 1253
SNNM -25.56300 -51.50000 3602 150 922
SNNO -14.06000 -59.86700 1001 180 855
SNNP -8.06200 -52.16900 981 180 1201
SNNQ -23.04300 -54.74700 1640 10 991
SNNS -14.94600 -43.68600 1644 110 1116
SNNT -19.19600 -47.73600 3261 120 1498
SNNU -17.82400 -40.33600 591 100 1225
SNNV -16.56800 -54.17400 1099 150 808
SNNX -12.82900 -61.35100 866 180 885
SNNY -13.28100 -60.33500 1001 90 801
SNNZ -22.12800 -57.10400 745 10 895
SNOA -4.14100 -44.12000 154 110 950
SNOB -3.68000 -40.34200 210 100 1138
SNOC -11.53100 -41.18300 3609 150 1000
SNOD -11.42200 -37.32500 20 110 581
SNOE -7.01900 -42.17200 817 110 1201
SNOF -22.30100 -46.39600 2815 60 1080
SNOG -5.65800 -35.42000 171 140 1202
SNOI -10.42200 -58.16200 951 180 904
SNOJ -10.42500 -56.38900 984 30 703
SNOK -2.32800 -47.65500 126 100 951
SNOL -9.97800 -56.20900 1001 10 1448
SNOM -15.00100 -60.22200 1001 180 1326
SNOO -5.02700 -37.52100 262 70 1507
SNOP -10.26700 -36.83900 164 120 1201
SNOQ -23.59500 -55.14500 1263 160 974
SNOS -20.72800 -46.66800 2697 140 1500
SNOT -14.01300 -59.89200 951 90 1202
SNOU -8.14600 -70.34900 394 30 1204
SNOV -10.12100 -36.29400 279 160 603
SNOW -21.98200 -50.97800 1378 110 1101
SNOX -1.70700 -55.83900 262 170 1609
SNOY -7.87200 -40.09600 1529 150 1301
SNOZ -2.52400 -44.12500 154 90 1001
SNPA -19.84200 -44.60700 2598 120 1142
SNPB -6.66700 -44.08900 197 110 1226
SNPC -7.05900 -41.52900 1050 140 1306
SNPD -18.67600 -46.49900 2793 80 1707
SNPE -10.26300 -36.55800 197 140 1499
SNPF -5.59600 -43.31900 689 40 1202
SNPG -0.86900 -51.40400 197 70 1000
SNPH -15.39000 -44.15100 1576 150 1789
SNPI -12.99500 -41.77700 4118 180 1360
SNPJ -18.91400 -46.98500 3229 50 1219
SNPL -21.25200 -51.73000 1181 180 1119
SNPM -12.45700 -41.59500 2395 120 1191
SNPN -21.03000 -50.93100 1378 110 1101
SNPO -19.20000 -45.02700 2313 150 1201
SNPP -13.43400 -38.92500 66 160 826
SNPQ -8.37500 -36.64200 2067 100 1000
SNPS -15.26000 -46.76800 3277 110 1141
SNPT -20.65300 -44.50000 3143 10 590
SNPU -21.56300 -45.75600 2838 70 1177
SNPV -30.69000 -50.55800 52 160 523
SNPW -8.82600 -50.00500 591 170 1801
SNPX -17.31800 -44.86700 1808 100 1483
SNPY -20.95500 -46.98700 3110 50 1611
SNPZ -16.06800 -41.17200 2625 100 1000
SNQA -2.64400 -47.86200 138 10 800
SNQB -3.16900 -48.07500 256 100 901
SNQD -6.78200 -38.23800 745 150 1217
SNQE -6.07200 -49.83900 682 10 760
SNQG -6.84000 -43.08200 689 160 1807
SNQI -14.11400 -57.34300 2756 170 1109
SNQJ -17.52300 -55.40400 499 100 801
SNQL -15.73200 -57.34800 482 170 738
SNQM -10.99200 -39.62100 1050 30 921
SNQN -13.15600 -52.56900 1102 60 1007
SNQO -20.37700 -56.54400 558 70 607
SNQP -20.57200 -50.23000 1437 20 902
SNQR -16.73100 -57.23400 3 30 807
SNQS -22.30600 -54.03500 1001 90 904
SNQT -23.79400 -53.48300 1542 140 863
SNQU -13.03500 -41.44900 3510 70 1421
SNQV -18.75100 -44.46200 2205 90 1204
SNQW -7.56300 -57.74700 453 120 986
SNQX -4.97700 -38.99300 653 140 1202
SNQZ -22.84700 -55.57000 1837 10 864
SNRA -17.31800 -44.86700 1808 100 1478
SNRB -4.31900 -56.11000 102 50 969
SNRD -17.29700 -39.27700 66 110 1198
SNRE -12.68400 -43.87700 1575 100 1299
SNRH -21.03700 -45.87800 2625 130 1249
SNRJ -3.67100 -42.83800 325 40 1301
SNRM -9.58000 -42.12200 1381 110 1374
SNRN -6.79000 -35.10600 420 140 1000
SNRP -19.20900 -46.24400 3757 160 1000
SNRQ -6.10400 -57.38400 331 110 901
SNRR -4.15600 -50.16400 604 40 1123
SNRS -4.95000 -38.01200 115 80 1083
SNRT -19.32800 -48.94600 2162 180 1075
SNRU -8.28000 -36.02100 1891 130 1788
SNRV -6.88600 -49.46600 450 60 802
SNRW -9.90800 -48.63800 1033 90 669
SNRX -7.34900 -46.63900 1309 120 1201
SNRZ -20.72000 -44.86600 3222 30 1191
SNSA -17.60900 -46.70900 2454 110 981
SNSB -2.70700 -44.84700 230 60 801
SNSC -19.89800 -47.42300 3287 30 1201
SNSD -12.92100 -45.72000 2664 90 1203
SNSE -9.73800 -41.84400 1306 160 1104
SNSF -21.36400 -57.11500 1050 110 1201
SNSG -8.04200 -39.13600 1539 170 1378
SNSH -2.58300 -54.73900 440 90 1501
SNSI -18.20200 -42.46700 1575 40 810
SNSJ -13.53200 -58.57600 1723 60 805
SNSK -22.27000 -45.64200 2851 160 1000
SNSL 0.33800 -53.81700 1680 50 901
SNSM -0.69700 -47.33900 88 90 1001
SNSN -9.03200 -42.68700 1247 60 1231
SNSO -18.61300 -43.42400 2428 20 923
SNSR -17.55600 -46.98000 2165 30 1807
SNSS -16.20200 -42.32400 2504 180 1476
SNST -12.09300 -41.64300 2753 170 1202
SNSU -6.88100 -49.16700 495 110 1081
SNSV -23.66700 -54.07700 591 10 1089
SNSW -0.70300 -48.52400 43 60 996
SNSX -20.36000 -51.25400 1148 70 861
SNSY -20.94800 -56.49900 1247 60 813
SNSZ -21.35100 -55.62200 1401 170 1020
SNTA -21.86900 -50.12200 1444 100 1102
SNTB -7.72500 -37.62300 1844 90 1051
SNTC -5.15700 -42.72200 66 160 821
SNTD -16.58800 -46.50700 1862 90 1329
SNTF -17.52400 -39.67500 344 110 1458
SNTG -8.61500 -40.99900 1703 10 1048
SNTI -1.86800 -55.52100 328 90 1515
SNTJ -4.28900 -56.08800 98 180 601
SNTK -18.71500 -47.48800 2904 130 1131
SNTL -4.85900 -40.38000 1116 100 1237
SNTM -17.23800 -42.73300 2894 10 1000
SNTO -17.89200 -41.51900 1572 110 1188
SNTP -2.52300 -48.75700 66 130 1301
SNTQ -10.72400 -43.66200 1690 110 1601
SNTR -11.73900 -40.57500 1896 100 1187
SNTS -7.03700 -37.25900 820 120 1612
SNTT -18.76100 -45.11400 2009 90 1497
SNTU -1.76800 -45.45300 33 90 600
SNTV -15.65200 -41.66100 2559 140 1587
SNTW -9.89700 -36.26400 443 110 801
SNTX -1.30000 -44.90700 26 150 671
SNTY -13.38000 -44.62200 2159 120 1141
SNUA -25.38700 -54.41100 820 180 1074
SNUB -21.11700 -42.88600 1115 160 1081
SNUC -5.59500 -36.96700 394 110 1421
SNUD -3.41700 -43.40600 197 110 1201
SNUF -19.52900 -47.85200 3264 20 1000
SNUG -14.95500 -59.62600 787 110 801
SNUH -20.44200 -45.99600 2441 70 1116
SNUI -16.85600 -42.05000 1181 80 1201
SNUJ -8.78200 -39.87700 1253 110 1051
SNUK -17.03900 -45.48900 1690 60 992
SNUL -21.45700 -53.35500 1214 40 1019
SNUM -7.48600 -37.29600 2133 120 1051
SNUN -16.35200 -46.93100 1998 170 1300
SNUP -9.80200 -36.22600 404 130 801
SNUS -19.94400 -47.77900 2100 30 656
SNUT -12.11100 -41.07900 1988 60 1429
SNUU -9.83200 -39.49900 1335 150 1204
SNUV -22.21700 -52.74500 951 100 901
SNUW -8.05400 -37.29300 1968 160 1053
SNUX -21.40400 -53.31200 1142 110 1001
SNUY -15.63500 -46.43100 1870 60 808
SNUZ -10.09000 -36.19000 210 170 904
SNVA -7.99300 -50.63100 1037 10 1229
SNVB -13.30400 -38.99400 21 40 1814
SNVC -20.74100 -42.84400 2162 170 917
SNVD -13.40100 -44.22200 1847 100 1201
SNVG -20.03500 -48.24000 1831 100 1201
SNVH -16.16500 -58.13900 492 180 908
SNVI -21.79700 -45.27000 3232 30 1401
SNVJ -15.25000 -58.79600 1444 150 908
SNVK -20.50600 -52.37100 1214 50 1070
SNVL -16.77800 -42.39000 2474 50 1150
SNVM -20.66700 -52.77200 1112 80 1059
SNVN -21.30500 -50.75600 1352 80 808
SNVO -19.97400 -50.97100 1240 160 1017
SNVP -6.98200 -49.19900 541 20 1201
SNVQ -6.51900 -48.26800 600 170 1002
SNVR -13.02800 -38.67100 12 80 1312
SNVS -1.64100 -50.44900 98 60 1603
SNVU -20.43200 -46.86300 2395 90 744
SNVV -11.41100 -39.44800 1322 110 1001
SNVW -13.99400 -60.07500 574 180 886
SNVY -23.97300 -55.36800 1299 160 1026
SNVZ -17.65000 -44.71000 1716 10 1100
SNWA -9.98000 -36.23600 322 120 1001
SNWB -20.93600 -50.95800 1099 30 911
SNWC -2.89500 -40.86100 16 140 951
SNWD -23.42700 -54.61100 1335 150 899
SNWE -20.28100 -57.23400 507 10 697
SNWF -22.44100 -55.23500 1476 60 999
SNWG -23.59100 -54.05800 1476 20 805
SNWH -22.96300 -53.54600 1050 160 941
SNWI -14.06500 -60.01000 594 180 876
SNWJ -15.20400 -58.62600 1345 170 909
SNWK -16.67200 -54.26900 722 150 808
SNWL -18.83100 -51.79500 1788 140 958
SNWM -20.38700 -51.19600 1181 30 1012
SNWN -16.66900 -54.39000 942 90 852
SNWO -23.01900 -54.62900 1001 90 904
SNWP -9.31500 -36.06000 262 100 701
SNWQ -5.15800 -42.70400 66 160 701
SNWR -2.63200 -51.82900 201 170 1090
SNWS -5.21400 -40.71100 1034 80 1491
SNWU -23.01200 -55.51100 1575 40 900
SNWZ -9.48400 -35.96200 302 130 701
SNXA -21.67300 -45.84400 2966 170 1201
SNXB -21.92000 -44.97500 2838 90 1499
SNXD -6.27600 -55.78800 764 50 902
SNXE 0.98900 -51.12300 240 50 1001
SNXF -17.89100 -56.99900 394 150 607
SNXG -6.77100 -49.36700 745 140 1502
SNXH -4.51600 -44.02800 190 90 1806
SNXI -20.63100 -51.08700 1289 40 1424
SNXK -6.54200 -52.76900 558 20 1201
SNXL -12.62300 -52.15500 1201 30 1507
SNXM -6.42200 -53.61500 886 80 1001
SNXN -7.37300 -45.99400 1021 140 1002
SNXO -7.89600 -56.38900 600 60 602
SNXQ -10.83200 -42.68900 1384 130 1400
SNXR -7.39700 -56.52300 771 10 800
SNXS -4.86600 -43.35500 344 120 1161
SNXV -9.08400 -61.18900 348 160 954
SNXW -0.20300 -49.97200 20 80 1201
SNXX -5.37700 -35.53500 302 160 2197
SNXY -2.70500 -50.53100 98 50 1201
SNYA -1.49600 -52.58100 584 50 1201
SNYB -19.00500 -49.48800 1985 30 1200
SNYC -7.01100 -56.90600 552 60 601
SNYD -10.06900 -42.45500 1312 90 1102
SNYE -2.48000 -45.11200 125 90 1751
SNYF -8.51000 -46.13000 1854 110 1201
SNYH -18.07200 -41.66800 899 30 1201
SNYI -16.62100 -47.30200 3113 160 859
SNYJ -6.13600 -57.40600 810 50 601
SNYL -18.43000 -46.05500 3300 70 971
SNYM -16.37000 -45.12600 1594 180 1567
SNYN -19.54800 -48.83900 2300 180 964
SNYO -18.91400 -46.98500 3229 50 1206
SNYP -1.31700 -48.30300 69 120 961
SNYQ -5.32000 -56.66700 459 120 540
SNYR -5.94600 -56.55900 518 130 951
SNYS -18.22700 -45.99100 3199 20 1399
SNYT -13.83600 -41.30300 1804 30 1728
SNYU -19.71000 -50.22000 1558 180 1639
SNYV -2.12100 -48.65000 102 90 975
SNYW -2.11300 -44.65300 245 50 801
SNYX -4.09300 -38.24900 249 170 471
SNYZ -4.84100 -38.14700 115 160 701
SNZA -22.29500 -45.91900 2904 10 1272
SNZB -21.28100 -56.51300 1070 10 1193
SNZC -23.32900 -54.50500 1220 20 906
SNZD -13.20200 -48.60500 1424 140 1004
SNZE -3.17100 -52.19500 369 130 701
SNZF -0.27300 -48.57800 66 80 801
SNZG -23.86400 -48.24500 2034 90 705
SNZH -9.01400 -46.14900 2835 70 1404
SNZK -15.02300 -44.04600 1518 120 1561
SNZL -21.57500 -49.30400 1401 60 917
SNZO -5.29500 -35.54000 131 140 801
SNZP -14.52200 -40.35000 2772 120 1103
SNZQ -7.23100 -56.23300 1968 20 601
SNZR -17.24300 -46.89000 2359 110 1527
SNZT -3.51000 -48.33500 499 50 901
SNZU -2.85600 -48.23700 243 110 871
SNZV -3.72800 -47.47900 361 70 751
SNZW -13.73400 -39.14500 13 90 853
SNZY -21.99700 -50.59900 1450 180 764
SNZZ -9.96700 -36.20200 331 130 801
SO63 3.65300 -54.04400 406 70 1201
SOCA 4.81400 -52.37400 26 80 3196
SOOG 3.89200 -51.80600 46 40 1207
SOOM -5.48600 -54.03600 13 40 1000
SOOS -3.62200 -53.20100 653 30 1201
SP70 -16.77400 -71.88900 3890 170 4007
SPAB -5.25200 -79.44300 6312 180 1104
SPAC -4.61300 -77.94300 548 20 1661
SPAM -16.62900 -72.68500 210 150 1000
SPAP -6.90500 -76.38400 948 10 1080
SPAR -11.68400 -69.33900 797 80 1221
SPAS -2.79200 -76.47500 728 120 2058
SPAY -10.73400 -73.77100 751 50 1495
SPBB -6.01100 -76.98600 2749 150 1351
SPBC -3.91300 -70.51500 328 120 1795
SPBL -7.08500 -76.57300 981 70 1381
SPBR -11.40800 -69.49400 750 130 1353
SPCL -8.39000 -74.57900 513 20 2814
SPCP -6.83800 -76.33500 978 20 1164
SPDO -17.03800 -71.98700 10 110 1501
SPDR -3.80400 -75.04700 427 100 1851
SPEE -2.45100 -72.67500 421 130 1191
SPEN -10.18300 -75.15500 899 90 1201
SPEO -9.15800 -78.52500 69 10 1811
SPEP -9.77100 -70.71400 725 70 1804
SPEQ -17.18200 -70.93900 4480 60 1797
SPGB -4.02500 -77.76000 597 170 1510
SPGM -9.28000 -76.00500 2008 180 2101
SPGP -0.12300 -75.25200 680 50 1301
SPHI -6.79900 -79.83000 97 10 2512
SPHO -13.16700 -74.20900 8917 20 2815
SPHY -13.71600 -73.35700 11300 30 2559
SPHZ -9.33400 -77.60300 9097 160 3033
SPIL -13.27100 -70.69000 2047 60 1801
SPIM -12.00800 -77.12100 113 150 3521
SPIP -11.28600 -74.63700 2100 50 1181
SPIR -13.01000 -71.27200 2221 140 1801
SPIY -14.79500 -71.43200 12972 180 2502
SPIZ -8.47100 -76.35100 1965 10 1050
SPJA -6.06000 -77.16200 2707 160 1898
SPJB -7.60300 -78.05300 8727 50 1050
SPJE -5.58200 -78.77700 2477 160 2413
SPJI -7.17700 -76.73400 1148 30 2112
SPJJ -11.77500 -75.48400 11034 130 2817
SPJL -15.46000 -70.17600 12552 120 4200
SPJN -15.34200 -75.15400 141 150 2001
SPJR -7.12900 -78.49400 8781 160 2501
SPLN -6.39000 -77.50900 5085 100 1798
SPLO -17.69000 -71.35500 72 120 2512
SPLP -12.17100 -77.00200 250 20 2455
SPLS -8.41300 -75.13800 712 130 1353
SPME -3.54400 -80.38800 115 140 2493
SPMF -11.31800 -74.53900 2247 150 1764
SPMS -5.89300 -76.12600 587 90 1804
SPNC -9.88300 -76.21500 6070 70 2512
SPNP -15.79500 -70.05900 13120 120 2302
SPNT -3.58300 -74.75900 650 90 2001
SPNU -12.29000 -70.88700 1010 30 1801
SPOL -11.93300 -77.06300 410 30 1001
SPON -6.89200 -75.15300 354 180 1000
SPOV -11.90400 -69.16700 748 10 921
SPPA -11.12900 -74.35300 1217 140 1201
SPPB -9.54500 -72.75500 659 10 1000
SPPG -10.67200 -77.83300 16 120 925
SPPY -6.19600 -77.86300 8333 130 1979
SPQN -5.06200 -73.86900 394 160 1201
SPQT -3.79100 -73.31800 306 60 2503
SPQU -16.34000 -71.58500 8405 90 2974
SPRC 54.22200 -130.32900 0 170 610
SPRF -14.26100 -70.47800 14422 120 2672
SPRM -11.13300 -75.35100 2600 10 958
SPRU -8.09400 -79.11300 106 20 3039
SPSO -13.75600 -76.22900 39 40 3029
SPST -6.49700 -76.37500 869 170 2614
SPTE -12.53000 -73.80500 2500 120 1201
SPTI -9.37900 -74.96700 584 180 1000
SPTN -18.06400 -70.28000 1538 20 2509
SPTR -8.91000 -74.73500 650 160 1501
SPTU -12.62900 -69.22900 659 10 3519
SPUR -5.21700 -80.61900 120 10 2511
SPVI -10.83700 -76.24700 13458 170 2001
SPVL -15.76000 -73.36900 5676 120 1101
SPYL -4.56600 -81.25600 282 170 2472
SPYO -7.40000 -79.56800 95 180 1401
SPYU -15.61600 -74.54200 489 110 1401
SPZA -14.85600 -74.96600 1860 70 1003
SPZO -13.53400 -71.95400 10860 100 3393
SSAB -23.76700 -50.26600 1968 50 1206
SSAC -12.59600 -55.70200 1230 80 1204
SSAD -18.76300 -52.92600 2736 110 1745
SSAE -32.22700 -53.07100 161 60 1000
SSAF -25.36700 -54.47500 840 140 1019
SSAG -19.71700 -52.73000 1410 100 901
SSAJ -22.27800 -53.31500 1109 70 853
SSAK -28.66100 -53.61200 1542 40 830
SSAL -29.79400 -55.76700 361 160 1691
SSAM -23.13800 -55.20900 1542 180 1000
SSAN -23.02900 -50.23200 1608 70 994
SSAP -23.61000 -51.39100 2641 120 1398
SSAQ -28.24700 -52.52000 1968 150 1080
SSAR -21.50000 -53.96900 1214 170 714
SSAT -12.07200 -52.82500 1099 10 997
SSAU -30.74600 -51.43200 14 130 662
SSAV -21.68600 -57.47500 400 180 1015
SSAW -20.80200 -54.07900 1493 180 812
SSAY -20.49300 -54.48500 1946 50 1206
SSBA -19.03200 -53.67500 2017 110 901
SSBB -20.66800 -56.63100 1207 180 1500
SSBC -20.72600 -51.59400 1115 110 1201
SSBD -29.39900 -52.99100 1444 10 691
SSBE -19.59500 -54.02500 1848 150 1203
SSBF -20.00700 -51.39000 1400 70 1013
SSBG -29.14600 -51.54100 2209 130 1015
SSBH -17.56400 -55.28900 453 180 809
SSBJ -28.60800 -50.45300 3514 160 1321
SSBK -17.58800 -54.64000 1886 10 1123
SSBL -26.82400 -49.09200 60 180 1469
SSBM -20.30100 -55.42600 650 10 695
SSBN -30.19000 -51.18700 20 80 1018
SSBO -28.72200 -54.89400 787 100 601
SSBQ -21.74300 -52.48300 1230 150 1220
SSBR -23.06800 -50.42700 1319 160 1301
SSBS -21.25400 -52.29000 1155 20 1003
SSBT -22.31900 -53.09600 1033 180 1238
SSBU -21.45200 -57.14200 1191 170 1020
SSBV -22.08700 -56.54100 770 30 1310
SSBW -20.91400 -55.01600 1083 80 554
SSBX -18.44000 -54.80300 696 130 754
SSBY -20.09300 -56.79600 443 180 1405
SSBZ -29.68000 -50.98300 56 40 832
SSCA -18.74200 -52.62500 2657 80 1209
SSCB -13.77500 -49.95100 978 120 851
SSCD -18.84600 -52.49200 2644 50 2031
SSCE -31.33100 -54.13500 722 10 634
SSCF -25.43100 -49.53400 3140 120 903
SSCH -21.59900 -53.23000 1053 90 1105
SSCI -18.48700 -54.71600 957 20 1305
SSCJ -21.54500 -54.66100 1070 10 794
SSCK -27.17600 -52.05900 2461 140 1487
SSCL -19.14500 -51.68900 1568 130 904
SSCM -21.62700 -54.81200 1312 30 812
SSCN -29.37400 -50.83700 2723 60 1265
SSCO -31.77800 -52.45200 33 30 830
SSCP -23.15700 -50.60800 1854 60 1409
SSCQ -29.90500 -54.93000 285 20 1221
SSCR -24.51900 -54.05600 1411 10 1408
SSCS -20.61500 -54.72400 1968 170 1120
SSCT -23.69600 -52.64500 1837 40 1208
SSCU -8.87100 -50.48200 1007 60 903
SSCV -30.13500 -50.51200 14 100 649
SSCW -18.04400 -56.00700 443 40 1014
SSCX -28.11300 -52.31900 2133 170 1037
SSDA -13.67800 -55.53200 1558 10 1196
SSDB -22.03800 -53.73500 1280 150 1018
SSDC -26.29500 -53.63000 2723 10 1500
SSDE -21.98300 -54.24000 1083 180 1221
SSDF -20.10300 -57.34700 312 30 710
SSDG -9.35100 -45.56400 1962 160 1004
SSDH -20.20200 -57.06600 541 160 1018
SSDI -5.65500 -43.70800 584 160 902
SSDJ -19.05300 -54.06700 1252 60 578
SSDK -22.59200 -53.69200 1099 180 1283
SSDL -8.00400 -45.34200 1588 140 1002
SSDM -30.82300 -55.58000 1073 90 654
SSDN -9.10400 -45.42100 1932 120 901
SSDP -30.99800 -54.67100 443 70 1171
SSDQ -20.18600 -56.63700 446 40 712
SSDS -13.70200 -50.65000 935 180 1209
SSDT -7.94200 -50.18100 794 130 1001
SSDU -17.99600 -54.22500 1309 40 983
SSDV -18.21100 -55.46600 508 180 1012
SSDW -12.91800 -55.52100 1197 180 1509
SSDX -30.99700 -51.70200 33 170 627
SSDY -16.15800 -53.01400 1411 90 953
SSDZ -23.13100 -54.63600 1312 170 819
SSEA -22.22100 -54.74300 1470 30 1050
SSEB -13.77200 -46.77600 1440 130 1193
SSED -17.95900 -54.42200 1132 60 800
SSEE -29.45500 -51.93600 105 60 591
SSEF -21.33000 -47.23100 4632 20 600
SSEG -31.94300 -52.48300 33 90 705
SSEH -17.95600 -53.25200 2946 80 1308
SSEI -20.33400 -56.70000 489 170 1118
SSEK -20.02100 -53.25500 1299 60 813
SSEL -20.17200 -52.93600 1601 60 813
SSEO -20.73100 -53.57900 1299 160 1019
SSEP -30.17900 -53.58400 502 140 1141
SSEQ -21.91900 -53.94100 1099 180 915
SSER -27.65900 -52.27400 2498 140 1277
SSES -30.56100 -52.58400 1460 50 627
SSET -21.69500 -47.31900 2451 140 808
SSEU -7.28700 -56.58300 915 20 901
SSEV -18.08900 -57.13400 289 70 605
SSEW -23.14300 -48.31300 3084 150 815
SSEX -19.97100 -56.31300 361 40 1220
SSEY -29.43600 -56.30500 197 80 1013
SSEZ -28.74000 -52.85900 1198 70 731
SSFA -25.98400 -51.64800 3645 70 1482
SSFB -26.06200 -53.06900 2100 70 1332
SSFC -18.28300 -51.23700 1969 40 1013
SSFD -23.00600 -54.70200 1224 40 1227
SSFE -25.46500 -54.59900 558 170 1014
SSFF -21.18200 -54.29300 1204 20 804
SSFG -22.66300 -52.13400 925 60 1225
SSFH -19.78500 -47.81100 2438 10 691
SSFI -22.19500 -55.58500 1837 50 2038
SSFJ -20.81200 -54.62100 1435 30 851
SSFK -19.91000 -57.78100 259 40 1000
SSFL -7.10000 -40.63400 1466 110 1501
SSFM -23.54100 -50.09900 1526 40 869
SSFN -22.62300 -54.92700 1706 40 818
SSFO -20.04300 -56.32100 354 30 811
SSFP -20.86100 -52.17800 1145 150 1015
SSFQ -21.31600 -54.73800 1608 160 1122
SSFR -20.28400 -49.19600 1598 60 1749
SSFU -23.84400 -54.81700 1739 180 918
SSFV -20.20400 -53.78300 1509 150 1115
SSFW -18.67600 -54.39700 1063 130 1056
SSFX -23.45600 -50.58000 2239 110 751
SSGA -29.26500 -51.53600 2231 140 1203
SSGB -25.88600 -48.61200 49 10 1006
SSGC -20.45900 -55.75700 566 10 1206
SSGE -20.51100 -51.84200 1180 60 1035
SSGF -20.20500 -53.22600 1575 20 1211
SSGG -21.03100 -57.49800 381 20 705
SSGH -20.07400 -56.07300 410 100 1051
SSGI -30.06000 -51.44200 33 110 901
SSGJ -17.24900 -56.28000 331 110 1051
SSGK -21.46000 -55.46000 1699 50 1122
SSGL 51.45100 -126.14100 7349 10 1439
SSGM -21.69400 -56.56600 1151 90 803
SSGN -23.23500 -54.54200 1401 180 1019
SSGO -19.42600 -54.59100 2211 150 1211
SSGP -15.85500 -47.81000 3281 100 701
SSGQ -21.76700 -54.32300 709 10 545
SSGR -28.89300 -51.86100 1555 120 1100
SSGS -15.40300 -54.18300 1975 50 849
SSGT -21.69600 -54.81700 1050 140 912
SSGU -23.19600 -53.33100 886 60 838
SSGV -27.86200 -52.19200 2149 110 1201
SSGW -24.22400 -53.04700 1608 50 1002
SSGX -19.57200 -56.24500 312 10 895
SSGY -24.08400 -54.19700 889 70 1297
SSGZ -22.89900 -53.87000 1050 40 1022
SSHA -20.48500 -55.77300 620 60 1219
SSHB -23.32300 -53.47200 1007 90 733
SSHC -23.42900 -50.17100 1447 120 602
SSHD -22.00200 -54.90500 1368 120 763
SSHF -18.03000 -57.48400 328 180 766
SSHG -22.35700 -55.76900 2281 140 1293
SSHI -23.26500 -54.03900 1237 20 956
SSHJ -22.26400 -55.49100 1686 150 917
SSHK -22.59400 -55.57400 1968 60 1377
SSHL -23.57600 -52.41200 1213 90 804
SSHN -23.24600 -51.88000 1637 100 1002
SSHO -18.65800 -44.85400 2208 170 914
SSHQ -20.56100 -54.86900 1280 110 1001
SSHT -10.12800 -56.72200 853 140 1204
SSHU -19.45700 -56.04900 426 120 702
SSHW -23.41300 -54.01400 1056 180 1019
SSHX -23.92000 -55.30300 1368 180 1007
SSHZ -27.63500 -54.34200 1063 150 1045
SSIA -8.42600 -45.33600 1739 120 1501
SSIB -19.47900 -52.81600 1574 130 804
SSIC -22.31000 -54.82400 1405 10 744
SSID -22.27500 -53.38900 1135 150 1438
SSIE -20.60400 -54.60700 1729 60 1501
SSIF -23.55500 -54.03800 970 160 1303
SSIG -20.26700 -55.73100 617 150 919
SSIH -20.94900 -52.72600 1296 80 1009
SSII -22.02000 -56.32500 1001 180 661
SSIJ -28.36300 -53.84900 1197 180 1288
SSIM -30.25300 -55.84100 764 150 625
SSIO -31.49800 -53.69300 741 40 902
SSIP -21.19500 -57.04200 919 20 906
SSIQ -29.16800 -56.54300 230 140 1501
SSIR -28.60500 -53.08300 1344 90 765
SSIS -24.54000 -49.92500 3501 140 930
SSIT -25.49900 -50.65600 2930 180 1221
SSIU -30.13300 -52.36800 32 110 601
SSIV -22.30200 -53.83500 1194 30 1117
SSIW -19.98000 -56.43600 344 10 497
SSIX -22.65600 -53.50700 984 10 891
SSIY -21.53300 -49.74300 1411 20 902
SSJA -27.16800 -51.55800 2546 150 1258
SSJB -18.86000 -54.34800 1253 30 809
SSJC -29.98600 -51.30300 26 60 727
SSJE -23.14700 -49.94900 1749 120 1201
SSJG -21.22000 -57.68200 351 20 705
SSJH -22.16800 -53.57800 787 80 1080
SSJI -21.48900 -56.15400 1053 180 956
SSJJ -21.81100 -53.13100 1377 40 796
SSJK -29.15200 -53.74900 1631 110 1191
SSJL -19.35100 -53.77200 1706 50 894
SSJM -18.85600 -52.50300 2621 50 1523
SSJO -19.37900 -57.45300 511 20 664
SSJP -22.89600 -51.93300 1428 70 1267
SSJQ -12.81200 -51.88200 1266 110 1301
SSJR -32.54200 -53.39000 66 80 1201
SSJT -20.84500 -53.20900 1082 170 1019
SSJU -19.38400 -52.31300 1200 70 809
SSJV -17.94500 -56.48000 150 20 663
SSJW -21.78100 -53.89500 1017 140 759
SSJX -19.47500 -57.01700 150 160 915
SSJY -17.71000 -56.21800 150 30 667
SSJZ -24.05500 -54.00600 1000 10 851
SSKA -18.90800 -56.35900 328 10 597
SSKB -19.47200 -56.38000 312 150 761
SSKC -19.29100 -52.06300 1758 130 603
SSKD -19.74600 -55.47000 410 150 1134
SSKE -23.12400 -53.07700 984 20 754
SSKF -23.33300 -53.87100 1180 180 1019
SSKG -20.50900 -54.53000 2028 60 1113
SSKH -22.91300 -55.54200 1853 80 807
SSKI -23.34000 -50.58700 1673 110 901
SSKJ -24.30300 -51.41400 1575 160 1129
SSKK -29.76500 -50.04000 33 80 713
SSKL -23.41100 -55.22800 1542 30 815
SSKM -24.01600 -52.35700 1854 10 1426
SSKN -27.66800 -53.81400 1460 90 1043
SSKO -20.47500 -55.83700 544 130 811
SSKP -24.31200 -53.84200 1050 20 778
SSKQ -14.54600 -50.46300 1000 30 1006
SSKR -17.17300 -50.82700 2306 60 911
SSKS -30.00000 -52.94600 253 120 1013
SSKT -27.61600 -48.67400 20 30 920
SSKU -27.28300 -50.61600 3130 100 1000
SSKV -22.39900 -55.48700 1738 50 664
SSKW -11.48600 -61.18100 807 160 2112
SSKX -19.86800 -50.65700 1250 170 1170
SSKY -14.47000 -58.35900 2362 150 1209
SSKZ -28.32100 -52.82500 1854 110 1565
SSLA -28.38300 -48.74600 20 40 1501
SSLB -19.02700 -55.92800 394 70 566
SSLC -22.67700 -55.23700 1755 20 906
SSLD -18.64700 -56.76000 328 20 804
SSLE -12.42600 -55.68900 1224 30 824
SSLF -22.54700 -53.42900 885 10 792
SSLG -28.38000 -55.04200 653 60 1201
SSLH -5.33800 -57.76500 397 180 551
SSLI -30.83100 -55.62900 1096 150 1291
SSLJ -14.27000 -47.02700 1434 10 993
SSLK -18.22100 -55.16100 394 40 1014
SSLL -22.24000 -55.93300 1788 170 817
SSLN -27.16300 -49.54700 1096 70 1086
SSLO -22.92100 -53.15200 1542 50 1102
SSLP -21.91500 -57.64600 299 10 995
SSLQ -22.78100 -55.07700 1362 160 1023
SSLR -19.10800 -57.59400 413 20 654
SSLS -25.51800 -52.56200 2087 70 1224
SSLT -29.80900 -55.89800 459 140 1212
SSLU -21.52000 -56.61300 754 170 714
SSLW -21.97600 -56.79700 853 10 597
SSLX -22.71000 -54.60900 1296 20 1006
SSLZ -22.52400 -53.66400 1296 10 990
SSMC -22.08400 -53.52300 1209 160 919
SSMD -25.30800 -54.07600 1473 130 1200
SSME -20.98500 -55.56600 804 20 1006
SSMF -26.16300 -49.83300 2687 30 921
SSMH -31.92700 -52.46500 66 160 631
SSMI -22.08700 -56.30400 1148 60 917
SSMJ -21.63800 -55.14500 1283 10 1000
SSMK -30.07400 -51.41100 20 90 403
SSML -23.59800 -54.65000 1083 90 804
SSMN -8.88100 -57.33200 1640 120 951
SSMP -23.67500 -52.01200 1391 60 716
SSMR -24.52400 -51.65000 2822 170 1233
SSMS -22.86300 -55.49600 1522 180 1018
SSMT -31.10800 -50.91400 59 50 967
SSMV -22.04000 -47.56200 2434 160 806
SSMW -24.31800 -47.01300 49 10 589
SSMX -21.12400 -46.42600 3868 120 646
SSMY -25.39600 -54.26700 951 20 1314
SSMZ -13.91300 -59.98600 1070 160 1210
SSNA -19.90500 -56.44300 436 60 1117
SSNB -23.03500 -54.18600 1329 100 1245
SSNC -18.71600 -51.87300 1877 50 1422
SSND -11.17100 -52.82300 1119 10 1396
SSNE -17.13000 -56.39300 371 150 910
SSNF -20.32700 -48.81200 1739 170 672
SSNG -29.71700 -51.49300 125 130 919
SSNH -29.70100 -51.08200 66 20 1201
SSNI -22.99000 -53.87800 1247 30 1017
SSNJ -29.11700 -53.22300 1063 110 1301
SSNK -16.84700 -54.07700 2362 30 1059
SSNL -14.31800 -55.77200 1818 90 1203
SSNM -9.96200 -54.88600 968 180 1004
SSNN -17.19800 -45.78200 1749 110 1101
SSNO -27.37200 -52.73400 1968 20 1050
SSNP -28.80000 -51.60900 2264 130 1000
SSNQ -21.17900 -55.83200 981 180 1201
SSNR -18.31400 -54.93700 754 180 1113
SSNT -23.28900 -55.05800 1289 160 819
SSNU -22.24100 -48.02900 2582 110 901
SSNV -19.23500 -57.03000 285 30 557
SSNW -12.30000 -45.52100 2408 130 1612
SSNY -17.18900 -58.21900 541 40 1215
SSOC -19.03500 -56.95400 305 80 855
SSOD -20.24500 -56.41900 374 140 991
SSOE -26.77600 -53.50500 2180 170 1298
SSOF -15.19200 -43.53200 1575 30 784
SSOG -23.34900 -51.49600 2599 150 1210
SSOI -22.30400 -48.77600 1788 150 1185
SSOJ -19.98100 -51.73900 1476 90 904
SSOK -23.21500 -51.19000 1932 100 942
SSOL -21.24600 -44.96700 3146 50 1501
SSON -23.78700 -55.03300 1476 110 701
SSOO -22.33900 -49.54500 1903 70 661
SSOP -20.04900 -51.47600 1539 30 1315
SSOQ -19.57900 -56.15700 502 90 963
SSOR -29.81600 -55.71600 354 150 624
SSOS -29.90300 -50.25600 39 100 1002
SSOT -16.35400 -45.34800 1946 10 1684
SSOU -17.03500 -46.26600 1772 130 1204
SSOV -16.15000 -45.82700 1837 50 910
SSOW -6.84400 -56.58800 973 40 1002
SSOY -12.29200 -57.02300 971 80 802
SSPB -26.22200 -52.70100 2697 70 1498
SSPC -13.73500 -51.34600 866 80 1406
SSPD -14.76900 -60.03800 922 80 1204
SSPE -14.43800 -55.61400 837 80 1004
SSPF -24.77400 -54.12000 1420 50 1096
SSPG -25.54400 -48.53700 16 60 1454
SSPI -23.08800 -52.49500 1526 120 1489
SSPJ -25.84700 -52.01800 3438 180 820
SSPK -22.76800 -51.36900 1424 150 2065
SSPL -27.90500 -53.33300 2083 50 998
SSPM -21.70400 -57.88200 260 180 1305
SSPN -19.64800 -51.20500 1446 140 1327
SSPO -22.01200 -54.79100 1165 40 755
SSPP -31.66000 -52.21200 39 70 1032
SSPQ -9.44200 -70.48400 751 170 1104
SSPR -8.26800 -72.74600 794 170 902
SSPS -26.47700 -51.97700 3609 20 1053
SSPT -24.34800 -53.83000 1220 30 1202
SSPV -8.95500 -72.78300 751 150 1104
SSPX -8.85300 -69.26700 531 20 903
SSPY -17.67400 -57.75300 390 10 897
SSPZ -22.72200 -48.05300 1749 60 1022
SSQA -13.71800 -60.31800 830 160 1210
SSQB -9.18700 -71.95000 1197 130 902
SSQC -23.67400 -49.82100 2313 100 1175
SSQF -23.81300 -54.70500 1623 120 1241
SSQI -12.51000 -55.68900 1250 100 841
SSQL -14.11500 -50.12600 3609 90 802
SSQM -13.54600 -42.48600 2464 110 1301
SSQN -11.76900 -40.42300 1788 150 1004
SSQO -20.08400 -53.89100 1590 90 602
SSQP -10.47500 -39.29000 1362 170 1005
SSQR -21.39100 -53.60400 1286 70 1014
SSQS -15.03700 -52.32400 1001 90 1604
SSQT -24.81300 -49.96400 3314 50 1421
SSQU -20.06500 -55.70500 410 100 601
SSQZ -12.10800 -45.90100 2408 100 1391
SSRA -21.71300 -53.09800 1384 10 1178
SSRB -21.84400 -54.52900 1024 170 817
SSRC -21.70700 -54.37000 1084 40 1020
SSRD -23.39400 -55.24900 1443 180 774
SSRE -25.80500 -53.51700 1693 60 1228
SSRF -12.76400 -39.45200 869 130 1299
SSRG -22.77600 -54.98000 1319 110 701
SSRH -20.78200 -55.98400 577 30 913
SSRI -20.75500 -56.03400 551 180 862
SSRJ -21.87900 -53.81400 1181 30 1218
SSRK -9.51400 -43.00200 1519 110 1506
SSRL -22.03300 -54.19200 1001 160 1226
SSRM -21.01700 -56.27900 791 150 864
SSRN -26.32000 -49.52600 3025 110 1101
SSRO -22.89400 -54.11700 1217 20 604
SSRQ -30.92100 -54.47200 709 80 813
SSRS -27.19500 -49.83100 1476 10 589
SSRT -1.54200 -55.18300 289 100 650
SSRU -31.38800 -52.03400 26 30 1100
SSRW -23.20200 -48.10800 1781 130 750
SSRX -12.77800 -51.11800 591 130 1203
SSRY -29.97300 -52.36400 230 100 601
SSRZ -30.27800 -54.93200 348 100 1201
SSSA -22.03100 -56.19300 1047 10 994
SSSB -28.65900 -56.04100 246 60 1505
SSSC -29.68600 -52.41800 646 80 1213
SSSD -28.85800 -52.54400 2162 160 1301
SSSF -20.10100 -52.44900 1476 120 1099
SSSG -30.34900 -54.27100 469 40 1100
SSSH -19.20100 -57.01400 275 70 707
SSSK -4.50600 -43.92300 226 160 851
SSSO -21.40900 -52.03500 984 140 657
SSSP -20.04100 -56.31600 328 100 1196
SSSQ -28.25500 -49.91800 4462 170 1050
SSSR -20.31700 -52.73600 1476 90 502
SSSS -26.21800 -48.56500 49 180 719
SSST -29.20900 -54.84400 1460 170 1341
SSSW -19.71900 -51.95400 1575 140 808
SSSX -18.93600 -57.01800 300 40 614
SSSY -22.52000 -53.51400 781 50 941
SSSZ -23.06200 -51.01900 1178 100 1150
SSTA -30.29700 -54.80500 709 90 754
SSTB -26.14200 -50.31300 2559 30 1369
SSTD -28.55100 -51.59800 2311 100 411
SSTF -17.87500 -57.13000 328 20 603
SSTG -18.47100 -57.05700 530 60 608
SSTH -25.52200 -49.68700 3346 90 1065
SSTI -16.45700 -39.16800 279 140 553
SSTJ -27.34800 -49.82500 1322 120 1004
SSTK -23.68100 -54.54300 794 130 807
SSTL -20.75700 -51.68800 1050 70 1004
SSTN -21.68000 -48.21600 2283 90 865
SSTO -27.51100 -53.90400 1503 110 1280
SSTP -17.96700 -50.32400 1591 160 1216
SSTQ 0.88200 -51.88000 459 30 1021
SSTS -22.60800 -53.45100 813 120 752
SSTU -18.72800 -54.10900 1250 130 1005
SSTX -16.19500 -43.07800 2920 100 1102
SSTY -25.55600 -53.18000 1640 170 1544
SSUA -17.62700 -54.77200 1575 160 912
SSUC -21.48900 -53.20800 1194 130 906
SSUI -7.10200 -48.75800 984 20 1196
SSUL -25.48000 -49.15400 3215 20 702
SSUM -23.80500 -53.31600 1558 30 1407
SSUQ -20.75800 -55.05000 915 80 1461
SSUR -21.58200 -52.87500 1264 130 725
SSUS -16.58000 -54.86300 1968 160 1113
SSUT -14.44200 -58.30300 705 130 1204
SSUU -10.74200 -49.48400 761 110 901
SSUV -26.22900 -51.07000 2467 160 1062
SSUW -22.77600 -51.50800 1470 90 804
SSUX -20.48500 -48.37500 1597 60 814
SSUY -20.64500 -51.48100 1115 60 1418
SSUZ -20.66300 -50.84800 1322 100 1322
SSVA -19.06100 -57.63100 805 160 518
SSVB -23.06500 -53.82100 1086 180 489
SSVC -28.50700 -50.92300 3212 140 1080
SSVD -24.29800 -53.25100 1312 40 820
SSVE -23.81700 -55.05900 1250 30 917
SSVF -22.95700 -49.15100 2557 170 1228
SSVG -22.28100 -55.65400 2016 180 610
SSVH -22.36200 -55.12900 1398 180 1221
SSVI -27.00100 -51.14900 2756 100 1465
SSVJ -21.86800 -55.75200 2280 140 1216
SSVK -22.79900 -54.15800 1299 30 1017
SSVL -22.52600 -54.67700 1476 10 892
SSVM -22.00600 -54.97700 1499 50 1022
SSVN -28.93500 -51.57400 2133 100 1150
SSVO -20.86900 -50.13100 1437 150 1015
SSVP -33.50200 -53.34900 82 110 903
SSVQ -22.41500 -54.98900 1510 20 1007
SSVU -17.70100 -44.35600 3773 90 1285
SSVV -21.29000 -56.12000 1050 180 914
SSVW -14.51300 -59.56100 975 100 861
SSVX -18.50700 -56.43000 394 180 627
SSVY -20.93600 -48.17700 1575 140 808
SSWA -29.61800 -52.21800 223 20 1201
SSWB -16.01500 -47.56200 3442 110 801
SSWC -18.93000 -53.07100 2608 180 811
SSWD -27.19000 -53.24100 1145 140 1141
SSWE -21.74800 -50.94800 1450 30 1013
SSWF -27.34600 -53.40600 1857 140 757
SSWH -21.91600 -47.82400 2300 30 810
SSWK -23.03500 -50.49600 1148 30 609
SSWL -1.28600 -48.21700 115 100 1001
SSWM -23.50100 -51.30600 2461 100 1142
SSWN -16.23100 -57.59400 820 50 809
SSWO -22.96900 -54.07700 1083 40 716
SSWP -8.73700 -50.21200 797 160 1505
SSWQ -12.52800 -55.62900 1283 100 1041
SSWR -21.88300 -54.29800 1113 170 1237
SSWS -30.55100 -53.46500 1309 80 1201
SSWT -29.00100 -50.08100 3527 90 978
SSWV -23.58900 -50.04500 1772 130 856
SSWW -18.67600 -55.89500 262 30 516
SSWX -19.02700 -56.29300 262 120 582
SSWZ -18.51300 -46.27400 3458 20 830
SSXA -23.03900 -50.93800 1526 110 701
SSXB -17.15800 -56.57300 551 140 857
SSXC -17.05400 -56.08500 571 40 911
SSXD -27.97800 -52.86800 2031 140 1201
SSXH -13.70200 -56.29500 1099 60 1209
SSXI -11.18500 -56.79200 1201 30 1306
SSXK -12.87800 -56.74100 1001 10 1397
SSXL -20.43900 -56.33700 554 30 912
SSXM -22.78800 -53.88700 1443 90 904
SSXN -8.30100 -55.11900 820 70 1103
SSXO -23.28800 -52.13400 1932 120 1003
SSXP -3.62300 -48.75800 523 60 771
SSXQ -19.32900 -51.97800 1466 100 901
SSXR -2.95400 -51.15000 974 80 1101
SSXU -3.15900 -48.54400 276 90 901
SSXV -22.95500 -54.11300 1201 20 1006
SSXW -18.80700 -52.60400 2625 120 902
SSXX -26.87200 -52.37400 2986 180 780
SSXY -9.62100 -60.67200 459 90 951
SSXZ -19.75200 -50.12900 1348 20 901
SSYA -24.10900 -49.79300 2641 50 1394
SSYB -28.28100 -48.70000 33 50 1231
SSYC -19.04900 -52.96800 1959 120 802
SSYD -7.54800 -49.21300 643 110 1081
SSYE -15.31800 -58.50200 1033 180 605
SSYF -18.87700 -48.72200 2762 40 1217
SSYL -23.33600 -54.57000 1142 180 1223
SSYM -20.09100 -56.61700 548 20 855
SSYN -20.08300 -56.67100 427 80 705
SSYO -15.26000 -55.61600 1155 170 707
SSYP -4.52400 -43.92000 190 40 701
SSYQ -28.38100 -52.88100 1752 50 675
SSYR -20.34900 -52.32800 1214 90 1054
SSYS -19.90500 -52.53800 1552 180 812
SSYT -27.13800 -53.68700 1247 180 939
SSYU -19.82400 -52.58900 1621 160 712
SSYV -19.72200 -52.85300 1650 180 1014
SSYW -18.27000 -54.78700 1460 90 1003
SSYY -18.95300 -53.15400 1923 90 1004
SSYZ -22.85500 -55.40200 2080 70 1472
SSZA -17.72300 -56.75600 331 80 603
SSZB -18.20800 -56.81200 331 80 603
SSZC -18.01400 -55.00200 590 180 1214
SSZF -18.47900 -56.02400 150 80 664
SSZG -19.26100 -52.89800 1575 40 1015
SSZH -23.65200 -54.71700 928 40 1332
SSZJ -18.18400 -54.50900 899 80 1578
SSZK -22.21100 -57.30700 410 180 914
SSZL -21.45800 -52.17200 994 60 1019
SSZM -17.83300 -57.55400 377 70 706
SSZN -25.18300 -50.92500 2451 70 408
SSZO -8.65700 -50.46000 804 140 1002
SSZP -22.69200 -54.21700 1499 180 916
SSZQ -22.03300 -56.27200 1197 160 1360
SSZR -27.90900 -54.52600 984 70 1200
SSZS -22.83200 -51.60900 1588 90 1201
SSZT -22.79900 -49.34300 2146 40 1225
SSZU -19.49600 -53.04500 1099 90 1004
SSZV -12.06300 -51.53700 1066 90 1002
SSZW -25.19200 -50.15000 2588 70 1460
SSZX -19.52100 -50.97400 1447 170 1560
SSZY -19.66700 -50.95300 1414 40 914
SSZZ -17.71100 -54.41300 2024 140 1008
SUAA -34.78300 -56.26500 174 180 1278
SUDU -33.36900 -56.50500 305 30 2285
SULO -33.95900 -58.29000 33 170 1061
SULS -34.86000 -55.11200 95 10 2130
SUME -33.24500 -58.07500 69 80 1241
SUMU -34.84400 -56.04000 105 10 3199
SUPE -34.91100 -54.92100 0 20 367
SUPU -32.37000 -58.06300 177 10 1519
SUSO -31.44400 -57.99100 187 50 1589
SUTR -33.20100 -54.35500 338 90 1021
SUVO -31.76400 -54.62100 489 40 1008
SV01 10.24500 -70.50600 1785 130 1146
SV02 8.40100 -65.02100 492 70 1490
SV03 8.81900 -64.74400 787 100 1045
SV04 10.78300 -68.34800 19 80 938
SV73 8.67100 -62.63000 300 110 992
SV74 9.57800 -72.79700 165 70 2165
SV75 10.08000 -72.55500 361 10 1763
SV76 7.76000 -63.09000 590 100 1805
SV77 10.32900 -72.48600 656 90 1248
SVAC 9.55600 -69.24600 741 50 1825
SVAJ 8.82000 -65.89300 394 110 1344
SVAN 9.43000 -64.47600 721 90 1216
SVAS 6.57300 -66.82200 266 50 1392
SVAT 4.05800 -67.70400 298 160 1512
SVAX 9.99600 -72.58300 394 10 1020
SVBC 10.12200 -64.70100 26 20 3003
SVBI 8.62000 -70.22200 666 30 1996
SVBK 9.26100 -70.23400 5085 40 1313
SVBL 10.18100 -67.57200 1450 90 3137
SVBM 10.04000 -69.37200 2042 90 2873
SVBQ 10.00800 -71.08400 43 180 1447
SVBS 10.25300 -67.66200 1338 50 2084
SVCB 8.11800 -63.54400 197 70 1686
SVCD 7.62700 -66.17200 141 110 1502
SVCE 9.35200 -65.28500 203 120 1021
SVCG 8.75700 -72.54100 98 100 1049
SVCJ 9.65500 -68.58000 512 150 2010
SVCL 8.92400 -67.42400 328 90 1461
SVCN 6.22200 -62.85300 1450 10 2167
SVCO 10.17600 -70.07200 1437 100 1480
SVCP 10.66900 -63.26400 33 170 2028
SVCR 11.41300 -69.69100 52 90 2059
SVCS 10.28700 -66.82500 2145 100 1994
SVCU 10.44400 -64.14300 25 80 3101
SVCZ 9.36900 -66.93600 525 80 2997
SVDP 4.72800 -60.97100 2579 80 1501
SVDW 7.49100 -63.27700 879 70 1586
SVEB 8.67600 -72.33900 79 90 1001
SVED 6.71500 -61.64500 318 80 1218
SVEN 9.03400 -72.25200 66 50 1259
SVEP 10.19500 -67.44900 1555 80 1254
SVET 7.35000 -62.53800 794 100 1199
SVEZ 7.05800 -69.50200 295 70 1191
SVFM 10.48700 -66.85200 2739 110 1962
SVGC 9.77200 -72.48900 138 40 1205
SVGD 7.20600 -70.76400 426 50 2078
SVGI 10.56600 -62.31800 42 50 2013
SVGT -7.42200 -61.93700 948 50 1501
SVGU 9.02100 -69.76100 606 50 1798
SVHD 9.89900 -72.55400 207 120 928
SVHG 10.46100 -66.09800 10 70 1194
SVHH 10.81000 -69.64400 2460 120 1297
SVIC 4.33400 -61.73800 1575 110 1201
SVIE 10.79400 -63.98700 10 90 1189
SVJC 11.78000 -70.16400 75 90 2806
SVJM 9.90200 -67.38500 1404 60 1525
SVKA 5.63700 -61.78600 3901 160 1100
SVLF 8.23000 -72.27100 323 10 2036
SVLM 9.49400 -62.90600 118 50 1247
SVLO 11.80500 -66.19200 5 80 2971
SVMC 10.54600 -71.73400 235 20 3016
SVMD 8.57800 -71.16800 5007 60 1578
SVMG 10.90900 -63.98100 74 90 3197
SVMI 10.60400 -67.01300 235 90 3496
SVMP 10.13200 -66.79400 574 80 1420
SVMT 9.74300 -63.16100 224 60 2094
SVMZ 7.55500 -69.14600 295 80 1190
SVNX 8.82600 -63.10200 272 80 1499
SVOE 8.74300 -69.91900 530 80 1126
SVOF 9.70200 -63.63000 803 100 1103
SVOK 9.06100 -63.44900 485 80 1062
SVON 10.32500 -71.33000 164 60 1867
SVPA 5.61000 -67.61200 245 40 2531
SVPC 10.48200 -68.08300 32 100 2118
SVPE 9.97700 -62.23700 6 90 1272
SVPM 7.79600 -72.20400 3314 20 1099
SVPP 5.78900 -61.44900 4251 90 1852
SVPQ 8.60300 -69.76200 404 160 1098
SVPR 8.28400 -62.76900 472 70 2040
SVPT 7.57200 -70.17800 347 50 1153
SVQU 8.75000 -69.72700 427 90 1126
SVRA 10.57400 -62.99000 33 100 999
SVRB 11.51100 -69.32000 39 80 1191
SVRX 9.84600 -72.55200 229 130 1169
SVSA 7.84900 -72.44200 1312 170 1879
SVSB 7.80600 -71.17300 590 120 1693
SVSE 4.55600 -61.15200 2939 110 1658
SVSN 8.87400 -66.84600 394 90 1469
SVSO 7.57000 -72.04800 1083 110 3044
SVSP 10.27300 -68.75900 761 40 1498
SVSR 7.88600 -67.45200 154 110 1956
SVST 8.94200 -64.15900 837 80 1927
SVSZ 8.98700 -71.94300 32 180 2707
SVTC 9.08600 -62.10100 105 70 1690
SVTK 7.10500 -69.79500 328 70 1476
SVTM 7.24400 -61.54100 344 80 2975
SVUM 5.33500 -62.77200 1145 120 1201
SVUP 7.98100 -62.33300 1056 120 1112
SVUQ -5.22800 -61.76900 2821 160 1251
SVVA 10.15000 -67.94200 1417 100 2988
SVVG 8.62200 -71.68700 249 90 3241
SVVL 9.33200 -70.58700 1893 30 2087
SVVP 9.22000 -66.00000 410 80 1522
SVWB 10.47900 -68.47800 49 90 1192
SWAA -14.54300 -50.59600 896 120 647
SWAB -9.69600 -65.36800 443 180 1000
SWAC -16.44000 -51.39000 1591 90 1194
SWAE 3.54100 -63.18300 1083 20 801
SWAF -16.48500 -54.66900 827 70 554
SWAH -10.14300 -60.65700 325 90 901
SWAI -5.60200 -48.10500 312 90 1201
SWAJ -33.21900 -53.26500 56 30 1566
SWAK 1.06400 -67.60400 492 60 951
SWAM -23.64500 -49.15200 2166 40 920
SWAN -14.49700 -57.01800 1329 180 655
SWAO 1.80300 -67.38700 335 140 1001
SWAP -15.33900 -57.31800 951 20 1104
SWAQ 3.76500 -62.41200 689 140 801
SWAR -13.08800 -51.58600 968 10 1195
SWAT -17.09100 -53.33700 2795 90 1103
SWAU -14.52700 -56.40400 850 50 950
SWAV -14.07800 -57.46000 2037 60 1511
SWAY -15.72800 -51.83600 991 10 1000
SWAZ 0.40400 -69.30200 394 170 901
SWBA -18.12100 -49.04600 2844 160 1201
SWBB -15.05500 -57.18400 722 180 831
SWBC -0.98200 -62.92500 112 90 1188
SWBF -10.00600 -49.49700 741 100 1131
SWBG -15.20000 -59.38500 810 10 1497
SWBH -11.01500 -48.60400 869 140 802
SWBI -2.79500 -57.06200 69 70 1204
SWBJ -13.25600 -52.04400 1339 90 942
SWBL -1.92000 -59.41600 564 150 1335
SWBN -16.94900 -56.39400 377 50 607
SWBO -14.27500 -49.65300 1542 110 901
SWBQ -13.72800 -59.71800 2067 180 1261
SWBR -4.40600 -59.60800 295 120 1199
SWBS -11.01500 -68.73800 489 120 1000
SWBT -10.37200 -55.82200 820 100 801
SWBU -10.21300 -55.08600 1214 150 904
SWBV 4.00500 -64.49900 2484 120 1129
SWBW -14.77200 -60.03400 892 10 789
SWBX -17.49100 -55.23300 650 110 1001
SWBY -18.05300 -49.70500 1820 80 1007
SWBZ -12.60300 -55.76700 1155 150 795
SWCA -4.87800 -66.90200 355 40 1674
SWCB -13.00900 -46.78000 2195 110 1201
SWCC -13.61800 -60.60200 705 180 986
SWCD -15.93700 -48.65100 3888 90 1043
SWCE -16.21100 -55.40200 2310 40 1551
SWCF -13.72500 -60.48200 673 160 1512
SWCG -18.49700 -51.30000 2060 30 1208
SWCH -10.00500 -57.06800 820 20 1052
SWCJ -11.81300 -49.75200 699 180 905
SWCK -12.68000 -52.72000 984 160 906
SWCL -9.54700 -57.41900 669 100 741
SWCM -13.99600 -52.93400 1378 70 1912
SWCN -14.14500 -51.02000 784 90 1103
SWCO -14.71200 -51.21300 919 160 1009
SWCP -13.65100 -57.92800 1818 30 1208
SWCQ -12.42800 -64.25200 555 10 1501
SWCR -17.83600 -57.16800 328 40 608
SWCT -17.36600 -56.78900 334 130 1005
SWCU -11.98000 -49.91200 787 80 1094
SWCV -15.49400 -60.08500 676 10 1048
SWCW -13.77000 -47.43100 2625 50 1000
SWCX -13.70400 -60.70200 1247 40 807
SWCY -12.84200 -56.97900 1004 150 704
SWCZ -15.34100 -49.60800 1962 150 1100
SWDA -14.94000 -52.17400 925 30 1006
SWDB -15.58200 -52.21800 1086 10 1193
SWDC -16.94300 -53.58000 2516 40 1012
SWDE -12.82100 -50.33900 722 120 1402
SWDF -9.52200 -55.04400 1417 160 703
SWDG -21.74400 -49.17000 1509 110 1101
SWDI -11.73600 -49.33400 771 30 602
SWDJ -14.85400 -52.03800 886 180 908
SWDK -13.02000 -61.17300 680 100 1001
SWDM -14.37000 -56.40400 1476 170 1650
SWDN -11.59600 -46.85400 2001 100 1509
SWDO -14.81800 -56.42100 699 90 802
SWDQ -16.43500 -55.27400 1352 120 701
SWDS -15.66200 -59.30900 846 90 802
SWDT -14.27700 -57.70200 2178 180 1511
SWDU -11.03800 -53.11700 820 20 901
SWDV -16.73600 -57.76900 361 80 1150
SWDW -13.12100 -56.16700 1342 10 1000
SWDY -14.75400 -50.38100 1175 120 796
SWDZ -15.28800 -58.53400 1181 120 802
SWEB -11.56300 -58.02900 951 160 1207
SWEC -15.90200 -52.09700 1017 30 1094
SWED -7.75900 -49.12700 686 90 1202
SWEE -4.52700 -71.56500 98 60 1205
SWEF -14.80200 -51.15400 899 100 801
SWEG -16.83400 -55.67300 446 90 852
SWEH -11.66000 -52.85300 1083 160 1006
SWEI -6.63000 -69.88400 412 160 2310
SWEJ -10.18300 -48.55100 988 110 1027
SWEK -13.57000 -52.27200 1296 180 1041
SWEL -15.06300 -51.91800 853 30 1006
SWEM -14.62100 -54.00700 1837 80 904
SWEN -9.94100 -56.10400 1017 120 901
SWEO 0.21100 -61.55300 262 130 701
SWER -15.47200 -56.06700 801 70 906
SWET -13.31200 -58.79900 558 180 1006
SWEU 0.79800 -61.66100 266 30 701
SWEW -15.83600 -58.63500 656 170 1516
SWEX -16.84800 -54.46300 1145 90 903
SWEY -13.53600 -48.90500 1197 90 872
SWEZ -15.25700 -56.48300 666 30 1612
SWFA -16.22300 -47.62700 3281 30 1308
SWFC -16.16800 -54.84700 1191 90 902
SWFD -11.72200 -58.05100 863 50 1301
SWFE -13.31900 -56.11400 1345 30 1006
SWFF -10.71900 -54.84000 1001 180 1005
SWFG -12.02600 -51.67900 1116 180 905
SWFH -9.74900 -49.98600 640 90 1202
SWFJ -8.17000 -70.35300 394 10 959
SWFK -15.07100 -48.24100 2297 170 909
SWFL -10.12200 -50.41700 656 20 1191
SWFM -18.17800 -48.21200 2073 40 770
SWFN -3.07200 -60.02500 203 110 800
SWFO -15.35100 -56.71300 1037 40 1111
SWFP -10.64000 -52.03700 984 90 1002
SWFQ -10.40100 -48.68100 943 30 1962
SWFR -15.56200 -47.34800 3166 50 1419
SWFS -13.53600 -54.93300 1575 10 997
SWFT -16.58100 -52.14800 2822 110 1151
SWFU -16.17100 -59.50000 866 10 995
SWFV -20.72100 -45.86700 2569 150 608
SWFW -14.71300 -51.91000 919 180 1008
SWFX -11.63000 -50.69600 650 120 1448
SWFY -9.97000 -50.95500 718 70 1194
SWFZ -9.98000 -56.67800 820 60 1466
SWGA -14.82700 -60.01700 1378 10 899
SWGC -8.84900 -49.68900 591 120 1201
SWGE -17.00600 -56.48200 344 120 902
SWGF -9.28500 -64.62500 295 170 803
SWGH -16.24200 -57.62100 1299 30 1009
SWGI -11.73900 -49.14000 1138 120 1726
SWGK -12.55900 -51.69300 801 120 901
SWGL -18.39500 -52.10500 2067 30 909
SWGM -15.48900 -55.81900 2464 120 852
SWGN -7.23000 -48.24800 771 90 1801
SWGO -15.34400 -49.14000 2303 70 1209
SWGP -16.83200 -49.88000 1995 30 1194
SWGQ -14.78500 -57.35500 755 30 1007
SWGR -16.92500 -53.54700 2707 70 1201
SWGS -9.79300 -50.82500 755 100 1101
SWGT -17.19300 -50.21200 1844 10 1190
SWGU -12.40300 -50.05800 738 60 1107
SWGV -12.80500 -52.61400 1004 80 1505
SWGW -15.43500 -51.60300 1047 140 1156
SWGZ -14.78400 -57.19000 988 20 1824
SWHA -14.64700 -49.81800 1553 50 606
SWHE -10.73000 -54.53600 1352 180 1105
SWHF -10.48700 -48.33900 860 100 1051
SWHG -17.82400 -50.59400 1591 140 1061
SWHJ -10.06100 -56.99100 899 20 1302
SWHL -15.27900 -55.12100 2247 10 996
SWHM -18.30900 -53.66400 1345 160 1217
SWHN -10.16000 -56.98100 853 20 902
SWHO -11.53400 -56.55500 1017 100 901
SWHP -14.02600 -52.15500 1047 40 1512
SWHQ -15.19000 -59.94400 1060 90 1002
SWHR -21.86000 -52.18800 919 40 816
SWHS -18.05500 -50.39100 1729 90 803
SWHT -7.52900 -63.07600 230 140 1534
SWHU -22.50500 -50.87100 1542 120 1202
SWHY -4.12800 -48.68800 285 170 901
SWHZ -10.33500 -55.96700 1010 180 803
SWIA -14.10100 -46.67300 1854 170 1501
SWIB -10.86600 -54.91800 1096 70 1104
SWID -13.31100 -49.77900 909 160 1214
SWIE -13.91700 -50.01500 984 140 1155
SWIG -15.01100 -59.25600 879 100 731
SWIH -14.91000 -52.73100 1355 10 849
SWII -2.94400 -69.69400 131 10 1203
SWIJ -17.51400 -54.82800 1683 180 1011
SWIK -14.92100 -51.28600 935 50 1010
SWIL -17.02000 -54.35100 1499 30 857
SWIM -16.12300 -51.67400 1142 150 1110
SWIN -14.25200 -57.99400 2188 10 2010
SWIO -17.62700 -50.14300 1562 30 1341
SWIP -17.69200 -48.16400 2729 40 1118
SWIQ -13.55600 -48.20300 1401 50 1285
SWIU -9.84400 -61.42000 476 150 803
SWIV -1.26900 -53.26500 479 100 701
SWIW -13.82300 -56.04000 1398 50 1513
SWIX -17.36800 -54.73600 1640 180 1213
SWIY -11.57100 -50.67300 647 120 1504
SWIZ -21.29300 -54.48400 1519 130 906
SWJA -11.64500 -59.09000 1100 60 804
SWJB -14.74200 -58.13300 1667 140 1197
SWJC -15.97500 -54.97200 1197 60 1089
SWJD -13.45700 -46.67900 1279 20 1100
SWJE -16.39900 -52.33300 2634 80 1106
SWJF -10.23000 -58.49800 840 150 1004
SWJG -14.48900 -57.43500 1083 30 1208
SWJJ -15.04800 -57.50400 755 140 805
SWJK -14.97200 -51.33900 984 160 1262
SWJL -19.03900 -51.26300 1345 140 807
SWJM -12.97000 -46.56800 2067 60 906
SWJN -11.49400 -58.88700 1083 170 1601
SWJO -15.13800 -51.25800 984 140 905
SWJP -1.40100 -69.42800 257 130 1197
SWJQ -20.23000 -51.84900 1392 70 912
SWJR -11.94500 -54.51900 1180 160 1207
SWJS -15.48400 -51.27400 692 130 1053
SWJT -11.50000 -52.62200 1165 90 1403
SWJU -10.30100 -58.49500 525 140 1641
SWJV -5.13200 -72.81300 394 50 1204
SWJW -17.82800 -51.78000 2529 130 1471
SWJX -19.50400 -44.15800 2762 20 499
SWJY -16.85000 -53.73500 2625 20 1073
SWJZ -15.98500 -54.53400 1654 20 802
SWKA -15.59900 -51.25900 951 50 910
SWKB -9.14100 -67.44900 699 130 702
SWKC -16.03500 -57.63100 495 180 1864
SWKE -11.50500 -49.84500 656 150 1005
SWKF -20.73500 -51.70100 1093 50 968
SWKG -13.40200 -54.75500 1623 170 1411
SWKH -15.21700 -55.13400 2050 180 908
SWKJ -15.40200 -54.61200 1821 60 1110
SWKK -11.43800 -61.47800 640 10 1207
SWKL -12.55700 -62.00000 590 110 801
SWKM -14.64200 -57.50600 1390 150 605
SWKO -4.13400 -63.14000 131 100 1588
SWKP -15.23900 -59.28800 866 160 1010
SWKQ -9.07700 -42.64900 1362 160 1656
SWKR -18.67200 -51.58900 1752 80 806
SWKT -18.21100 -47.90200 2612 170 1408
SWKU 1.12600 -66.84300 274 160 1213
SWKV -10.90400 -55.86200 1096 60 1105
SWKW -21.32500 -50.19600 1352 160 1019
SWKX -16.37900 -58.32000 394 160 1100
SWKY -20.34300 -47.47400 3064 40 803
SWKZ -11.72200 -58.25900 984 10 999
SWLA -11.88600 -58.63600 1030 90 1002
SWLB -7.27400 -64.77000 190 180 1219
SWLC -17.84000 -50.95700 2464 30 1509
SWLD -14.88900 -45.34100 2510 60 1009
SWLE -15.22700 -59.34300 1148 170 924
SWLF -15.61700 -58.21000 725 180 796
SWLG -12.99600 -51.90700 1335 180 705
SWLI -17.00600 -56.46800 361 150 707
SWLK -10.99500 -58.21600 1164 180 1055
SWLM -15.29800 -60.37000 971 60 1210
SWLN -13.43500 -58.47500 1837 50 806
SWLP -9.97100 -61.23400 535 70 1003
SWLR -15.43500 -59.65900 820 180 1310
SWLT -10.43600 -54.17100 1197 80 1003
SWLV -15.84800 -56.08800 544 180 1221
SWLX -15.41200 -58.83100 1214 110 901
SWLY -20.88800 -51.36600 1345 70 1217
SWMA -11.83700 -46.26800 2828 50 805
SWMB -17.97400 -49.59000 2165 170 811
SWMC -21.46200 -47.89000 1936 50 816
SWME -17.54700 -52.55800 2707 180 1065
SWMG -13.39000 -46.77800 1637 50 1209
SWMH -15.53900 -51.02000 895 160 808
SWMI -20.87300 -52.86800 1329 40 1148
SWMJ -19.49900 -56.96000 318 10 647
SWMK 0.62600 -66.12000 354 70 1204
SWML -13.25300 -46.87400 1821 60 907
SWMM -9.30500 -60.67500 432 10 1000
SWMO -17.45700 -54.74200 1716 10 994
SWMQ -10.42000 -60.55500 367 70 1204
SWMR -14.24800 -48.08700 2067 150 906
SWMT -12.66200 -54.82900 1214 30 854
SWMU -4.31500 -60.70500 1640 120 1000
SWMV 2.72900 -62.95400 984 140 851
SWMW -3.37800 -57.72400 69 10 1216
SWMX -17.76600 -49.12500 2789 50 1098
SWMY -11.56600 -50.70600 620 110 1201
SWMZ -16.44100 -54.70500 1000 140 856
SWNA -5.12000 -60.37000 118 70 1189
SWNB -14.71000 -56.34200 722 70 855
SWNC -9.40500 -58.22800 673 10 789
SWNF -10.89400 -55.56900 1033 90 1202
SWNG -12.90000 -55.83500 1279 30 804
SWNH -14.93700 -51.05200 820 60 1302
SWNI -10.17600 -62.83000 407 120 950
SWNJ -15.12500 -53.49300 1749 180 807
SWNK -8.82700 -67.31300 394 180 1614
SWNL -15.18600 -57.70900 493 180 1048
SWNM 3.86300 -59.62000 282 60 1001
SWNN 2.77600 -60.61900 282 40 1051
SWNO -3.89100 -59.08300 118 70 1201
SWNQ -14.44100 -48.49200 2756 20 1474
SWNR -14.48000 -56.77100 1460 150 1209
SWNS -16.36700 -48.93400 3642 70 1839
SWNT -18.96900 -50.79900 1493 30 949
SWNU -3.16400 -48.11000 141 80 901
SWNV -16.62300 -49.35400 2707 130 1136
SWNW -13.79500 -55.45800 1525 160 1109
SWNX -14.87200 -53.50200 1650 30 1007
SWOA -16.53600 -49.40000 2625 180 869
SWOB -2.52700 -66.08400 207 180 1307
SWOC -22.02300 -57.36700 443 150 662
SWOE -16.17300 -58.19100 688 80 1004
SWOF 2.93600 -60.72300 282 70 791
SWOG -13.76500 -56.96400 1469 100 1729
SWOI -11.81800 -57.57100 1200 90 1202
SWOJ -11.57500 -58.27400 1092 90 1032
SWOK -17.30800 -53.93800 2164 70 706
SWOL -15.09700 -52.40400 1351 90 902
SWOM -14.95600 -53.49000 1889 180 1160
SWOO -15.07500 -51.39400 1050 30 906
SWOP -9.78300 -57.62800 1188 160 1205
SWOQ -16.74300 -47.99700 3148 120 1102
SWOR -15.45500 -51.22400 896 30 906
SWOS -15.17600 -48.95600 2289 60 1110
SWOT -13.93900 -58.89800 2106 160 1210
SWOV -17.51000 -55.41200 423 70 1009
SWOW -1.46500 -61.62200 43 120 1100
SWOX -15.76300 -56.49800 619 160 808
SWOY -16.03100 -52.81300 1239 30 1259
SWOZ -15.30500 -54.90100 2164 180 1210
SWPA -8.97400 -48.17600 673 170 1201
SWPB -12.41200 -64.42300 591 150 1801
SWPC 0.26600 -69.80000 377 130 1201
SWPD 2.78100 -60.59000 282 60 751
SWPE -10.13200 -55.59600 866 180 1004
SWPG -11.52300 -57.33300 1309 10 1501
SWPH -15.22700 -52.13400 978 100 901
SWPI -2.67900 -56.78300 87 60 1803
SWPJ -10.23400 -48.36200 787 110 2001
SWPK -16.26700 -56.65200 591 180 1301
SWPL -12.25300 -53.38800 1083 70 1000
SWPM -11.64600 -61.18300 682 50 1340
SWPN -12.61700 -47.87600 886 150 1000
SWPO -10.27000 -51.24100 787 20 981
SWPP -14.75800 -50.66800 1001 50 1151
SWPQ -10.85900 -51.68900 705 130 1017
SWPR -17.32000 -48.34000 2428 100 1203
SWPS -12.97300 -56.18500 1690 60 1307
SWPT -13.61300 -55.01500 1706 180 1007
SWPV -15.67900 -47.54900 3806 110 1101
SWPW -16.97100 -56.41700 377 10 797
SWPY -15.57000 -54.33700 2149 10 1095
SWPZ -14.11900 -46.35200 2713 100 1497
SWQC -17.49600 -51.59700 3140 180 1518
SWQE 1.09500 -69.85100 492 180 851
SWQG -21.45700 -55.42500 1706 110 901
SWQH -10.14800 -60.54500 797 100 1301
SWQI -1.83600 -61.13800 282 70 1201
SWQJ -13.40900 -59.27000 2132 170 1360
SWQK -6.77000 -36.48400 1781 60 882
SWQL -16.68800 -52.25300 2070 20 1242
SWQM -15.09200 -56.37700 688 70 1007
SWQO -19.82300 -57.22200 299 140 1011
SWQP -21.31200 -51.37300 1148 160 1019
SWQQ -18.63200 -54.10300 1391 10 894
SWQR 2.67100 -60.77900 279 20 1151
SWQS -20.94600 -53.44100 1424 120 953
SWQT -9.85900 -58.23100 738 180 1204
SWQU -14.58300 -60.12700 728 180 1037
SWQV -16.11400 -58.97000 833 180 706
SWQW -10.04900 -56.82700 1050 180 904
SWQX -13.33100 -46.90400 1578 160 1108
SWQY -2.68800 -52.37000 384 50 966
SWQZ -20.87700 -53.55700 1509 130 906
SWRA -13.02000 -46.89100 1923 150 1508
SWRB -14.82200 -56.95000 1148 10 1196
SWRC -12.63000 -51.93600 951 40 856
SWRD -16.59400 -54.72500 1467 20 1860
SWRF -13.18800 -57.98500 1644 30 956
SWRG -10.82900 -65.23200 492 50 1005
SWRI -12.15700 -52.28400 993 90 1249
SWRJ -15.07900 -56.55400 757 180 1109
SWRL -12.98100 -61.05000 1086 20 953
SWRM -15.93200 -48.33600 4264 90 622
SWRO -8.79900 -63.85800 312 10 1301
SWRP -10.24400 -59.38500 623 180 1405
SWRQ -15.22200 -58.58800 1033 180 806
SWRR -14.67000 -54.57200 1542 80 1105
SWRS -16.93700 -54.90800 1020 30 858
SWRT -17.34300 -53.19600 2346 170 1216
SWRU -15.55900 -53.08000 1460 80 1191
SWRV -12.16700 -56.53700 1378 110 751
SWRW -15.58300 -58.04700 1115 170 1212
SWRX -15.16100 -60.44700 764 180 906
SWRY -15.73200 -57.47200 1853 180 1210
SWRZ -14.34600 -56.71500 1306 180 1523
SWSA -12.29500 -56.53300 1476 10 1247
SWSB -15.23200 -51.98100 951 130 953
SWSC -11.65300 -52.73700 1083 120 901
SWSD -15.62900 -51.81300 1079 10 1168
SWSF -15.21900 -60.21900 863 180 1189
SWSG -13.60500 -59.32400 2136 100 1498
SWSH -9.97100 -56.15400 932 30 1034
SWSI -11.89200 -55.58800 1280 30 1616
SWSK 3.05500 -60.48800 295 160 1502
SWSM -15.37300 -57.68500 525 160 1205
SWSN -14.97100 -59.31500 1713 180 806
SWSP -13.73000 -54.73800 1690 10 1096
SWSQ 1.70000 -69.39500 541 90 1197
SWSR -13.74800 -55.63800 1772 140 1000
SWSS -16.16100 -60.11700 863 160 1001
SWST -10.46800 -50.52400 663 80 1501
SWSU -12.85200 -52.02500 1230 110 901
SWSV -14.38600 -51.38400 837 150 1007
SWSX -10.10500 -69.21600 673 90 901
SWSY -15.90600 -60.15900 705 130 1119
SWSZ -9.76900 -58.06400 741 180 1104
SWTA -15.41900 -58.40900 938 20 753
SWTB -8.91900 -62.12000 722 70 652
SWTC -9.58900 -48.45200 653 30 1201
SWTD -13.88200 -52.40700 1066 100 1502
SWTE -13.91000 -56.66100 1132 180 1611
SWTH -10.23900 -58.25100 883 180 1205
SWTI -14.51600 -59.78400 791 150 1403
SWTJ -14.60800 -57.79800 1070 20 1003
SWTK -14.20200 -60.28700 797 100 1301
SWTL -12.50200 -61.28800 1371 90 1001
SWTN -15.04600 -58.72900 1345 10 1098
SWTO -10.17400 -48.93800 1083 100 1199
SWTP -0.41800 -65.04000 220 90 1301
SWTQ -17.77300 -48.76500 2247 60 1129
SWTR 0.12000 -68.54600 246 20 1001
SWTS -14.65500 -57.44500 1388 180 1513
SWTU -13.47200 -58.86800 1814 30 1510
SWTV -15.05800 -57.97000 1354 180 907
SWTW -15.70100 -59.24400 833 170 1212
SWTX -16.15000 -52.97200 1201 30 1108
SWTY -12.43900 -46.40300 2067 50 1201
SWUA -13.33300 -50.20400 1249 100 1497
SWUB -15.67500 -59.19600 1115 90 1002
SWUC -11.20400 -50.68600 689 50 1000
SWUE -10.70000 -55.93900 1197 160 1005
SWUI -7.72300 -67.03300 397 90 1201
SWUJ -12.20100 -55.38100 1230 160 1006
SWUK 1.22000 -69.20100 249 180 901
SWUL -6.21500 -48.42500 407 150 1002
SWUM -13.44300 -60.27700 984 90 851
SWUN -10.17400 -57.57100 886 80 852
SWUP -14.02100 -59.36800 1575 20 1000
SWUQ 2.83700 -63.65200 2854 120 1105
SWUR -8.49700 -44.38900 1946 20 1100
SWUS -14.23100 -57.71000 1798 180 1007
SWUT -14.22300 -57.77900 2001 20 752
SWUU -12.12900 -54.20200 1148 180 1006
SWUW -15.11700 -56.83700 810 10 698
SWUZ -16.26100 -47.97400 3269 110 1198
SWVB -15.02100 -59.96700 886 10 1201
SWVC -9.98300 -51.14700 889 70 1351
SWVD -17.97100 -52.58300 2592 90 1244
SWVE -9.76000 -68.04800 666 70 601
SWVF -16.01300 -59.93200 709 60 1270
SWVH -9.52200 -56.24300 1149 140 852
SWVI -11.51700 -48.31600 787 120 1001
SWVJ -13.66800 -56.00200 1519 10 997
SWVK -13.03300 -55.32700 1411 180 1006
SWVL -15.89500 -55.32000 2444 130 1104
SWVN -13.62800 -59.79700 2028 180 1167
SWVO -11.37400 -55.38200 1017 40 804
SWVP 1.15600 -50.33300 33 90 600
SWVR -11.90300 -55.45900 1460 20 776
SWVS -15.85600 -60.04700 675 150 874
SWVT -12.11900 -52.65100 1050 150 1528
SWVU -21.72900 -54.57800 1099 180 915
SWVV -15.75100 -60.10900 692 120 938
SWVW -20.53400 -45.61600 2589 60 581
SWVX -10.24500 -60.14700 597 170 1005
SWVY -17.56500 -56.49200 361 140 1079
SWVZ -14.74900 -56.35600 2362 130 803
SWWA -13.40000 -49.16300 1201 140 1504
SWWB -11.25500 -54.93100 1083 140 1104
SWWD -1.69200 -63.78900 207 90 1001
SWWE -15.97000 -46.71600 3287 140 1298
SWWF -16.56500 -57.83300 676 180 1110
SWWG -18.55300 -50.38200 1699 30 1009
SWWH -21.98700 -53.90400 1099 30 1015
SWWI -15.67500 -53.58300 1995 90 1003
SWWJ -16.68200 -56.30300 348 80 804
SWWK -2.52700 -57.76100 98 130 1215
SWWL -15.68300 -52.26900 1119 170 1151
SWWM -18.77300 -40.95400 663 100 902
SWWN -10.31800 -56.58000 1201 30 1154
SWWT -18.70300 -45.33800 1936 160 811
SWWU -14.53900 -49.09300 1680 150 1449
SWWV -16.70300 -56.03100 381 170 810
SWWW -16.68900 -56.18000 367 90 802
SWWX -16.75000 -56.37000 338 10 797
SWWY -16.58800 -56.28400 354 100 801
SWWZ -4.11600 -38.25300 13 130 601
SWXA -15.04300 -51.40500 889 100 901
SWXC -12.88000 -61.29800 981 180 1191
SWXD -21.55900 -48.80200 1762 140 720
SWXE -13.87400 -53.25000 1161 20 1603
SWXF -12.45500 -45.67800 2438 10 1393
SWXG -12.00100 -53.40400 997 150 1111
SWXH -13.05900 -46.25900 2999 180 1007
SWXJ -15.54000 -55.98600 568 140 604
SWXK -13.26800 -56.89300 1240 180 1393
SWXL -12.10300 -49.95500 600 90 802
SWXM -10.17700 -54.95300 886 20 1484
SWXO -7.13600 -52.72800 800 30 1002
SWXP -13.72800 -58.89300 1949 150 1511
SWXQ -21.65900 -49.73800 1575 140 1719
SWXR -15.64700 -58.77600 787 90 802
SWXS -15.79300 -59.63600 951 10 759
SWXT -16.10500 -60.06600 853 30 807
SWXU -10.66000 -68.48800 492 150 1023
SWXV -14.69600 -52.35000 1033 30 1490
SWXW -15.96800 -59.89200 722 180 605
SWXY -10.35600 -50.67100 869 20 1201
SWXZ -13.30900 -60.29700 899 150 1007
SWYA -16.04700 -54.95200 1082 20 702
SWYC -15.68400 -58.11600 849 140 1108
SWYG -19.62000 -40.20400 187 140 755
SWYH -15.28900 -58.31500 984 180 806
SWYI -11.55600 -46.98300 2067 10 996
SWYJ -7.62600 -56.07100 860 50 953
SWYK -17.06900 -56.58700 358 30 1488
SWYM -14.64000 -59.45400 951 140 1156
SWYN -7.17500 -59.84500 525 80 1202
SWYO -21.49100 -51.02600 1335 30 962
SWYP -13.94800 -55.78000 1493 180 1007
SWYQ -11.47400 -56.43600 1135 10 1421
SWYR -15.34200 -58.79800 1001 160 909
SWYT -10.01300 -47.68600 1132 110 1001
SWYU -14.44900 -50.86900 781 40 1260
SWYV -18.26200 -48.91100 1476 50 1165
SWYW -16.83800 -53.83800 2241 50 1012
SWYY -14.88300 -52.27900 994 170 1161
SWZA -11.36000 -58.11900 984 180 1507
SWZB -16.99900 -56.46100 459 180 757
SWZC -16.24700 -58.89900 492 90 952
SWZD -17.26000 -50.14200 1699 20 901
SWZE -15.06000 -59.37800 1099 130 1004
SWZF -15.49600 -58.40500 902 90 1202
SWZG -16.01700 -58.89400 800 120 1503
SWZH -17.57700 -50.17800 1918 80 795
SWZJ -14.54700 -50.65700 1033 110 801
SWZL -18.14800 -41.71800 1106 100 802
SWZM -18.98700 -50.57200 1716 100 1780
SWZN -17.32500 -50.42600 2210 30 655
SWZO -15.34100 -55.14200 2165 130 1204
SWZP -16.38500 -54.20600 1050 120 801
SWZQ -15.84500 -50.07800 1344 110 1201
SWZR -15.38100 -51.03600 965 160 808
SWZS -16.66400 -57.67000 787 10 1196
SWZT -19.26000 -44.47400 2451 30 1168
SWZU -22.47000 -52.60000 1001 140 1013
SWZV -21.85900 -56.77500 1001 180 813
SWZW -10.32500 -52.21400 1036 60 1005
SWZY -11.57400 -58.23600 984 170 905
SYAH -2.47700 -59.32300 587 60 916
SYAN -3.96200 -59.12700 302 60 975
SYAP -4.01800 -58.60800 302 60 1172
SYAW -2.65100 -59.20400 797 90 916
SYCJ 6.49200 -58.26100 95 60 2275
SYEB 5.61500 -57.77300 148 90 1525
SYIB -5.72000 -60.28700 1647 60 1219
SYKK -4.72100 -59.98600 3199 50 1068
SYKR -3.75500 -59.31500 299 70 1373
SYKT -4.65100 -59.83700 2300 80 1220
SYLD 5.96600 -58.27700 180 110 1513
SYLP -2.40000 -59.43900 548 120 1220
SYLT 3.36800 -59.79600 351 70 1823
SYMD -5.27300 -59.15300 272 170 1068
SYMP -3.00200 -59.63800 397 80 1220
SYOR -4.73000 -60.03600 1798 30 1068
TA01 32.34500 -97.25100 800 160 732
TA02 33.10000 -97.46500 960 10 747
TA03 29.75900 -95.91400 160 90 1112
TA05 32.04100 -96.53300 430 150 824
TA06 33.16400 -95.80600 610 170 610
TA07 30.01000 -94.96900 70 140 732
TA08 33.15200 -96.27400 585 180 595
TA11 32.38900 -97.01300 660 180 1312
TA13 36.26000 -102.87000 4373 180 793
TA16 32.03300 -99.10800 1550 170 1220
TA18 32.70500 -96.48300 444 50 763
TA19 32.67800 -97.78300 1020 180 717
TA21 33.02200 -97.11900 620 170 793
TA22 33.59700 -97.21900 885 170 747
TA23 31.26600 -96.21900 360 150 1220
TA24 31.48000 -98.71400 1320 160 1222
TA25 33.38500 -97.10700 709 170 534
TA27 30.84100 -97.95100 1132 160 702
TA28 29.80000 -95.92600 160 170 1525
TA29 29.92300 -100.84100 1630 10 598
TA30 29.31700 -95.08700 15 30 519
TA31 29.42600 -100.25900 1397 10 1159
TA33 29.36400 -95.63500 65 180 1281
TA34 28.77100 -100.08900 675 130 1589
TA35 30.27500 -96.35600 8 160 580
TA36 29.00900 -97.31300 247 160 763
TA42 32.71700 -94.13000 195 130 1220
TA44 27.07900 -98.60500 448 130 976
TA46 32.56700 -96.40300 500 150 976
TA47 33.30500 -97.24500 785 170 793
TA49 31.31500 -94.65500 292 100 610
TA50 31.90600 -106.64600 3750 40 1219
TA51 32.68400 -97.93700 885 170 854
TA52 29.82100 -99.99800 1614 160 981
TA55 30.16500 -97.59400 460 20 671
TA56 30.55100 -103.96100 5000 60 1373
TA57 31.62600 -96.99400 450 150 610
TA59 33.10100 -98.28900 1160 180 427
TA60 32.39700 -96.77900 555 180 622
TA61 32.47700 -95.16600 315 170 778
TA64 29.81800 -99.38800 2100 120 534
TA65 32.82500 -98.48400 1142 130 1280
TA66 29.71300 -98.86300 1400 50 656
TA67 33.75100 -102.07100 3330 120 915
TA70 31.78800 -95.89800 251 170 940
TA73 29.97700 -99.17000 1680 150 671
TA75 30.39000 -97.10500 430 170 702
TA77 33.14700 -96.89900 580 180 549
TA78 31.97700 -98.06200 1143 170 1069
TA80 33.89600 -96.93300 740 120 1190
TA81 29.79700 -100.88300 1500 130 976
TA82 29.02700 -99.53100 805 120 1007
TA83 32.54100 -97.19300 650 140 427
TA85 33.32100 -96.23400 692 30 724
TA86 32.60600 -95.93800 500 90 610
TA89 31.51700 -98.80200 1310 10 1528
TA90 29.98000 -95.81800 181 170 1220
TA93 33.54700 -96.97500 723 180 854
TA97 29.63900 -95.96900 125 90 397
TAPA 17.13000 -61.80400 62 70 2749
TAPH 17.61500 -61.83500 13 80 500
TAPT 17.55300 -61.77200 13 120 885
TBPB 13.07100 -59.50800 168 90 3633
TDCF 15.33200 -61.39200 13 10 960
TDPD 15.54400 -61.30800 73 90 1601
TE01 31.30700 -95.79700 225 160 580
TE02 32.47400 -97.56300 985 140 763
TE04 32.52300 -96.32900 390 50 458
TE05 29.10000 -98.45100 500 80 488
TE06 33.38300 -96.31700 670 170 915
TE08 32.15200 -100.16000 2200 170 641
TE10 33.81300 -98.23100 885 40 671
TE12 29.30400 -98.18300 600 180 915
TE13 29.40000 -98.89000 830 80 458
TE15 30.89300 -99.63500 1800 90 671
TE16 32.24800 -97.29800 795 180 610
TE17 31.44200 -97.14900 525 140 671
TE21 29.65600 -99.08600 1540 180 1037
TE24 33.39700 -97.20600 725 170 816
TE26 28.78800 -98.35700 275 120 1676
TE27 28.26100 -99.60100 520 160 1529
TE29 28.07800 -99.57900 750 130 1525
TE32 27.31300 -99.48200 385 170 1068
TE33 31.68700 -102.18800 2985 110 1129
TE34 32.76500 -97.97300 940 170 488
TE36 29.39500 -97.18500 425 170 610
TE37 30.27600 -100.45600 2306 150 1893
TE38 30.59400 -94.91100 184 120 488
TE40 32.67800 -98.82600 1387 180 641
TE45 32.47700 -97.46600 960 170 1647
TE47 32.20900 -97.32000 760 70 519
TE48 31.04700 -98.04300 1025 170 549
TE50 32.17500 -96.96700 700 150 458
TE51 29.54300 -97.83500 420 170 915
TE52 31.48600 -94.71700 230 20 946
TE62 27.85500 -97.68700 90 90 1004
TE78 29.56300 -99.98000 1325 40 1617
TE83 28.92700 -99.75900 686 160 1564
TE99 32.02500 -97.25700 625 140 1007
TFFA 16.29900 -61.08200 9 80 610
TFFB 16.02000 -61.74700 55 140 620
TFFC 16.25600 -61.26700 9 100 580
TFFF 14.58900 -61.01700 16 90 3002
TFFG 18.10200 -63.05300 6 120 1199
TFFJ 17.90400 -62.84700 0 100 630
TFFM 15.86800 -61.27600 16 90 1237
TFFR 16.26800 -61.54800 35 110 3508
TFFS 15.86500 -61.58300 9 90 544
TGPY 12.00400 -61.79900 41 100 2746
TGPZ 12.47600 -61.47600 5 270 801
TIST 18.33700 -64.98300 23 100 2131
TISX 17.70000 -64.81600 65 100 3038
TJAB 18.44800 -66.68100 23 80 1202
TJBQ 18.49000 -67.14500 237 80 3573
TJCP 18.31500 -65.30800 49 130 793
TJFA 18.30700 -65.66700 64 80 1100
TJIG 18.45600 -66.10600 10 90 1687
TJMZ 18.25400 -67.15500 28 90 1522
TJPS 18.01100 -66.57200 29 120 2103
TJRV 18.23600 -65.65600 38 70 3356
TJSJ 18.43900 -66.01500 9 80 2980
TJVQ 18.13300 -65.50000 49 90 1309
TKPK 17.30500 -62.72800 170 70 2322
TKPN 17.20600 -62.59600 14 100 1218
TLPC 14.01800 -61.00100 22 90 1746
TLPL 13.73300 -60.96500 14 100 2736
TN01 35.34700 -89.82500 305 90 915
TN03 36.19600 -82.49000 1505 80 488
TN06 35.76500 -84.27600 860 180 458
TN07 36.16200 -83.15900 1045 180 606
TN08 36.04100 -84.30900 790 150 901
TN09 35.71200 -84.41300 910 50 610
TN10 36.33900 -83.78300 1066 90 702
TN11 36.50000 -83.25900 1150 60 763
TN13 35.37200 -89.76800 240 10 808
TN14 35.68600 -86.63600 780 10 763
TN16 35.99100 -88.46300 400 20 875
TN17 35.58400 -84.48800 990 180 305
TN18 35.20600 -89.66700 340 180 458
TN20 35.81100 -83.77800 1000 70 702
TN21 35.44700 -87.50700 790 80 244
TN23 36.29600 -86.94500 580 90 610
TN24 35.39000 -85.96300 1080 180 519
TN30 35.54500 -84.51100 1000 20 519
TN32 36.03300 -86.97000 600 90 519
TN36 35.75800 -89.55200 350 10 824
TN37 35.40700 -89.02500 392 140 711
TN38 35.37600 -86.26700 1125 180 817
TN39 35.30300 -86.23700 1080 180 610
TN43 35.09200 -90.11700 215 30 976
TN44 36.34300 -84.01500 1350 30 952
TN47 35.29200 -89.74100 289 180 763
TN48 36.27700 -88.65700 401 70 586
TN50 34.98800 -85.65400 676 40 885
TN51 36.64500 -86.97900 545 130 671
TN52 35.14000 -86.08100 1050 170 381
TN53 36.55300 -87.44800 590 180 656
TN56 35.60000 -86.93400 730 30 488
TN62 36.37100 -82.39300 1925 50 336
TN66 35.74300 -85.05000 1000 60 610
TN67 35.24800 -86.13300 900 90 808
TN68 35.77100 -86.54700 805 180 458
TN70 35.02900 -89.70200 365 180 702
TN71 35.79300 -84.34400 1000 60 488
TN72 35.84600 -83.48400 1080 90 397
TN73 36.32600 -86.95900 770 180 610
TN74 35.79800 -84.32200 900 50 641
TN77 36.31800 -87.15300 600 20 976
TN79 36.17500 -86.96100 400 160 549
TN80 36.23400 -85.43000 1260 100 595
TN81 35.75100 -86.81600 770 130 671
TN82 36.11400 -83.79800 1075 90 473
TN83 35.72000 -86.27700 770 40 671
TN85 35.63600 -85.40000 1800 40 916
TN86 35.79700 -84.76600 820 50 671
TN87 35.68900 -84.00100 1030 30 824
TN89 35.25600 -85.45500 700 50 671
TN93 35.28200 -89.03300 465 90 732
TN94 36.00000 -84.07700 1020 70 519
TN96 36.04500 -86.35800 675 180 824
TN98 35.88300 -83.95800 830 10 641
TN99 36.17500 -83.16700 1050 90 641
TNCA 12.50400 -70.02700 60 110 2742
TNCB 12.13100 -68.28200 20 100 2880
TNCC 12.19200 -68.97500 29 110 3412
TNCE 17.49300 -62.98400 129 60 1311
TNCM 18.03900 -63.12000 12 100 2274
TNCS 17.64500 -63.22300 105 120 397
TQPF 18.20500 -63.06200 127 100 1662
TRPG 16.79100 -62.19600 551 100 595
TS00 32.78900 -97.18300 490 100 458
TS01 30.71500 -97.65000 780 180 427
TS02 33.12300 -98.23200 1200 150 854
TS03 32.06400 -97.73800 914 160 458
TS04 29.83900 -100.98100 1774 150 931
TS05 26.09000 -97.95000 70 170 1359
TS07 29.99000 -95.68700 150 170 1141
TS08 29.08600 -96.50000 74 170 610
TS11 33.10900 -95.93000 531 170 488
TS15 29.89400 -104.27300 4400 90 2135
TS18 30.65900 -98.47800 873 180 986
TS20 33.53500 -99.19600 1365 140 656
TS22 29.24600 -97.63400 280 130 1200
TS25 33.27300 -96.02300 557 170 610
TS29 31.29700 -97.29700 790 180 610
TS36 30.22500 -99.14200 2110 170 1162
TS39 34.32900 -101.44400 3303 170 1167
TS40 31.90000 -94.86800 560 150 662
TS42 34.20300 -102.12800 3600 170 1373
TS44 29.83800 -96.02500 130 30 610
TS47 32.97100 -98.01300 1130 140 549
TS50 29.41500 -94.99900 15 180 656
TS54 33.01700 -95.43400 535 180 433
TS57 33.23900 -97.62200 900 10 610
TS62 33.20400 -100.51900 1987 170 793
TS63 33.24800 -96.56400 655 180 564
TS65 31.36400 -100.61400 1974 170 1131
TS67 29.62600 -98.27900 860 140 214
TS69 27.48700 -98.66500 576 120 793
TS70 32.57700 -97.08800 600 150 458
TS71 32.53100 -96.94300 780 180 732
TS72 33.15300 -97.50100 900 130 1281
TS74 33.36600 -97.29500 810 170 702
TS75 30.50400 -102.16200 2700 110 702
TS76 30.25400 -98.59600 1460 160 824
TS78 36.39700 -100.46900 2804 170 1281
TS80 34.13400 -98.90300 1125 170 793
TS85 33.81400 -96.70300 802 180 732
TS87 30.41500 -96.08000 328 180 763
TS90 29.40500 -95.43200 49 160 473
TS92 31.21700 -97.42800 710 150 488
TS94 26.24900 -97.30500 20 50 1068
TS95 29.48400 -95.93400 100 40 763
TS96 32.08300 -95.45700 370 90 976
TS98 32.79000 -96.30700 532 170 605
TT01 18.12500 145.76700 34 110 458
TT02 10.02000 139.78600 6 90 918
TTCP 11.15100 -60.84500 36 110 2741
TTPP 10.59500 -61.35200 57 100 3195
TUPA 18.73600 -64.32900 9 270 763
TUPJ 18.44200 -64.54700 15 70 1415
TUPW 18.44700 -64.43400 9 20 789
TVSB 12.99000 -61.26700 14 120 1099
TVSC 12.70300 -61.34900 16 130 1792
TVSM 12.88700 -61.18400 8 90 991
TVSU 12.59700 -61.41800 16 80 763
TVSV 13.14100 -61.21700 66 70 1401
TX01 33.31200 -101.91000 3234 170 805
TX02 32.53000 -99.61300 1780 170 854
TX03 31.87200 -97.06700 716 90 720
TX07 29.94200 -101.23700 1820 160 1833
TX09 29.69500 -95.84000 130 170 1022
TX10 29.55900 -95.32800 55 170 778
TX11 28.95500 -95.97500 50 140 634
TX12 33.80600 -96.60900 705 180 610
TX13 36.44700 -100.53400 2837 170 1191
TX14 32.37000 -99.75100 1820 180 641
TX15 32.75100 -97.61700 1060 80 816
TX16 32.80900 -97.61900 1100 90 336
TX17 33.08400 -96.73700 715 170 732
TX18 29.95100 -95.60400 129 90 802
TX19 33.54000 -94.90800 400 80 824
TX20 32.79000 -99.87900 1670 10 702
TX21 33.48000 -98.54700 1165 180 570
TX22 33.10000 -97.15800 670 50 702
TX23 30.86200 -97.94700 1150 160 1373
TX24 32.27800 -95.08800 510 120 915
TX25 31.99600 -95.95300 391 170 1506
TX27 27.86100 -99.08300 480 140 1129
TX29 32.29400 -96.70400 490 180 1007
TX31 32.06700 -101.56700 2505 20 1610
TX32 33.37900 -97.24200 765 170 946
TX33 33.34500 -97.30900 860 170 656
TX34 33.55500 -96.18900 583 180 885
TX35 33.44700 -94.81500 345 170 938
TX36 32.83900 -99.04200 1190 170 1220
TX37 33.12900 -97.76900 850 180 549
TX38 36.38200 -100.34300 2705 170 653
TX39 33.37900 -102.37000 3455 170 2715
TX40 32.25800 -95.65700 450 160 793
TX41 30.09400 -98.36600 1340 150 610
TX42 32.51500 -97.36900 800 50 595
TX43 32.51400 -96.00200 445 180 976
TX45 31.76700 -97.13500 260 90 976
TX46 32.41300 -97.38700 835 170 793
TX47 31.84200 -97.40900 710 120 641
TX48 32.91900 -97.18400 780 170 458
TX49 30.12300 -95.86000 250 170 1007
TX51 32.19700 -96.33000 405 90 671
TX52 31.79700 -97.77600 917 140 610
TX54 33.30100 -96.86400 605 170 580
TX61 30.33300 -97.46000 460 150 778
TX62 32.63700 -95.43900 405 180 885
TX64 33.30500 -97.52800 1020 170 1220
TX66 29.40100 -95.07900 28 170 580
TX67 32.36300 -97.30300 900 160 488
TX68 33.59500 -96.27800 620 160 793
TX70 31.68100 -97.14200 540 150 824
TX72 30.38100 -97.19500 505 90 534
TX73 31.83500 -96.05500 323 150 1008
TX74 32.26400 -97.27600 830 160 549
TX75 30.96500 -96.47200 430 40 839
TX78 32.33200 -97.23200 755 170 641
TX79 32.69100 -97.51200 895 180 1037
TX82 31.86600 -97.38200 680 150 601
TX89 32.96700 -96.62300 500 180 610
TX91 32.90700 -96.59800 450 50 336
TX92 30.59400 -97.67200 850 40 549
TX93 32.17200 -97.83300 900 150 1129
TX94 33.45300 -97.28100 880 80 763
TX95 32.41100 -97.53300 1010 10 656
TX96 33.40200 -97.25700 825 170 580
TX97 31.76300 -97.79700 1160 10 488
TX98 32.47800 -97.50100 975 170 744
TX99 34.00400 -102.99000 4085 10 915
TXKF 32.36700 -64.69400 12 120 2956
UA30 40.04900 70.83200 3474 140 1844
UA32 53.31900 69.58500 900 20 2534
UA33 50.31900 66.93500 1266 80 2492
UA34 41.27100 67.96500 709 30 1636
UA36 42.97400 72.70600 2130 80 2992
UA66 41.51500 69.56100 2296 80 2488
UAAA 43.34100 77.01800 2234 50 4503
UAAH 46.88700 74.99200 1446 50 2504
UACC 51.01100 71.45000 1165 40 3494
UACP 54.77000 69.16600 452 50 2498
UADD 42.86300 71.29200 2184 130 2902
UAFC 41.44400 76.11400 6935 260 2086
UAFL 42.58500 76.70200 5423 70 1989
UAFM 43.05800 74.45200 2058 80 4191
UAFN 42.73400 80.19400 5902 180 773
UAFO 40.61500 72.78200 2927 120 2579
UAFP 42.54400 78.39800 5509 100 2001
UAFW 42.85800 74.83100 2549 110 2685
UAII 42.36800 69.46300 1385 100 2793
UAKD 47.70200 67.72600 1250 40 2594
UAKK 49.66300 73.31500 1765 50 3294
UAOL 45.61400 63.19300 299 50 3202
UAON 46.04400 63.22300 328 60 4503
UARR 51.14400 51.52800 125 40 2394
UASK 50.04400 82.48100 939 120 2506
UASP 52.18700 77.06200 410 30 2482
UASS 50.35000 80.21300 761 20 3087
UATE 43.86800 51.07700 73 120 2965
UATG 47.13400 51.81100 -72 140 2998
UATT 50.25500 57.19200 738 130 3091
UAUU 53.21700 63.54300 595 150 2438
UB10 38.75200 48.81200 30 130 1579
UB12 40.60300 49.55700 -13 170 2505
UB13 39.89600 46.77600 2001 50 2166
UB14 40.27300 48.14900 -35 80 2493
UB16 41.75700 46.35000 935 130 1208
UB18 40.41800 50.20000 40 180 2647
UBBB 40.48700 50.06300 10 160 3336
UBBG 40.74500 46.30600 1083 120 2502
UBBN 39.19900 45.44600 2863 140 3291
UD21 40.29600 44.55600 4416 50 994
UDLS 41.05400 44.32800 4836 130 1996
UDSG 40.73700 43.85200 5000 20 3209
UDYA 39.97400 46.99500 961 240 1361
UDYE 40.11200 44.45600 2948 30 2785
UDYZ 40.14700 44.37300 2838 90 3840
UEBB 67.64800 134.69400 734 50 2001
UEBN 71.43800 136.17500 49 110 1360
UEBS 67.79600 130.36300 1646 130 2434
UEBT 70.00600 135.62500 262 80 1996
UEBW 67.53800 133.39000 475 50 1473
UEEA 58.60000 125.40200 2240 60 1378
UEEE 62.08300 129.75400 325 50 3388
UELL 56.90800 124.88600 2813 10 3590
UEMA 66.45800 143.25100 649 160 1797
UEMH 62.78700 136.84000 908 80 1794
UEMJ 63.24500 143.15300 2454 120 1924
UEMM 62.12100 129.58100 623 50 3088
UEMO 60.39700 120.45300 751 80 1817
UEMS 63.96300 127.40900 157 140 1397
UEMT 64.54600 143.08900 1738 70 2016
UEMU 60.35100 134.42300 551 60 1944
UENI 63.45800 120.25000 377 100 1351
UENK 63.89300 122.77300 362 180 1601
UENN 63.29200 118.31700 406 80 1895
UENS 62.19300 117.62800 442 170 1797
UENW 63.75900 121.67600 360 120 1592
UERA 65.97000 111.53800 2066 170 2194
UERD 59.46200 111.53400 902 60 569
UERL 60.71800 114.80800 835 70 2002
UERO 68.52500 112.47800 639 170 1994
UERP 66.41400 112.02100 1660 170 3079
UERR 62.52800 114.01700 1156 60 2778
UERS 71.93600 114.07700 29 180 1792
UERT 59.46000 112.56100 590 160 873
UESG 68.54200 146.21900 82 70 2197
UESK 67.46100 153.69600 49 30 3195
UESO 70.62100 147.87300 65 80 1996
UESS 68.74500 161.32400 22 130 1467
UEST 71.68400 128.89700 26 30 2990
UESU 65.75000 150.87800 134 160 1599
UEVV 66.80300 123.35600 291 180 1798
UEWD 69.39200 139.86400 941 100 2085
UG11 40.89200 45.94300 1099 100 2489
UG22 41.45900 44.76800 1305 90 2474
UG23 43.11600 40.57000 79 150 2987
UG24 41.65800 44.92700 1250 140 2483
UG25 41.95500 45.49800 1489 100 1688
UG26 42.24900 42.61600 384 90 1426
UG27 41.63700 45.02200 1460 140 2500
UG28 41.38800 46.35600 1795 130 2699
UG29 42.86700 41.10900 53 120 3656
UGKO 42.17500 42.46800 223 80 2490
UGSB 41.61600 41.59000 105 130 2231
UGTB 41.67800 44.94000 1624 130 2998
UH01 57.93800 162.02200 10 180 2202
UHBB 50.43800 127.40800 638 180 2820
UHHH 48.51500 135.17300 244 50 3993
UHMA 64.72000 177.73200 194 10 3486
UHMD 64.34700 -173.24200 71 10 2480
UHMM 59.91200 150.69000 574 100 3443
UHMP 69.79400 170.59000 11 170 2490
UHP1 52.91000 156.85300 203 90 3402
UHPA 60.56300 169.10000 10 100 1391
UHPK 56.23100 162.68600 200 10 1726
UHPL 59.08500 159.87700 112 120 1441
UHPM 54.67200 158.52600 410 60 2752
UHPO 56.08500 159.87100 331 30 1351
UHPP 53.18400 158.44400 131 160 3397
UHPT 60.37700 166.02100 7 20 1381
UHPX 55.17500 166.04500 49 30 901
UHPY 56.31600 160.79300 499 130 2001
UHSB 44.92700 147.61100 79 140 2381
UHSS 46.87000 142.71700 59 10 3385
UHWW 43.39100 132.12900 46 60 3491
UI08 53.60400 109.59000 1591 240 799
UI10 52.88600 103.10500 1640 100 1001
UI11 50.60300 107.05600 2001 150 700
UI16 50.38100 106.66000 2230 170 2003
UI37 53.01000 108.31700 1538 230 1300
UI55 59.51700 111.22400 902 240 598
UI59 55.61200 103.12100 1719 110 498
UI63 55.82000 110.09000 1512 220 1448
UI66 54.33700 101.54700 1771 120 550
UI69 54.30300 110.28900 1650 230 1670
UI81 62.89900 108.45500 754 120 600
UI82 56.11800 102.29000 1315 270 724
UI84 58.03500 102.71100 649 220 1084
UI85 59.25700 108.21900 990 130 700
UI95 54.66400 97.38100 1958 270 600
UI96 52.99000 102.50000 1538 270 801
UIAA 52.03000 113.28600 2272 110 2791
UIAE 50.04100 118.05500 2122 170 2348
UIAN 52.00200 116.53900 1564 150 324
UIAR 56.90900 118.26000 2329 40 1801
UIBB 56.37400 101.69300 1610 120 3149
UIBV 56.48800 104.09300 1916 100 1397
UIIB 52.93000 103.55800 1499 150 4002
UIII 52.27200 104.37400 1675 120 3171
UIIN 51.67800 102.14700 2460 270 1747
UIIO 52.83200 104.71900 1771 120 1793
UIIR 52.35900 104.19600 1417 140 2502
UIKB 57.86000 114.22800 793 60 1595
UIKE 61.26900 108.01700 1000 70 1251
UIKK 57.77000 108.04200 833 90 1561
UIKM 58.32000 112.88300 658 150 1663
UINN 54.89300 99.06100 1338 130 901
UITK 56.27400 107.56000 1148 40 1555
UITT 56.86200 105.71500 2188 120 2001
UIUB 54.36500 113.46700 3077 60 1696
UIUN 55.79100 109.58700 1512 40 1654
UIUU 51.80500 107.41700 1690 80 2972
UK59 49.84900 36.63900 453 170 2499
UK60 50.01800 36.26000 600 20 1802
UK61 49.74600 23.65800 895 130 2491
UK62 49.36900 26.93000 1150 160 2193
UKBB 50.35200 30.88200 421 180 4008
UKCC 48.07500 37.69900 791 80 3988
UKCM 47.06500 37.44300 251 20 2570
UKCW 48.42000 39.35500 636 90 2873
UKDD 48.35700 35.08100 481 90 2852
UKDE 47.85700 35.30900 373 20 2502
UKDR 48.05400 33.21200 408 180 2483
UKFF 45.03600 33.96800 639 10 3648
UKFI 45.08200 33.59000 52 40 3049
UKFK 45.37100 36.39300 152 70 1650
UKHH 49.92500 36.27300 507 70 2491
UKHP 49.57100 34.37700 0 90 2541
UKKE 49.42500 31.98700 375 150 2491
UKKK 50.40100 30.43700 586 80 1806
UKKM 50.61800 30.18100 517 150 3496
UKLI 48.88700 24.67000 919 100 2500
UKLL 49.82100 23.94400 1071 130 2529
UKLN 48.26800 25.97400 826 150 2220
UKLR 50.61300 26.12500 755 50 2609
UKLT 49.52600 25.68700 1072 100 1964
UKLU 48.63600 22.25000 383 100 2036
UKOH 44.57200 33.39400 39 130 1713
UKON 47.05100 31.90700 184 50 2558
UKOO 46.43900 30.67100 172 70 2799
ULAA 64.60200 40.69100 62 80 2490
ULLI 59.80000 30.21800 78 100 3768
ULMM 68.79100 32.73400 266 140 2490
ULOO 57.77500 28.39000 154 10 1996
ULPB 61.87500 34.14500 151 20 2496
UMBB 52.11300 23.87900 468 110 2617
UMGG 52.53100 30.99900 472 110 2561
UMII 55.12100 30.33200 683 60 2599
UMKK 54.88500 20.57500 42 60 2493
UMMA 53.08500 26.03100 615 220 2998
UMMG 53.59700 24.04300 442 90 2558
UMMM 53.87000 27.52700 748 120 1988
UMMS 53.89500 28.01300 669 130 3638
UMNB 53.10300 29.22600 502 260 2992
UMOO 53.96400 30.08100 636 130 2590
UNAA 53.72700 91.37500 831 20 3247
UNBB 53.35900 83.51900 838 60 2846
UNCC 55.08400 82.90300 558 20 2491
UNEE 55.26200 86.08700 863 50 3195
UNKL 56.17900 92.46600 942 110 3691
UNNE 55.07900 83.00200 665 10 3342
UNNT 55.01000 82.62300 365 70 3601
UNOF 55.08200 72.98000 312 60 2906
UNOO 54.96400 73.29100 312 60 2866
UNOS 54.96600 73.53200 311 50 2937
UODD 73.51700 80.35500 42 60 1502
UOHH 71.97300 102.45500 95 60 2718
UOII 67.44500 86.60400 82 120 2513
UOOO 69.29800 87.30900 595 10 3432
URKA 44.99400 37.33700 173 40 2440
URKK 45.02600 39.17300 118 50 2993
URML 42.82600 47.64300 12 140 2648
URMM 44.23400 43.06100 1054 120 3890
URMN 43.50800 43.62400 1462 60 2211
URMO 43.20800 44.58900 1673 100 2988
URMT 45.10600 42.09700 1486 70 2628
URRR 47.25000 39.80700 280 40 2498
URSS 43.43900 39.92600 89 20 2904
URWA 46.28500 47.99000 -65 90 2493
URWI 46.37600 44.31700 501 90 2296
URWW 48.78800 44.33100 482 80 2493
USCC 55.30900 61.47900 769 90 3182
USCM 53.37900 58.74900 1431 10 3245
USDD 66.58500 66.58400 219 40 2708
USHH 61.02500 69.06100 141 60 2789
USKK 58.59300 49.74400 489 40 2203
USNN 60.93900 76.46400 177 30 3174
USPP 57.90500 56.00200 404 30 3197
USRK 62.20200 74.53800 220 170 2503
USRR 61.34400 73.37600 200 70 2777
USSS 56.74200 60.77900 764 80 3005
USTL 57.14700 65.47300 321 20 1095
USTR 57.16900 65.28100 377 30 2994
UT02 38.08500 -111.07100 5468 20 1129
UT03 37.89500 -110.38300 3840 100 671
UT06 38.96400 -109.72500 5100 50 915
UT07 40.42000 -109.58900 5800 140 1208
UT08 40.43500 -111.93100 4860 170 1444
UT09 39.48100 -110.15400 9200 40 763
UT10 40.36600 -112.01700 5000 170 1556
UT11 40.99100 -109.20400 6783 90 1256
UT15 37.93000 -112.77800 5764 90 1610
UT17 37.93300 -112.33900 7040 80 1281
UT1A 40.11800 70.64300 2814 80 2896
UT1B 37.64500 69.64000 1624 130 1527
UT1E 41.11700 61.41400 358 10 1704
UT1F 40.04500 53.32100 -20 60 2014
UT1G 38.02300 58.18800 920 150 2644
UT1H 39.48400 54.35200 5 110 2494
UT1J 39.41500 53.19100 -43 120 1589
UT1K 42.50000 59.61600 246 70 2797
UT1L 42.08300 63.44000 416 90 1473
UT1M 37.61400 67.51300 1207 20 2386
UT1N 38.81400 65.77000 1194 160 2838
UT1O 44.05400 57.52600 413 80 3544
UT1P 39.68500 64.54600 689 30 1197
UT1Q 40.24300 67.89900 1023 40 2999
UT1R 43.75100 59.02400 177 40 1511
UT1S 40.37200 71.74600 1980 180 2929
UT24 37.48900 -112.65100 8141 30 1281
UT26 37.58800 -112.39700 7600 120 1098
UT27 37.25800 -113.21100 5105 150 1525
UT28 37.98000 -113.46300 5110 170 1220
UT30 37.35500 -112.22200 6485 170 2721
UT37 37.27100 -112.70600 5590 120 1312
UT40 41.09900 -112.11800 4228 90 397
UT41 40.34300 -112.00200 5030 150 772
UT42 39.15000 -109.14400 4660 180 732
UT43 37.64000 -113.24900 5600 140 1068
UT44 38.18600 74.01100 11962 70 2494
UT45 38.51100 68.65800 2379 80 2511
UT46 37.46700 69.37800 1450 40 788
UT47 37.10800 -113.31300 3350 170 1343
UT48 41.15100 -112.10500 4260 90 1068
UT49 39.46300 -112.65500 4589 160 763
UT50 36.48900 61.25600 902 70 1989
UT51 37.81600 65.21100 770 160 1500
UT52 37.67800 61.82700 728 170 3009
UT53 38.49200 -109.45500 4875 120 1566
UT54 37.25100 -113.33700 3671 30 793
UT55 38.98600 56.34300 338 100 2394
UT56 37.81300 65.96500 1085 170 1481
UT57 38.56700 -112.59700 6060 20 1464
UT58 35.65200 62.55000 1329 20 2524
UT59 38.17500 -109.75200 4950 70 1373
UT63 41.31100 69.37200 1574 80 3221
UT64 40.98900 71.53800 1555 100 3254
UT65 39.99400 -113.98000 5460 10 1068
UT67 40.43600 -109.85000 5700 10 1159
UT68 38.48400 -109.66500 4000 70 915
UT69 40.18200 -109.67900 4815 80 1190
UT70 38.96100 -114.04000 5225 10 1068
UT71 40.71800 72.28100 1515 40 2976
UT72 38.41700 67.94100 1949 150 1525
UT73 39.12700 65.16100 1047 10 2495
UT76 41.62200 64.23400 1396 180 1861
UT77 43.08900 58.88400 180 180 1439
UT78 41.56900 60.96300 305 20 1503
UT90 40.47100 -111.88900 5797 140 42
UT91 40.45700 -111.90200 5140 140 103
UT92 38.31700 -109.76800 3930 140 449
UTAA 38.00000 58.34300 692 110 3793
UTAK 40.07400 53.00400 279 160 2505
UTAM 37.63300 61.89700 728 180 2781
UTAT 41.76100 59.82500 272 90 2695
UTAV 39.09400 63.60700 630 150 2726
UTDD 38.54400 68.80700 2575 90 3095
UTDK 37.97500 69.80200 2293 10 3092
UTDL 40.21300 69.67600 1450 80 3177
UTNU 41.59500 60.63000 320 130 3371
UTOD 37.51000 71.50900 6700 160 1827
UTSB 39.76200 64.48000 751 10 3019
UTSL 38.83100 65.90700 1365 70 2496
UTSS 39.70200 66.96600 2224 90 3105
UTST 37.28300 67.29300 1027 70 2898
UTTT 41.25200 69.25800 1417 80 4003
UUBP 53.22500 34.17400 663 170 2396
UUBS 54.74400 32.05200 0 80 1594
UUDD 55.42300 37.90800 588 140 3773
UUDL 57.55500 40.13500 305 50 2999
UUEE 55.96700 37.38600 622 70 3695
UUEM 56.82200 35.73800 469 70 2490
UUMO 55.50700 37.48800 561 80 2052
UUMS 55.20500 38.67500 419 230 515
UUOB 50.65000 36.57500 734 110 2413
UUOK 51.75700 36.28100 686 120 2493
UUOO 51.82100 39.21700 514 130 2290
UUWW 55.58700 37.25800 685 20 3045
UUYY 61.63700 50.83600 342 10 2507
UWGG 56.24200 43.78700 256 60 2802
UWKD 55.61900 49.25200 411 110 3714
UWKE 55.55700 52.07800 643 30 2483
UWKS 56.08700 47.32800 560 60 2505
UWLW 54.38200 48.78200 252 20 5017
UWOO 51.79600 55.43900 387 80 2497
UWOR 51.06900 58.57500 909 10 2902
UWSS 51.57200 46.03300 499 120 2254
UWUU 54.57300 55.85000 449 10 3746
UWWW 53.51900 50.16900 477 50 3000
VA02 36.59000 -79.89400 800 180 915
VA04 37.49100 -79.93200 1100 80 641
VA06 36.99400 -80.45800 2400 90 702
VA07 37.09400 -81.37300 3060 60 763
VA08 37.71800 -76.36300 20 120 793
VA11 36.80900 -81.70400 2100 130 519
VA12 36.64700 -79.80000 750 100 458
VA13 37.26300 -79.04500 785 50 610
VA14 36.74000 -77.26700 50 90 677
VA15 37.65500 -78.04500 295 20 244
VA16 38.87700 -77.48700 300 60 641
VA17 39.03400 -78.39500 820 60 610
VA18 37.97200 -78.68500 840 150 915
VA19 37.95400 -78.37300 268 100 671
VA1B 19.99400 79.21800 625 80 953
VA1C 23.45200 75.41600 1541 140 1492
VA1D 24.12500 83.03400 1122 80 1420
VA1E 21.29000 81.37500 1014 40 1191
VA1F 24.40000 81.81000 1093 60 1078
VA1G 24.50200 81.21500 1000 70 1200
VA1H 25.14700 74.61100 1450 180 1191
VA1J 23.75800 78.85500 1706 170 997
VA1K 23.21600 68.88000 135 60 2740
VA1L 21.92600 78.11000 2435 80 694
VA1M 17.28600 74.15200 1890 100 1273
VA1N 24.43500 74.86400 1617 140 1098
VA1O 23.23900 81.50000 1500 140 1121
VA1P 20.70800 70.91400 31 50 1825
VA22 36.67600 -78.69800 375 110 488
VA23 38.12200 -76.61500 15 170 610
VA24 37.41300 -78.96700 712 70 488
VA25 36.76400 -78.36300 470 100 458
VA26 36.65100 -80.11700 1130 180 275
VA27 36.55700 -80.13800 1110 10 641
VA28 37.11800 -78.64300 560 180 686
VA2A 27.11500 72.38400 781 110 1085
VA2B 28.90700 77.67000 732 110 1560
VA2C 21.52100 80.28500 990 50 1710
VA2D 23.38000 75.02000 1702 80 1142
VA30 38.52400 -77.95700 470 20 702
VA31 37.76600 -76.34700 15 180 717
VA32 38.80100 -78.57100 870 180 641
VA33 38.43100 -78.65700 1151 40 549
VA34 37.28200 -78.44900 510 180 427
VA35 20.11800 73.89900 1900 90 2974
VA36 37.74900 -78.27300 400 160 1090
VA38 24.90000 72.83900 1000 130 1763
VA41 37.93500 -75.61300 9 110 500
VA42 38.35700 -77.45900 180 90 1247
VA43 37.64900 -79.42500 820 170 366
VA44 37.71600 -77.88700 250 90 641
VA45 38.12700 -78.16700 480 80 549
VA46 39.29600 -78.36700 1024 90 824
VA47 20.96200 75.62000 800 90 1414
VA49 37.70600 -77.37900 193 100 1068
VA50 37.71700 -77.30500 57 140 671
VA51 23.59100 74.30700 700 100 1259
VA52 38.48400 -78.94800 1650 60 549
VA53 20.92700 74.73100 920 90 1252
VA56 37.00300 -76.83100 88 90 610
VA57 38.24700 -77.22800 60 90 1486
VA58 38.90800 -78.44800 606 140 808
VA59 36.63400 -76.15200 10 30 458
VA61 39.26100 -77.65700 529 10 747
VA62 39.25700 -77.66000 530 50 671
VA63 37.67700 -79.42400 720 60 915
VA64 37.41600 -77.95700 254 100 610
VA65 37.39400 -79.32700 920 90 381
VA67 38.56900 -77.93700 404 60 376
VA68 37.11700 -79.60400 1020 40 488
VA71 38.64600 -77.53400 210 30 610
VA72 36.60100 -80.04200 940 120 671
VA73 37.24400 -77.49900 190 90 946
VA74 24.49300 72.77600 875 80 1137
VA75 38.30100 -79.50900 2020 30 764
VA76 36.98700 -77.77400 250 90 366
VA77 37.69200 -77.38300 196 80 1098
VA78 37.59300 -77.21500 180 140 534
VA79 38.94900 -77.74600 544 180 976
VA80 37.47600 -77.70300 315 30 580
VA81 37.94700 -77.90000 396 180 427
VA83 37.52300 -79.85700 1140 110 927
VA85 37.48700 -80.10000 1320 180 732
VA86 38.68900 -78.71000 1042 90 671
VA87 38.68900 -77.55200 240 30 549
VA89 37.56200 -75.92800 6 40 564
VA90 37.49700 -76.41600 43 90 397
VA91 37.70600 -75.73000 38 130 641
VA92 37.72200 -75.78800 8 80 366
VA93 38.90200 -78.65500 1340 10 641
VA94 37.53500 -77.89400 400 70 488
VA95 37.59400 -77.80100 275 20 702
VA96 37.82700 -78.73200 640 170 458
VA97 38.90900 -77.88100 566 140 885
VA98 37.82500 -76.27500 12 30 763
VA99 37.90300 -76.29000 13 180 671
VAAH 23.06600 72.62300 189 50 3493
VAAK 20.70000 77.05300 999 100 1213
VAAU 19.86200 75.38700 1911 90 2347
VABB 19.08800 72.84800 37 90 3485
VABI 21.99500 82.10900 899 170 1541
VABJ 23.28000 69.66100 268 50 2516
VABM 15.85800 74.61000 2487 80 1748
VABO 22.32800 73.21800 129 40 2463
VABP 23.29100 77.32400 1719 60 2047
VABV 21.74900 72.17700 44 70 1914
VADN 20.42300 72.83800 33 30 1813
VADS 24.26500 72.20100 485 60 1001
VAGN 24.65800 77.34500 1600 140 910
VAGO 15.37800 73.81700 183 260 3420
VAHB 15.36100 75.07700 2171 80 1673
VAID 22.71700 75.79100 1850 70 2277
VAJB 23.17300 80.04400 1624 60 1988
VAJM 22.45700 69.99600 69 60 2506
VAKE 23.10800 70.09500 96 50 1524
VAKJ 24.80700 79.91600 728 10 2282
VAKP 16.66300 74.28300 1996 70 1370
VAKS 21.31300 70.26500 167 50 1383
VANP 21.10900 79.03400 1033 90 3218
VANR 19.96400 73.80100 1959 90 1363
VAPO 18.58300 73.90600 1942 100 2535
VAPR 21.64800 69.65100 23 90 1372
VARG 17.00900 73.32300 305 50 1374
VARK 22.30400 70.77300 441 50 1838
VARP 21.17600 81.73100 1041 60 1955
VASL 17.63300 75.93100 1584 150 1368
VASU 21.11000 72.73800 16 40 1096
VAUD 24.61600 73.88500 1684 80 2280
VC12 8.04600 80.97200 170 70 2298
VC13 8.73600 80.49300 299 50 1531
VC15 7.95000 80.72300 630 40 1811
VCBI 7.16900 79.87500 30 40 3358
VCCA 8.29700 80.42300 324 50 1489
VCCB 7.70300 81.67400 20 60 1096
VCCC 6.81500 79.88200 22 40 1839
VCCG 7.33500 81.62100 150 70 1094
VCCJ 9.78500 80.06300 33 50 2290
VCCK 5.99200 80.31600 10 70 961
VCCN 6.55400 79.97300 10 110 990
VCCT 8.53300 81.17300 6 60 2394
VCCW 6.25200 81.23000 50 70 1223
VDBG 13.09300 103.21800 59 70 1574
VDKH 12.26600 104.56400 56 180 2414
VDPP 11.53700 104.83400 40 50 2991
VDSR 13.40300 103.80400 60 50 2555
VDST 13.52600 106.01200 203 20 1301
VDSV 10.57400 103.63400 33 30 1301
VE23 23.63100 86.97000 310 90 1220
VE24 27.54500 95.56500 400 30 2012
VE31 22.77300 88.35700 18 20 1874
VE36 20.50900 83.44300 656 60 1289
VE41 24.20400 86.28600 1000 110 921
VE44 26.70200 89.35600 340 100 2738
VE46 19.07100 82.03000 1822 60 1707
VE48 27.93600 96.13000 800 40 1375
VE54 24.01900 84.09100 803 90 913
VE62 20.54000 85.87700 115 40 2740
VE67 28.60600 94.11700 7900 100 1334
VE85 23.09800 75.88100 1666 130 1072
VE89 26.19500 85.90300 156 100 2736
VE91 27.19600 96.99800 4167 120 1215
VE96 22.00300 78.91200 2182 100 1152
VEAN 28.17500 94.80100 900 50 279
VEAT 23.89700 91.24100 46 180 2292
VEAZ 23.74100 92.80200 1001 10 1148
VEBD 26.69400 88.32900 412 180 2748
VEBI 25.69700 91.97300 2910 40 1830
VEBK 23.64800 86.14300 715 130 1622
VEBS 20.25700 85.80800 138 50 2249
VECA 27.45400 95.10700 367 50 2745
VECC 22.64200 88.44600 16 10 3593
VECO 26.32700 89.46300 138 40 1068
VEDB 23.83300 86.42000 847 70 1135
VEDX 22.35200 87.21300 200 170 2762
VEGK 26.74500 83.43700 259 110 2739
VEGT 26.09500 91.58100 162 20 2751
VEGY 24.74700 84.94000 380 100 2279
VEHK 21.58500 84.00200 658 150 1277
VEIM 24.75000 93.88900 2540 40 2749
VEJH 21.91000 84.04200 751 60 1918
VEJS 22.81200 86.16300 505 80 1221
VEJT 26.72300 94.16600 311 40 2757
VEKR 24.30400 92.00500 79 30 1006
VEKU 24.90800 92.97100 352 60 1827
VELP 23.85200 92.61800 1398 170 2517
VELR 27.28800 94.09000 330 40 2288
VEMN 27.47800 95.01000 362 50 1837
VEMR 25.88900 93.76200 487 120 2288
VEMZ 26.12000 85.30800 174 100 1215
VENP 20.86500 82.51900 1058 10 1039
VEPH 23.48500 87.42100 240 150 2751
VEPT 25.58800 85.07900 170 70 1953
VEPU 25.76000 87.39700 129 90 2648
VERC 23.32300 85.31200 2148 130 2701
VERK 22.25700 84.80600 659 90 1822
VETZ 26.70000 92.77500 240 50 2749
VEUK 20.09400 83.18200 680 40 915
VEVZ 17.71600 83.21800 15 50 1832
VEZO 27.59400 93.82800 5403 180 1219
VG40 36.88600 -79.85400 1150 160 610
VGBR 22.80900 90.30000 23 170 1835
VGCB 21.46100 91.96200 12 170 2068
VGEG 22.24100 91.80300 12 50 2935
VGIS 24.15800 89.04600 45 150 1438
VGJR 23.19400 89.15600 20 160 2413
VGRJ 24.44500 88.61500 64 170 1832
VGSD 25.76700 88.90600 125 160 1834
VGSY 24.96800 91.85400 50 110 2886
VGTJ 23.79100 90.37900 24 170 2849
VGZR 23.85500 90.38900 30 140 3195
VH84 16.82600 112.33700 45 50 2405
VHHH 22.31000 113.89600 28 70 3796
VHSK 22.44000 114.07200 50 110 1903
VHXX 22.32500 114.19200 15 130 3396
VI20 28.07700 76.20000 955 90 1059
VI40 29.71700 77.03400 829 130 916
VI43 29.38000 73.89300 554 50 2745
VI57 34.65700 77.36000 10046 100 3043
VI64 33.38200 74.31600 3000 180 1008
VI65 34.51700 76.15200 9604 20 1833
VI66 32.94600 79.20300 13700 130 2745
VI69 28.10800 75.36900 1110 100 1390
VI70 28.35100 75.58800 1100 110 1158
VI71 30.82500 76.89000 1700 160 937
VI73 27.20500 73.70700 950 50 1175
VI75 26.52100 80.22900 400 90 876
VI76 26.00000 78.25600 790 80 1225
VI82 30.58700 78.32100 2983 160 1004
VI88 31.56500 75.33900 741 160 1225
VI90 26.44900 82.56200 288 110 1297
VIAG 27.14900 77.95100 551 50 2741
VIAL 25.44400 81.72600 322 60 2471
VIAM 30.37800 76.80200 909 120 2810
VIAR 31.72300 74.79100 756 160 3295
VIAW 33.88500 74.96100 5393 120 3198
VIAX 31.44200 75.74800 775 130 2745
VIBK 28.06200 73.19700 750 50 2768
VIBL 26.98900 80.87900 385 90 2735
VIBN 25.45300 82.84900 266 90 2189
VIBR 31.88100 77.15200 3573 160 1127
VIBT 30.27800 74.74500 662 130 2801
VIBW 28.83900 76.17400 720 120 1067
VIBY 28.42700 79.43800 580 110 2733
VICG 30.67900 76.77500 1012 110 2740
VICX 26.40400 80.40000 405 90 2804
VIDD 28.58800 77.20000 705 120 1373
VIDF 29.59800 80.23500 4910 140 1326
VIDN 30.18900 78.17500 1831 80 1119
VIDP 28.56700 77.08500 777 90 3805
VIDX 28.70800 77.34500 700 90 2737
VIGG 32.17000 76.25900 2525 150 1410
VIGR 26.28700 78.21600 617 60 2735
VIHR 29.18200 75.75000 700 120 1218
VIHX 30.75700 75.61900 790 130 2741
VIJN 25.49500 78.55500 801 150 1105
VIJO 26.24200 73.03900 717 50 2746
VIJP 26.82300 75.79800 1263 90 2793
VIJR 26.88000 70.85600 751 40 2745
VIJU 32.69800 74.83700 1029 170 2056
VIKA 26.44300 80.35900 411 100 1122
VIKO 25.15900 75.84000 896 80 1241
VILD 30.85800 75.94600 834 120 1458
VILH 34.13100 77.53300 10682 60 2751
VILK 26.76000 80.87600 410 90 2741
VIPK 32.22100 75.63200 1017 10 2741
VIPL 30.31900 76.36100 820 150 1166
VIPT 29.03400 79.46800 769 100 1103
VIRB 26.24800 81.37200 360 90 1720
VISA 29.55300 74.99500 650 50 2739
VISM 31.08600 77.06400 5072 140 1231
VISP 29.99400 77.41100 891 90 2731
VISR 33.99900 74.76100 5429 130 3630
VIST 24.56400 80.85000 1060 110 1058
VIUT 25.80100 71.47800 500 20 2748
VIUX 32.91500 75.15600 2066 180 2751
VL83 19.44400 103.14500 3500 70 2605
VLHS 20.26400 100.43400 1380 160 1477
VLLB 19.89200 102.15200 955 60 2201
VLLN 21.04100 101.47000 1968 180 1359
VLPS 15.13800 105.77700 351 150 1630
VLPV 19.45800 103.21500 3628 140 943
VLSK 16.55100 104.75500 509 40 1637
VLSN 20.41700 104.06100 3281 80 1131
VLVT 17.99800 102.55300 1850 130 3005
VMMC 22.16200 113.58600 20 160 3225
VNBG 29.53700 81.18000 3996 60 660
VNBJ 27.14900 87.05100 3969 160 480
VNBL 28.21000 83.66400 3320 10 610
VNBP 27.68200 84.42500 1968 150 1161
VNBR 29.50300 81.66500 4300 90 546
VNBT 29.45800 80.53800 0 60 650
VNBW 27.50700 83.40900 354 100 1506
VNCG 26.57200 88.07200 315 100 1501
VNDG 28.10900 82.27400 2100 170 811
VNDH 28.75500 80.57500 690 120 1501
VNDL 29.66700 80.54500 2132 70 590
VNDP 28.98400 82.82000 8199 150 453
VNDT 29.26400 80.93500 0 130 430
VNGK 28.03400 84.46500 1394 10 1001
VNJI 27.63000 86.23000 6085 150 600
VNJL 29.28300 82.18600 7700 90 610
VNJP 26.70900 85.91700 256 90 1007
VNJS 28.77900 83.72000 8880 60 730
VNKG 27.18100 86.77000 4432 80 550
VNKT 27.68400 85.35300 4390 20 3052
VNLD 27.25200 86.67000 4048 70 580
VNLK 27.68500 86.72500 9100 60 488
VNLT 28.20100 85.58400 13530 100 444
VNMA 28.64200 84.08500 11115 110 610
VNMG 27.57600 84.22400 0 60 1090
VNMN 28.96500 80.14500 650 160 889
VNNG 28.10300 81.65900 540 80 1502
VNPK 28.19600 83.97700 2712 40 1441
VNPL 27.51500 86.58400 8054 10 680
VNRB 26.51100 86.73000 250 110 1591
VNRC 27.39100 86.05900 5511 30 519
VNRK 28.62500 82.19300 2500 30 498
VNRT 27.30500 86.55100 4501 170 558
VNSB 27.81300 86.70800 12500 120 453
VNSI 27.15400 84.97900 450 10 1190
VNSK 28.58100 81.63400 2230 10 1001
VNSR 29.23500 81.21400 2280 10 530
VNST 29.97200 81.80900 9246 100 556
VNT1 29.52300 82.14700 0 170 463
VNTJ 27.35000 87.69300 7939 70 600
VNTP 28.51900 81.11900 515 40 665
VNTR 27.32000 87.19200 4297 160 1239
VNVT 26.48200 87.25700 246 90 1497
VO26 9.15900 77.82000 325 170 1207
VO32 19.18300 77.31200 1250 90 1373
VO52 14.53200 75.78100 1750 60 1492
VO55 18.40700 76.45900 2136 50 1604
VO80 8.72500 78.02000 129 100 1335
VO94 7.01000 93.91900 16 50 1052
VO95 12.66100 77.76200 3116 90 1212
VOAR 13.06200 79.67500 265 60 4104
VOAT 10.81900 72.17300 14 40 1295
VOBG 12.94900 77.65600 2912 90 3287
VOBI 15.16600 76.87800 30 120 1108
VOBR 17.89700 77.48300 2178 20 2152
VOBZ 16.52900 80.78900 82 80 1743
VOCB 11.02200 77.03500 1324 50 2590
VOCC 9.95500 76.27100 8 130 1825
VOCI 10.15100 76.38600 30 90 3394
VOCL 11.13900 75.94200 342 100 2859
VOCP 14.51100 78.76800 430 110 1071
VOCX 9.14100 92.81500 5 20 2713
VODG 17.63100 78.39000 2013 100 2506
VOHK 17.55200 78.51300 2020 90 2096
VOHY 17.45300 78.45400 1742 90 3225
VOMD 9.83400 78.08500 459 90 1826
VOML 12.96100 74.88400 337 60 2454
VOMM 12.98400 80.15300 52 70 3658
VONS 16.54200 79.31200 658 90 1536
VOPB 11.62900 92.72100 14 40 3287
VOPC 11.96700 79.80500 118 70 1214
VOPN 14.15000 77.78100 1558 90 2227
VORY 17.10600 81.81200 151 50 1741
VOSM 11.77700 78.06100 1008 40 1811
VOSX 11.00600 77.15100 1250 50 2520
VOTJ 10.71900 79.09500 253 70 1723
VOTP 13.63100 79.53300 350 80 2285
VOTR 10.76500 78.70700 288 90 1863
VOTV 8.49300 76.90900 15 140 3407
VOTX 12.91000 80.11700 90 50 1818
VOYK 13.13600 77.59600 3045 90 2193
VQ10 27.26000 91.50900 8430 120 1266
VQPR 27.41100 89.42000 7332 150 1969
VRMG -0.69200 73.14400 6 100 2657
VRMH 6.73900 73.16800 4 30 1229
VRMK 1.85400 73.52000 4 30 1217
VRMM 4.20600 73.52900 6 180 3217
VRMT 0.49300 72.99500 2 160 1230
VT01 44.28500 -72.93800 640 180 610
VT02 43.14900 -72.88900 1434 130 763
VT03 44.09000 -72.98200 1100 180 366
VT05 43.22100 -72.71700 1750 90 692
VT06 43.00700 -72.47500 673 170 610
VT09 44.11100 -73.29200 310 40 610
VT10 43.97900 -73.38500 255 180 671
VT11 44.06400 -73.37300 130 10 1129
VT12 44.28900 -73.28300 127 10 549
VT13 43.29900 -72.71700 1520 180 343
VT14 44.04300 -73.19000 450 20 366
VT15 44.70100 -73.24600 125 20 763
VT17 43.36700 -72.67500 1502 20 488
VT20 43.36500 -73.15100 854 50 534
VT22 44.39900 -73.26600 130 180 580
VT23 44.36700 -73.25000 220 10 763
VT24 43.92900 -73.36900 280 180 702
VT25 44.41400 -73.16500 330 180 528
VT26 44.63700 -73.30800 140 180 610
VT29 44.22700 -72.79700 710 130 305
VT30 44.16100 -72.83300 780 180 320
VT31 44.10900 -72.44400 1600 10 458
VT33 44.10400 -73.38500 200 90 1220
VT34 43.05800 -72.49200 819 10 366
VT39 44.60600 -72.47700 1140 140 610
VT41 42.92200 -72.53100 310 30 549
VT43 43.02000 -72.65600 427 120 610
VT44 44.52900 -72.58400 820 160 610
VT45 44.51500 -72.98100 640 50 458
VT46 44.87000 -73.28800 130 40 549
VT47 42.75600 -72.48000 235 20 534
VT48 44.46000 -73.19600 350 20 336
VT49 44.22900 -72.79400 670 90 458
VT52 44.64600 -73.18900 230 170 549
VT53 44.11700 -73.38100 140 20 427
VT55 43.90300 -72.58400 710 170 397
VT56 44.61200 -71.98100 1285 10 305
VT85 16.63800 102.96600 787 10 3172
VT90 14.95600 102.07900 640 70 1201
VTBC 12.63600 102.02600 112 170 1051
VTBD 13.89700 100.59600 9 30 3713
VTBE 14.51400 100.91700 60 170 305
VTBG 14.13000 99.45300 200 50 1427
VTBH 14.94600 100.63700 95 10 1181
VTBI 14.08200 101.37900 80 170 1006
VTBK 14.09100 99.91100 30 30 2756
VTBL 14.88400 100.66000 98 50 2220
VTBN 12.41700 99.86600 74 270 699
VTBO 12.27000 102.31300 85 50 1804
VTBP 11.78500 99.79000 10 80 2001
VTBR 13.57800 99.75300 50 20 1026
VTBS 13.65600 100.75200 5 10 4016
VTBT 13.23000 100.95400 72 50 946
VTBU 12.69600 101.00600 59 180 3543
VTBV 12.25400 102.51500 10 160 915
VTBW 13.76400 102.31000 200 50 1505
VTBZ 14.77100 100.65000 65 220 748
VTCA 20.19000 100.40500 1175 180 545
VTCB 19.49200 100.28600 1275 180 1266
VTCC 18.78100 98.96300 1036 180 3119
VTCD 19.29200 100.85700 865 10 559
VTCH 19.30400 97.96700 929 110 1998
VTCI 19.37500 98.43700 1679 10 801
VTCK 18.82300 97.93000 2000 20 645
VTCL 18.28000 99.50400 811 180 1979
VTCM 18.67600 99.10200 990 90 669
VTCN 18.80000 100.78000 685 20 1996
VTCO 18.55500 99.01400 955 10 1251
VTCP 18.12500 100.16400 538 10 1514
VTCR 19.89300 99.82700 1312 180 1684
VTCS 18.17700 97.93000 732 10 1001
VTCT 19.94000 99.87600 1280 30 3010
VTCY 18.68000 99.11100 988 160 842
VTPB 16.68600 101.19500 450 180 2112
VTPH 12.64500 99.94800 62 160 2113
VTPI 15.29100 100.29600 107 180 3029
VTPL 16.82000 101.25100 500 10 998
VTPM 16.70000 98.53800 690 90 1510
VTPN 15.66900 100.13200 113 50 1367
VTPO 17.24700 99.81800 179 180 2110
VTPP 16.79400 100.27100 145 140 3008
VTPR 13.66200 99.72700 100 30 1501
VTPS 16.82700 100.53800 212 20 820
VTPT 16.89600 99.24600 478 90 1498
VTPU 17.67800 100.24000 265 50 1521
VTPY 17.23000 99.05300 492 50 1509
VTSA 6.66600 100.08000 18 170 1121
VTSB 9.12300 99.12600 20 40 3020
VTSC 6.51200 101.74000 18 20 2013
VTSD 10.50400 99.08300 100 240 545
VTSE 10.70600 99.35300 18 60 2105
VTSF 8.53000 99.94400 13 10 2119
VTSG 8.10600 98.98000 82 140 3011
VTSH 7.19100 100.60300 12 130 1506
VTSK 6.78500 101.14700 8 80 1400
VTSM 9.55700 100.06200 64 170 2070
VTSN 8.48100 99.95400 44 180 2322
VTSP 8.11200 98.30300 82 90 3007
VTSR 9.76900 98.58200 57 20 2010
VTSS 6.93100 100.37900 90 80 3042
VTST 7.50700 99.60700 67 80 2102
VTSW 8.02000 98.40100 50 130 500
VTSY 6.52400 101.24500 92 160 1000
VTT0 17.52100 103.54800 530 250 749
VTT1 15.23200 98.43500 570 140 1155
VTT2 13.08900 100.96600 75 50 885
VTT3 9.13100 99.35300 30 220 765
VTT4 18.83100 99.13600 1050 110 449
VTT5 8.17000 99.71200 250 150 518
VTT6 15.25800 104.84300 420 160 302
VTT7 17.38100 102.84000 592 240 589
VTT8 14.16800 101.33700 62 180 881
VTUC 15.76700 101.94400 650 240 1394
VTUD 17.39300 102.77500 579 120 3051
VTUE 16.97500 103.97200 960 260 546
VTUF 16.96200 103.96800 945 240 304
VTUG 16.36700 102.16300 705 220 1060
VTUH 14.60300 101.57300 1550 230 792
VTUI 17.18700 104.11000 529 50 2609
VTUJ 14.86100 103.49700 478 10 1549
VTUK 16.45500 102.77600 670 30 3060
VTUL 17.43000 101.71900 860 10 2113
VTUM 17.86400 102.73100 540 140 655
VTUN 14.92800 102.06600 729 60 2986
VTUO 15.22200 103.24800 590 40 2112
VTUQ 14.94500 102.30400 765 60 2101
VTUR 16.07500 103.64500 459 170 956
VTUT 16.15400 104.59000 524 210 1534
VTUU 15.24300 104.85900 406 50 3006
VTUV 16.12600 103.77400 451 180 2114
VTUW 17.39300 104.63600 587 150 2511
VTV0 14.11300 100.94500 25 250 997
VTV1 14.41900 99.74800 157 40 800
VTV2 16.02300 98.86000 1570 20 636
VTV3 17.37600 103.10800 640 10 1218
VTV4 13.14200 101.04900 240 240 539
VTV5 12.89500 100.95900 160 160 361
VTV6 14.11400 101.00000 26 150 825
VTV7 13.75600 101.39200 170 100 726
VTV8 14.44300 101.01000 160 270 1041
VTV9 14.76800 100.77500 145 210 626
VTW0 15.11100 100.62200 110 220 720
VTW1 14.14700 100.28600 14 180 400
VTW2 14.63100 102.78100 620 50 889
VTW3 13.83500 100.33300 16 170 300
VTW4 12.83200 100.95200 82 100 561
VTW5 13.54400 100.32800 6 160 804
VTW6 12.38700 99.94700 26 70 1507
VTW7 14.05600 99.36000 302 10 1401
VTW8 17.45300 104.04900 591 140 489
VTW9 12.91500 100.01600 13 10 450
VTX0 14.32300 100.57500 13 100 599
VTX1 14.30400 100.57100 10 100 571
VTX2 13.30200 101.12700 204 40 478
VTX3 12.92700 100.02100 20 10 387
VTX4 15.40200 102.98300 451 180 540
VTX5 17.39400 101.30600 2065 180 1301
VTX6 13.39500 101.00500 10 150 519
VTX7 13.23700 100.99600 130 50 425
VTX8 18.86600 99.09100 1080 30 296
VTX9 12.92300 101.18400 186 20 420
VTY0 15.05300 100.92700 250 20 1829
VTY1 14.02800 99.33700 350 180 350
VTY2 13.77300 101.60800 220 50 600
VTY3 14.57700 101.25300 950 70 300
VTY4 13.39200 101.32000 104 10 466
VTY5 12.71000 101.62900 14 110 542
VTY6 14.64200 101.30200 1314 80 741
VTY7 14.17400 100.69200 30 180 1110
VTY8 17.74900 100.70900 550 260 575
VTY9 13.82500 100.73400 10 240 388
VTZ0 5.77900 101.15700 700 230 748
VTZ1 14.98300 103.11600 550 170 526
VTZ2 7.34800 99.42000 50 270 258
VTZ3 14.01600 101.70100 50 20 1317
VTZ4 12.86800 99.79100 130 210 1019
VTZ5 14.63200 101.46200 1120 100 886
VTZ6 12.05100 102.29600 39 220 439
VTZ7 11.71900 102.52300 6 230 804
VTZ8 14.81500 100.85800 340 270 351
VTZ9 16.40500 101.11200 440 10 1509
VV01 19.91200 105.45800 377 130 3208
VV02 10.97700 106.80500 79 90 3050
VV03 20.79600 106.59600 50 50 2502
VVBM 12.66900 108.10600 1729 90 2994
VVCA 15.41800 108.69400 10 130 3667
VVCI 20.81600 106.71400 6 70 2401
VVCR 11.98500 109.21500 40 20 3062
VVCS 8.73500 106.62500 20 110 1842
VVCT 10.08000 105.70200 9 60 2405
VVDB 21.40500 103.00200 1611 160 1836
VVDN 16.05800 108.19800 33 170 3063
VVGL 21.03300 105.88200 50 20 2007
VVKP 21.39100 106.25100 55 70 2202
VVNB 21.22500 105.78600 39 110 3796
VVNT 12.23200 109.18500 20 120 1951
VVPB 16.40200 107.69000 48 90 2696
VVPC 13.96700 109.03500 80 150 3060
VVPK 14.00500 108.00900 2434 90 1815
VVPQ 10.22500 103.95800 23 80 2102
VVPR 11.62400 108.94200 101 40 3050
VVQN 13.76000 109.04700 19 180 1576
VVTH 13.03700 109.32700 20 20 2912
VVTS 10.81100 106.63700 33 70 3845
VVVH 18.74800 105.66900 23 170 2411
VY02 20.14200 94.96700 279 10 2605
VY03 11.16300 98.73200 92 170 3070
VYAN 19.78100 94.02700 74 180 2602
VYAS 21.94300 96.40000 3000 30 3063
VYBG 21.19000 94.93000 312 180 2591
VYBM 24.27500 97.24200 370 150 1675
VYCI 14.13500 93.36700 20 10 1360
VYCZ 21.93200 96.08800 252 10 1986
VYDW 14.11300 98.20000 84 160 2143
VYEL 19.63900 96.19400 302 160 3671
VYHH 20.75900 96.79200 3858 180 2574
VYHL 24.91500 94.90800 534 160 3660
VYKG 21.30700 99.62600 2798 120 2382
VYKL 23.18900 94.04300 499 90 1671
VYKP 19.43300 93.53500 20 180 1409
VYKT 10.04100 98.53500 180 20 1832
VYLK 19.68400 97.21400 2940 10 1599
VYLS 22.97100 97.75200 2450 10 1617
VYLY 20.94600 94.82300 175 180 1170
VYMD 21.72000 95.97400 300 170 4285
VYME 12.45200 98.62200 75 180 2716
VYMK 25.37700 97.34600 475 40 1918
VYMM 16.43900 97.65600 52 40 1607
VYMO 23.09500 96.63900 600 120 1365
VYMS 20.52000 99.25100 1875 120 1521
VYNP 25.37000 97.29500 459 180 3373
VYNS 20.87600 97.72800 3100 30 3666
VYPA 16.88800 97.67100 150 30 1375
VYPN 16.81300 94.77400 20 60 1341
VYPT 27.33900 97.42500 1500 170 2120
VYPY 18.82200 95.26000 120 70 1373
VYST 20.93000 95.91300 630 10 2594
VYSW 20.13500 92.86400 27 110 1841
VYTD 18.45400 94.29700 20 20 1670
VYTL 20.47600 99.92900 1280 40 2140
VYTO 19.04800 96.40100 160 180 3659
VYXG 21.40000 94.12600 1345 40 2003
VYYY 16.89800 96.12700 109 30 3428
WA01 47.72500 -118.94300 1950 160 580
WA05 45.83100 -122.57700 285 70 793
WA08 47.71900 -117.91400 2795 50 793
WA09 48.61100 -123.14600 100 70 1252
WA0A -3.46700 140.30200 1012 170 425
WA0B -3.96200 135.48100 6100 250 415
WA0C -4.00100 140.82300 385 100 520
WA0D -3.68800 136.06300 4720 10 330
WA0E -3.99600 139.67000 2450 250 403
WA0F -3.72700 138.43100 7192 100 435
WA0G -0.85900 133.21700 2029 100 500
WA0H -4.03000 139.78600 2981 180 391
WA0I -4.48700 139.44000 6386 230 365
WA0J -1.11400 133.62000 5006 250 258
WA0K -4.60700 140.63500 4857 160 430
WA0L -4.16100 140.85300 466 180 424
WA0M -0.94200 133.16500 3085 10 438
WA0N -4.74600 139.20300 242 260 500
WA0O -4.82500 140.36000 5349 110 425
WA0P -4.66700 140.67600 5200 10 540
WA0Q -4.38600 138.23200 1735 130 641
WA0R -3.41100 138.89500 382 20 495
WA0S -3.99000 140.44900 941 20 520
WA0T -3.97300 140.66100 989 270 514
WA0U -3.98100 138.36500 7692 120 545
WA0V -3.04300 136.37900 198 140 748
WA0W -4.03200 138.90700 5408 110 620
WA0X -3.64200 136.67700 5740 130 506
WA0Y -5.40000 140.19700 171 260 445
WA0Z -5.23200 140.51900 483 150 511
WA12 47.18400 -120.87200 1800 80 616
WA14 46.66300 -118.83900 925 70 933
WA15 47.61700 -119.24800 1800 70 793
WA16 46.80200 -123.54200 180 140 473
WA17 46.37800 -117.95500 1940 40 595
WA18 48.50800 -122.80500 125 10 458
WA19 -6.95400 115.92800 20 120 923
WA1A -0.89300 131.27800 10 90 1854
WA1B -6.56800 134.14300 165 140 1580
WA20 46.87600 -122.25700 850 160 915
WA22 46.99000 -123.43500 28 70 694
WA23 48.02000 -117.74500 2021 240 1034
WA24 46.39300 -119.02400 625 10 1038
WA25 48.09800 -122.01800 300 120 448
WA26 46.40900 -120.63900 845 90 808
WA27 46.31800 -124.00500 8 100 631
WA29 45.89600 -122.59700 811 90 519
WA30 46.78800 -117.92800 1491 40 1125
WA31 48.02100 -122.43800 260 160 732
WA33 48.95600 -122.46300 105 70 744
WA34 47.80700 -119.64100 2276 30 784
WA35 48.62400 -122.94900 220 120 366
WA36 48.65200 -120.50700 2415 110 961
WA37 46.90900 -120.43900 1800 110 305
WA40 47.14600 -119.24100 1205 160 763
WA41 46.59900 -122.48800 980 70 702
WA42 47.97400 -122.77200 100 160 366
WA44 -5.76200 123.91400 169 130 940
WA45 47.99900 -122.90000 500 160 763
WA46 45.83200 -122.63800 21 130 671
WA47 47.15600 -120.63900 2700 150 610
WA51 46.83600 -123.09000 149 160 839
WA52 47.96000 -117.61500 2200 100 599
WA56 48.50500 -122.09300 65 10 580
WA57 48.31400 -117.84000 1740 100 368
WA59 48.12600 -123.17900 50 90 488
WA61 47.07300 -122.37100 445 160 549
WA62 47.46700 -117.42100 2352 180 824
WA63 48.93500 -118.57600 2100 120 305
WA66 45.80700 -121.50000 475 180 473
WA67 45.66300 -122.47400 280 90 610
WA68 46.93900 -119.98700 580 70 824
WA69 47.40500 -122.49800 389 160 625
WA72 46.92600 -122.55900 390 90 868
WA73 48.52500 -117.85600 2240 120 274
WA74 47.23000 -119.91500 1276 140 839
WA76 45.95600 -119.62700 640 70 1096
WA77 47.19600 -122.02600 738 70 549
WA78 45.62800 -122.18800 1239 70 549
WA79 45.93400 -122.42200 451 90 610
WA80 45.89600 -122.54800 840 170 397
WA84 47.28200 -122.15500 416 90 808
WA87 45.81700 -122.55700 250 90 641
WA88 48.89300 -122.56100 70 70 671
WA90 48.73200 -122.35200 325 180 366
WA93 48.65100 -122.58300 8 140 458
WA95 46.72500 -122.91200 480 160 549
WA96 47.61000 -122.77700 429 140 753
WA97 46.44500 -120.34500 830 100 793
WA98 1.10600 127.70100 114 150 924
WA99 46.32800 -122.88800 160 20 488
WAAA -5.05400 119.54500 47 130 2503
WAAB -5.48900 122.57000 137 40 793
WAAJ -2.58800 119.02800 23 50 702
WAAL -4.25500 122.49600 500 70 975
WAAR -4.76300 122.55900 117 80 732
WAAT -3.04200 119.81800 2884 120 1050
WABA -1.31700 132.28600 1415 60 488
WABB -1.18500 136.09300 46 110 3564
WABD -4.01000 136.03500 5113 30 1001
WABE -3.70900 138.20100 6351 170 793
WABF -0.95100 134.81800 50 60 1756
WABG -4.04600 136.27600 5612 10 681
WABH -3.92700 138.45800 6846 120 711
WABI -3.36200 135.49400 25 160 1410
WABK -3.68800 138.47900 5120 180 641
WABL -3.97700 137.62000 7965 70 595
WABM -4.44400 140.88000 389 70 854
WABN -4.70900 136.43300 35 130 599
WABO -1.87100 136.23900 55 180 652
WABP -4.52300 136.87800 103 120 2395
WABQ -3.70200 137.95400 5910 80 796
WABR -3.91100 136.22800 5804 80 610
WABS -1.15800 132.46600 1539 90 610
WABT -3.92600 136.37400 5802 80 997
WABU -1.17000 136.07300 0 110 1994
WABV -3.73900 137.02900 7328 100 602
WABW -2.21400 136.43900 58 40 458
WABX -3.74000 136.85800 5674 120 416
WABY -3.83000 136.38500 5840 10 825
WADA -8.56100 116.08500 52 90 2086
WADB -8.53400 118.68200 3 130 1654
WADD -8.74900 115.15400 14 90 2980
WADW -9.66300 120.29800 39 150 1658
WAJA -2.93100 140.78200 206 160 650
WAJB -3.68400 138.67400 4457 90 824
WAJC -3.27200 138.61100 230 60 601
WAJD -1.93400 139.01400 1 100 1641
WAJE -3.60600 140.90700 1228 170 751
WAJF -3.41600 140.55000 679 50 488
WAJG -6.18500 138.63400 18 90 662
WAJH -7.97700 138.85100 39 160 609
WAJI -1.87100 138.75200 60 130 735
WAJJ -2.57100 140.50900 289 120 2185
WAJK -4.69700 140.72000 5230 100 407
WAJL -3.07800 139.95000 776 120 600
WAJN -3.78700 139.38400 1492 30 951
WAJO -4.90500 140.62200 4294 110 1351
WAJP -5.80400 139.85500 62 150 900
WAJQ -5.69100 139.34700 56 90 760
WAJR -3.23400 140.98500 1481 70 650
WAJS -3.44900 140.78000 870 10 580
WAJT -5.41900 140.43600 218 10 553
WAJU -3.67600 140.88200 1028 270 487
WAJV -3.73000 138.70900 4327 30 730
WAJW -4.09000 138.94900 5421 150 1782
WAJY -0.42200 132.18500 35 60 500
WAKA -4.60500 137.65600 166 60 524
WAKD -5.87400 140.70900 122 170 610
WAKE -7.17800 139.58300 26 20 549
WAKH -6.16600 139.26400 103 140 397
WAKJ -1.38600 133.87200 6471 80 458
WAKK -8.51200 140.41600 10 160 1860
WAKO -8.09500 139.72100 11 80 915
WAKP -6.53900 139.33000 20 160 610
WAKT -6.09800 140.29900 74 70 1051
WALB 3.89700 115.68800 3120 40 1198
WALG 2.83200 117.37100 10 30 1206
WALL -1.27300 116.88400 12 70 2495
WALN 1.80000 114.90400 2425 180 440
WALQ -0.31100 117.41500 49 10 1203
WALR 3.32000 117.55500 20 60 2245
WALS -0.48800 117.15500 33 40 939
WALV 3.45200 117.86500 118 40 1004
WALX 2.00500 117.74200 47 70 1734
WAMA 1.83700 127.78500 152 30 732
WAMB 0.68900 124.27400 591 180 651
WAME 0.91600 128.37900 45 70 900
WAMG 0.63800 122.84000 59 90 2255
WAMH 3.68800 125.52600 16 150 1106
WAMI 1.12400 120.79100 25 110 580
WAMJ -0.07600 129.45800 72 180 885
WAMK 1.19000 127.89600 29 180 938
WAML -0.90900 119.90500 284 150 2259
WAMM 1.55900 124.92600 264 180 2664
WAMN 4.01000 126.67300 23 180 824
WAMP -1.42100 120.65500 174 30 1117
WAMQ -1.87200 120.26500 2542 80 580
WAMR 2.04600 128.31400 49 90 2398
WAMT 0.83800 127.37600 49 140 1801
WAMW -1.04400 122.76900 867 30 1302
WAMY 1.10100 121.41100 28 60 1091
WAOH -3.98700 116.09700 197 120 1252
WAOI -2.70000 111.66800 75 130 1654
WAON -2.22000 115.43100 197 60 1404
WAOO -3.44000 114.75100 66 100 2501
WAOP -2.21600 113.93900 82 160 2111
WAPA -3.34500 128.92300 2 130 751
WAPB -3.10700 130.50700 29 140 1401
WAPC -4.52100 129.90200 52 100 701
WAPD -5.77400 134.20900 18 60 732
WAPG -3.85800 126.69600 1 60 793
WAPH -0.63700 127.50000 87 60 824
WAPI -7.98600 131.30400 217 120 901
WAPK -6.07100 134.27000 168 40 1305
WAPL -5.66100 132.72600 10 90 1299
WAPN -2.09600 125.96600 1 180 1047
WAPO -7.12800 131.76300 107 100 824
WAPP -3.71800 128.08100 33 40 2509
WAPQ -8.01500 127.19700 1 110 824
WAPR -3.23400 127.09900 81 150 732
WAPT -1.64400 124.55900 60 250 716
WARA -7.91800 112.71200 1726 170 1982
WARI -7.60300 111.43400 360 170 3083
WARJ -7.78900 110.42200 350 90 2196
WARQ -7.51900 110.74500 421 80 2620
WARR -7.37800 112.77300 9 100 2997
WARS -6.96500 110.36600 10 130 2256
WASB -2.09900 133.51500 50 130 641
WASC -1.49400 134.17100 89 120 1051
WASE -0.81000 133.05000 1869 100 991
WASF -2.92000 132.26200 220 100 1040
WASI -2.12800 132.15800 13 80 625
WASK -3.65200 133.69400 35 10 1608
WASM -1.59100 133.29400 383 90 580
WASO -2.53800 133.43700 10 20 1311
WASR -0.88300 134.04900 41 170 2016
WASS -0.93200 131.11600 10 40 1659
WAST -1.44400 132.01900 140 130 488
WASW -2.71700 134.50600 44 180 600
WATC -8.64600 122.23000 115 50 1825
WATG -8.59700 120.47100 3510 90 1274
WATR -10.77000 123.07200 197 30 901
WATS -10.49400 121.84500 250 250 903
WATT -10.17500 123.66100 335 70 2505
WATW -8.36700 123.43700 16 20 901
WAWI -2.63300 121.09900 98 30 594
WAWM -2.56200 120.32300 164 20 960
WAWS -2.52900 121.35400 1388 120 1019
WAWW -4.08300 122.40900 538 80 2098
WBAK 4.63300 114.37600 19 240 809
WBGB 3.13600 113.01800 74 170 2755
WBGD 4.21300 115.58900 2400 20 522
WBGF 3.41900 115.15100 1583 220 800
WBGG 1.48100 110.33700 89 70 2442
WBGI 3.97400 115.06600 640 220 552
WBGJ 4.80300 115.00600 14 40 1507
WBGK 2.90600 112.07100 15 260 1500
WBGL 3.30800 114.78400 247 210 681
WBGM 4.18000 114.32700 52 100 1043
WBGP 2.01300 112.93100 63 160 491
WBGR 4.31100 113.98200 59 20 2755
WBGS 2.27000 111.97600 122 130 2759
WBGU 4.55300 115.49100 1306 270 774
WBGW 4.84600 115.40700 31 10 759
WBKB 6.35500 116.47200 46 180 1620
WBKD 5.03500 118.31800 45 110 1378
WBKG 5.36000 116.16400 1040 170 875
WBKK 5.92500 116.04600 10 20 2997
WBKL 5.30900 115.24400 101 140 2291
WBKN 4.41300 115.72400 3300 170 655
WBKS 5.89900 118.05000 46 80 2136
WBKT 6.92200 116.83500 33 220 726
WBKW 4.30700 118.11200 57 60 2690
WBLB 3.20200 115.39900 1470 270 547
WBMU 4.04300 114.80100 80 30 1505
WBSB 4.93000 114.92000 73 30 3670
WBTM 2.17300 111.19700 15 50 1500
WI01 45.06300 -88.42700 891 10 576
WI02 42.50700 -88.91800 911 90 549
WI03 42.79800 -88.13700 770 90 610
WI06 43.17900 -89.45500 954 90 678
WI07 43.62500 -88.76600 940 90 1051
WI08 43.46700 -88.29600 1090 100 885
WI10 46.44500 -91.62000 1229 50 1159
WI11 42.59000 -89.24300 945 60 458
WI13 45.12000 -87.78500 640 110 580
WI14 44.96900 -92.38800 1104 180 595
WI15 45.40800 -91.83800 1113 90 605
WI17 44.28600 -91.23000 864 90 576
WI18 45.13600 -91.45000 1021 180 641
WI1A -7.72200 108.48300 16 70 1386
WI1B -6.90100 107.46900 2500 110 1653
WI1C -6.37000 106.62000 223 140 1006
WI1G -7.91600 110.55900 702 100 1207
WI1S 4.72100 96.84700 4516 90 602
WI21 44.90900 -91.24700 936 80 799
WI23 46.86500 -91.08700 760 50 613
WI25 44.54300 -92.01400 780 180 851
WI26 44.70200 -91.46800 920 30 848
WI29 44.90900 -92.48300 1078 180 793
WI31 46.42400 -91.65300 1207 180 1607
WI33 46.10600 -91.90200 1056 180 633
WI37 45.80700 -91.10200 1321 70 1007
WI42 45.66100 -89.53200 1630 80 915
WI43 42.95200 -89.82500 1090 180 732
WI47 45.39000 -86.92800 656 40 683
WI48 44.00900 -88.87100 770 180 1037
WI49 44.94500 -90.26000 1358 160 763
WI50 42.71800 -89.42700 815 90 610
WI51 43.31800 -89.32100 1064 180 732
WI52 43.31200 -89.32500 1070 90 805
WI53 42.94700 -89.90200 1050 120 610
WI54 44.99900 -90.15300 1425 80 610
WI55 43.98400 -88.98400 767 10 397
WI56 42.88400 -90.86100 1010 180 610
WI58 42.52500 -88.02800 770 50 610
WI60 44.82900 -88.46300 811 90 915
WI61 43.34600 -87.99500 860 20 580
WI62 43.27100 -87.99800 800 180 336
WI65 43.22100 -89.47000 1035 40 427
WI66 42.58700 -88.66200 980 90 610
WI67 43.87700 -88.90500 935 90 763
WI69 42.79800 -88.33300 820 180 534
WI70 42.70700 -88.64300 930 90 854
WI71 42.68900 -88.60300 1030 170 412
WI72 42.80100 -90.57400 1000 130 473
WI73 43.99900 -88.83200 800 140 366
WI74 43.92500 -88.67200 872 90 671
WI75 43.74100 -88.33000 1060 90 793
WI76 42.95100 -88.77600 836 170 519
WI77 43.20600 -88.16200 860 70 366
WI78 44.42300 -87.93600 808 10 610
WI79 44.85600 -90.55600 1270 180 671
WI81 42.52300 -90.59100 880 180 305
WI84 42.68500 -88.84000 925 180 854
WI86 42.66100 -88.13900 800 90 488
WI87 44.64000 -91.51400 990 40 366
WI88 42.62500 -88.45500 1000 90 854
WI89 42.57000 -88.37000 880 40 702
WI90 44.30000 -90.04400 970 180 793
WI91 44.20600 -88.64000 800 180 702
WI92 42.65800 -88.36500 905 50 946
WI95 42.58100 -88.01500 700 180 610
WI97 43.26200 -89.06500 960 180 854
WI98 42.86000 -89.19700 888 180 412
WI99 42.81400 -89.00000 880 90 427
WIAM -7.34200 108.24300 1148 150 1098
WIAP -7.46100 109.41500 172 100 824
WIBB 0.47100 101.44500 102 180 2247
WIBD 1.60200 101.43000 55 30 1809
WIBR -2.09700 99.70400 1 170 732
WIBS 1.37300 102.14000 12 180 793
WIBT 1.05300 103.38900 20 90 885
WICB -6.28800 106.56100 151 40 1824
WICC -6.89700 107.56700 2436 110 2243
WICT -5.23600 105.17400 282 140 1855
WIDD 1.10700 104.10700 126 40 4051
WIDN 0.91700 104.52700 52 40 1856
WIHH -6.27200 106.87900 84 60 3003
WIHL -7.64100 109.02900 69 130 1407
WIIC -6.76000 108.53600 89 40 1263
WIIG -5.64700 106.55400 10 70 1401
WIII -6.14300 106.64400 34 70 3664
WIIP -6.32800 106.76500 200 180 1994
WIIU -5.79800 110.47500 24 130 905
WIKG 0.85100 100.37000 151 180 1300
WIKK -0.47500 104.57600 95 140 1176
WIKL -3.28700 102.91600 410 20 928
WIKM 3.35300 106.25800 10 180 1197
WIMB 1.16700 97.69900 20 90 1353
WIME 1.40300 99.42500 922 110 1395
WIMG -0.86600 100.34900 9 160 2161
WIMH 3.68200 98.63700 49 90 751
WIMM 3.54900 98.66200 90 50 2904
WIMN 2.26000 98.98500 4059 90 1591
WIMO -0.02100 98.29600 7 60 851
WIMS 1.56000 98.88300 43 120 1721
WIOB 0.83000 109.48100 260 40 440
WIOD -2.73700 107.75400 164 180 1857
WIOG -0.34800 111.74300 123 100 1000
WIOI 1.07900 109.69300 333 20 971
WIOK -1.81000 109.96300 46 170 1406
WION 3.92000 108.38800 7 180 2578
WIOO -0.14100 109.40000 10 150 2255
WIOP 0.83700 112.93300 297 100 1005
WIOS 0.06300 111.46800 98 80 1296
WIPA -1.63200 103.63700 82 130 1994
WIPC -1.36200 101.96100 301 130 793
WIPD -4.78300 103.93100 2100 150 1035
WIPH -2.09000 101.46300 2606 120 1867
WIPI -1.12600 102.13200 138 130 751
WIPJ -1.64100 103.28600 79 100 885
WIPK -2.15400 106.13700 108 160 2006
WIPL -3.85700 102.33200 50 130 2243
WIPO -4.40000 104.39700 450 30 2106
WIPP -2.89400 104.69000 37 110 2500
WIPQ -3.29100 103.87600 184 30 1304
WIPR -0.35200 102.32900 62 100 1293
WIPT -0.77600 100.27600 18 150 2761
WIPU -2.53900 101.08500 16 140 989
WITA 3.17300 97.28500 14 140 732
WITC 4.04800 96.24900 13 140 885
WITG 2.40900 96.32300 27 70 962
WITL 5.07400 97.25700 28 160 1125
WITM 5.22300 96.94300 90 60 1851
WITN 5.87500 95.33100 393 100 1842
WITT 5.53500 95.41800 65 170 2508
WMAP 2.03800 103.30300 150 50 1257
WMBT 2.81400 104.15800 15 20 997
WMGK 5.79800 102.47500 20 80 2008
WMKA 6.18100 100.39000 15 40 2751
WMKB 5.47700 100.39200 11 180 2451
WMKC 6.16800 102.28400 16 100 2126
WMKD 3.78800 103.21000 58 180 2820
WMKE 4.54300 103.42500 18 160 1362
WMKF 3.10500 101.69800 111 30 1846
WMKI 4.56200 101.08700 130 40 1803
WMKJ 1.65500 103.66400 135 160 3356
WMKK 2.74400 101.69800 70 140 4137
WMKL 6.31600 99.71900 29 30 3822
WMKM 2.25800 102.24800 35 30 1378
WMKN 5.37600 103.09700 21 40 2005
WMKP 5.28600 100.26700 11 40 3365
WMSA 3.14500 101.54100 90 150 3794
WN00 47.84200 -122.85900 80 170 397
WN03 43.67800 -87.73000 622 90 763
WN04 48.39100 -118.10100 2924 30 458
WN05 46.51800 -122.79200 385 160 641
WN07 48.50300 -122.81500 38 150 778
WN08 48.91500 -122.11600 548 60 397
WN10 45.99300 -122.38500 450 70 793
WN11 45.58600 -88.00900 963 90 805
WN13 47.46100 -122.57200 240 20 671
WN14 47.84200 -117.45000 2160 70 406
WN17 47.34000 -120.31900 2450 80 412
WN18 48.45900 -122.53900 155 170 519
WN20 47.87100 -121.92500 60 40 412
WN21 48.08000 -123.40200 650 40 732
WN23 48.10200 -123.18400 150 70 592
WN24 46.29300 -122.95300 180 90 366
WN26 48.04000 -122.07400 320 70 610
WN27 44.08100 -87.97600 815 170 320
WN28 44.98100 -87.30900 730 180 381
WN29 48.13000 -123.21200 100 70 720
WN30 46.92300 -118.09100 1600 180 702
WN31 46.60200 -119.06600 890 40 580
WN33 46.38300 -118.98800 715 160 549
WN34 46.53100 -122.68700 580 70 421
WN35 48.91100 -122.56600 55 140 610
WN36 46.97000 -122.82500 224 90 686
WN39 43.48200 -89.32400 875 90 702
WN40 48.19000 -122.64800 200 60 763
WN42 47.18400 -122.12500 587 70 732
WN44 45.24200 -89.56900 1470 180 671
WN46 43.06800 -88.51300 865 100 671
WN47 47.07900 -123.27600 100 40 793
WN48 46.79300 -123.31000 139 160 590
WN49 48.12600 -123.08700 20 170 915
WN51 48.52100 -122.46900 6 70 610
WN53 48.11600 -122.06400 480 150 1158
WN54 47.73000 -117.07500 2146 10 1158
WN55 46.51100 -122.01100 934 70 732
WN59 46.54000 -122.71900 520 140 564
WN60 48.14100 -123.18900 110 90 153
WN61 47.72600 -117.28200 2450 90 275
WN63 42.53900 -88.00400 735 180 458
WN64 46.97800 -120.46200 1575 160 763
WN65 46.97300 -123.47900 80 90 427
WN72 46.86300 -118.32800 1650 30 519
WN74 46.58800 -122.62600 1070 160 610
WN75 43.24600 -88.37200 1000 180 366
WN76 47.24500 -121.92800 1100 100 641
WN78 47.95800 -122.76100 380 180 747
WN80 46.09800 -122.86600 475 90 153
WN86 45.26900 -92.62100 1085 180 1159
WN87 47.20900 -122.09400 630 100 305
WN88 46.52300 -124.03200 10 160 824
WN89 47.89000 -117.34400 1890 170 427
WN90 45.37400 -91.29500 1250 60 549
WN92 47.61300 -117.18100 2350 160 1007
WN95 46.88600 -119.89600 1125 90 732
WPDB -9.29900 125.28600 96 160 1059
WPDL -8.54800 125.51700 25 80 1847
WPEC -8.47600 126.39200 1777 140 2517
WRBC -3.41200 115.98700 3 90 1803
WRBM -0.94100 114.89200 108 130 732
WRBO -3.37600 112.53400 3 100 824
WRBS -2.49400 112.96900 50 130 1850
WRBT -3.43100 115.66400 68 120 671
WRBU -1.66700 114.89800 88 150 580
WRBW -1.46900 113.08000 150 90 641
WRKA -9.07500 124.90100 1029 80 902
WRKB -8.81400 121.00000 4432 110 810
WRKE -8.84900 121.65300 49 90 1655
WRKI -8.53100 120.74600 2317 120 900
WRKL -8.27400 122.99800 1 100 901
WRKO -8.48000 119.88800 66 170 1400
WRKT -8.13800 124.59400 328 30 1403
WRLA 0.38100 117.54200 45 20 763
WRLC 0.11900 117.47400 57 40 885
WRLD 1.40600 118.48300 27 20 1000
WRLE -0.25500 116.59500 87 60 702
WRLF 4.13900 117.66400 53 130 885
WRLH -1.86900 116.21500 44 30 610
WRLI 0.80700 114.52900 495 20 732
WRLJ 0.55800 117.64200 33 40 793
WRLK 2.14900 117.43100 59 10 1418
WRLM 3.57200 116.61600 19 40 1100
WRLO -0.20300 115.63400 551 50 310
WRLP 1.71000 114.97000 2134 170 922
WRLT -0.09400 117.43300 121 80 1364
WRLU 0.98800 117.94200 59 150 800
WRLW 1.12200 116.84800 192 100 701
WRRS -8.48400 117.40800 16 140 1455
WRRT -9.40800 119.23600 161 100 1798
WRRU -8.98600 117.21500 38 160 824
WRSC -7.19500 111.54400 138 80 885
WRST -7.02200 113.88800 8 120 859
WS02 43.74000 -89.71600 1030 180 616
WS04 44.03100 -89.86800 950 50 610
WS05 45.47900 -90.62800 1365 130 555
WS06 45.98500 -90.16400 1600 10 610
WS08 44.42100 -88.37700 815 180 631
WS09 44.01100 -89.52800 1017 40 671
WS10 44.40800 -89.02000 850 90 610
WS11 45.10000 -88.13700 830 90 625
WS12 43.26200 -89.32300 972 180 603
WS14 44.46400 -89.36100 1113 80 366
WS16 44.84700 -89.80600 1345 90 770
WS17 43.98700 -88.57900 826 130 671
WS19 46.89600 -90.82100 760 180 610
WS20 43.95800 -90.67400 918 110 1056
WS22 44.39600 -88.69200 775 120 519
WS25 45.58300 -87.85000 835 120 732
WS26 44.36100 -87.60700 710 180 397
WS28 43.55400 -89.39300 800 100 519
WS29 45.12100 -88.14700 850 100 549
WS30 45.19000 -92.54800 930 180 214
WS31 44.27800 -87.94900 850 90 671
WS32 43.48400 -89.29800 875 90 580
WS33 42.90900 -89.45500 1000 90 610
WS36 44.27100 -89.44100 1140 90 580
WS39 45.70300 -89.66500 1560 150 830
WS41 45.01400 -92.55100 1050 180 458
WS42 44.95000 -90.60500 1286 90 793
WS44 45.53700 -90.70900 1403 90 602
WS45 45.34200 -89.67800 1500 90 580
WS49 42.90500 -88.88000 795 50 587
WS51 43.35400 -90.68800 1055 110 1140
WS55 42.52100 -88.74500 977 180 808
WS60 44.93600 -90.83100 1169 180 580
WS62 42.96400 -89.58300 1080 90 412
WS67 46.80300 -91.21000 795 160 610
WS68 43.78400 -89.30900 770 170 595
WS69 44.57500 -91.55000 850 90 397
WS71 45.43100 -92.62100 1205 90 793
WS72 44.85500 -88.01200 640 180 564
WS74 43.16100 -88.82500 825 10 473
WSAC 1.33300 104.00400 1 10 2761
WSAG 1.41700 103.80400 86 40 1912
WSAP 1.34500 103.90300 65 20 3806
WSAT 1.40000 103.71000 50 10 2763
WSSL 1.41000 103.86300 36 30 1598
WSSS 1.33100 104.00400 22 20 4360
WT01 0.74100 110.12100 239 100 450
WT02 0.85000 109.33100 277 90 427
WT03 -1.33400 110.21500 167 70 400
WT04 -2.76200 138.38600 133 100 488
WT05 -4.46500 138.94300 5597 50 427
WT06 0.34900 110.93200 168 60 397
WT07 0.41700 111.14800 91 90 427
WT08 1.30300 109.92500 967 180 500
WT09 -3.74900 137.65500 6312 260 273
WT10 -3.82200 137.83900 7330 90 686
WT11 -3.30100 136.40700 2550 110 411
WT12 0.91100 109.00600 15 30 450
WT13 2.26900 97.96400 11 40 793
WT14 -4.97700 139.90000 441 130 488
WT15 -0.04800 111.11600 145 150 397
WT16 -2.16200 138.86900 160 180 488
WT17 -3.53700 135.94800 488 160 404
WT18 -4.92600 138.89900 57 50 597
WT19 -3.28600 140.03500 1547 180 397
WT20 -4.34400 139.18000 5845 30 488
WT21 -2.19900 138.86800 192 160 380
WT22 -4.75400 139.35200 193 30 580
WT23 -4.81300 140.16900 4580 50 540
WT24 -0.44900 112.19800 430 120 397
WT25 0.36100 108.94200 3 50 400
WT26 -0.73200 110.37800 117 80 397
WT27 -0.40100 129.88600 25 250 1337
WT28 -0.94100 132.29600 577 110 488
WT29 0.87900 109.82800 545 70 488
WT30 -0.84200 132.92300 1626 90 626
WT31 0.56900 116.97000 380 180 519
WT32 -1.30900 133.85400 6274 70 671
WT33 -1.36900 133.72400 5745 180 416
WT34 -3.23500 138.44300 176 60 641
WT35 -2.03900 139.11600 50 90 671
WT36 -1.93800 124.37200 33 70 850
WT37 -4.25800 139.04600 5772 150 427
WT38 -0.34400 112.13300 146 40 427
WT39 0.75400 113.67500 1172 170 350
WT40 -0.70900 110.50000 165 80 458
WT41 -0.41800 110.46600 228 10 397
WT42 -3.04300 137.62000 251 140 549
WT43 -0.53500 110.69900 313 40 427
WT44 -0.16500 111.33200 137 140 397
WT45 0.40200 110.74900 205 150 400
WT46 -1.37900 133.59300 3784 60 370
WT47 -4.02600 136.21000 5825 150 488
WT48 -4.00400 135.78600 4805 120 458
WT49 -3.74800 138.08300 7547 160 458
WT50 -1.40700 133.92700 6542 80 580
WT51 -3.27300 137.55500 284 90 590
WT53 -0.67500 111.52500 353 150 425
WT54 -2.96600 139.56800 895 180 366
WT55 -2.32900 138.74800 258 160 386
WT56 -2.81400 129.48200 528 50 793
WT57 -1.87700 124.71200 145 90 641
WT58 -3.99300 139.49000 2321 110 427
WT59 -4.21800 139.39200 6279 60 397
WT60 -2.05200 138.58500 102 30 550
WT61 -4.54500 138.55200 760 170 396
WT62 -5.49600 139.97700 214 130 488
WT63 -4.25100 139.41500 7004 50 488
WT64 -3.18400 132.64100 308 30 488
WT65 -4.31800 139.09900 6675 20 397
WT66 -4.30800 138.74800 9636 90 488
WT67 -3.96500 138.81400 5483 120 641
WT68 -3.84900 138.85800 5860 130 558
WT69 -3.94900 138.88400 5418 10 671
WT70 -3.65100 138.55700 5255 100 500
WT71 -5.42000 139.81700 145 110 500
WT72 -5.60600 138.46400 20 20 763
WT73 -4.53900 140.56300 4469 110 581
WT74 -4.22800 138.39600 5500 260 427
WT75 -4.24700 139.17000 8214 90 475
WT76 -2.86700 140.19500 1150 110 260
WT77 -1.10700 133.92400 4152 230 279
WT79 -0.20600 115.75800 318 30 885
WT80 -3.69700 138.93600 2800 20 541
WT81 -1.12900 113.87300 100 50 751
WT82 -7.53800 139.10700 7 130 1059
WT83 3.79600 115.70600 3000 10 453
WT84 4.61700 95.61800 23 130 801
WT85 -8.27000 124.21600 82 20 702
WT86 -3.67500 136.56700 5150 260 404
WT87 -0.37000 132.19700 35 180 319
WT88 -3.65400 138.42500 5265 10 556
WT89 -3.70900 136.74100 6670 240 417
WT90 -4.05200 138.79400 6215 90 488
WT91 -3.50100 138.36100 3246 220 478
WT92 -3.57000 138.43500 5659 10 405
WT93 -0.55500 133.15600 24 130 433
WT94 -3.18200 136.91000 420 180 612
WV01 38.13100 -81.05500 1665 70 458
WV06 39.28200 -78.73900 1960 20 808
WV08 38.21500 -81.53100 600 140 549
WV09 37.55800 -81.35400 2220 90 580
WV10 37.40400 -80.80800 1590 180 610
WV11 37.56600 -81.62100 1802 70 381
WV12 38.33700 -81.73400 880 150 610
WV15 39.48300 -78.93000 700 90 702
WV17 39.39100 -78.15600 510 10 610
WV18 39.41000 -79.01500 1050 150 519
WV19 39.44800 -79.69000 1860 180 641
WV28 39.32300 -80.39800 1200 40 401
WV29 39.57900 -79.65500 2000 80 854
WV30 38.69100 -81.95700 563 30 946
WV32 38.08600 -81.06800 1720 40 900
WV47 39.13600 -80.21700 1350 100 1185
WV52 38.43300 -79.83100 2710 120 1065
WV53 39.37100 -79.89500 1790 70 427
WV57 39.46100 -79.54300 2757 10 549
WV61 39.46800 -78.23600 960 30 305
WV62 39.05300 -79.43600 3210 60 914
WV63 37.84900 -80.73600 2450 90 519
WV65 39.44800 -80.01400 1704 60 580
WV67 39.39300 -78.68100 1590 40 549
WW01 -3.94100 138.61700 6611 180 636
WW02 -3.58800 138.39500 4718 110 549
WW03 -4.30700 138.24600 3270 180 366
WW04 0.49800 111.13200 111 30 397
WW05 -4.52800 138.44000 842 90 458
WW06 -1.84700 133.15800 469 180 750
WW07 -4.23800 138.46600 6828 70 427
WW08 0.46600 109.35200 80 10 430
WW09 3.77600 116.73800 75 150 670
WW10 -1.13200 133.86600 4428 250 408
WW11 -1.38200 133.17300 2020 20 397
WW13 -1.62600 132.95400 205 170 593
WW14 -6.19600 139.00700 28 150 610
WW15 -4.06700 135.78800 4624 70 470
WW16 -1.38700 132.99900 1850 250 449
WW17 0.74800 117.57400 14 90 793
WW18 -2.03600 138.55100 144 170 397
WW19 -3.21900 138.98300 187 20 519
WW20 -2.03500 138.61600 141 20 450
WW21 -7.30500 140.55900 66 80 701
WW22 -4.36500 139.83400 5188 60 417
WW23 0.80900 113.11300 171 130 480
WW24 0.23100 111.65100 81 180 488
WW26 -0.43100 112.32800 262 220 401
WW27 1.01600 112.71400 110 10 458
WW28 -0.49200 111.76800 572 110 440
WW29 0.62900 113.17600 231 120 488
WW30 0.64800 111.44900 328 30 458
WW31 -1.49300 133.99600 2845 60 397
WW32 -3.58500 139.83600 357 20 397
WW33 -3.29000 137.83100 320 30 488
WW34 -4.36300 139.30000 6883 120 440
WW35 -4.11900 139.64400 5731 60 397
WW36 -2.76500 137.76600 1768 160 379
WW37 -4.34100 140.26900 4673 180 366
WW38 -5.37000 140.70100 1234 20 488
WW39 -2.85200 137.98200 320 30 400
WW41 -3.81200 137.55600 6590 30 427
WW42 -4.58700 140.49800 6000 100 348
WW43 -4.75900 140.77800 5739 120 427
WW44 -4.74500 140.84800 4307 20 397
WW45 -4.37100 140.39200 3057 180 457
WW46 -2.12700 120.29300 3194 120 641
WW48 -2.85700 100.21000 512 90 732
WW49 -3.54000 139.78100 264 20 659
WW50 1.68800 109.29400 30 50 751
WW51 -4.13400 139.37400 4610 60 458
WW52 0.70400 111.52000 70 140 524
WW53 -2.91400 138.58800 158 180 488
WW54 0.76500 109.86500 483 40 488
WW55 -4.37800 139.08200 4376 210 397
WW56 -3.86000 139.09700 6353 80 610
WW57 -7.61800 112.84600 53 10 793
WW59 3.56300 115.75100 2920 120 641
WW60 0.11600 111.78200 208 50 410
WW61 -4.32400 139.02400 5354 90 549
WW62 -3.16600 138.80700 183 180 410
WW63 0.11500 111.03200 91 30 397
WW65 -3.90400 138.76200 5588 40 641
WW66 -3.98500 138.52900 7140 60 732
WW67 -3.80100 138.58400 7049 90 458
WW68 -3.75000 136.84400 6450 140 504
WW69 -4.21900 139.03200 5424 90 458
WW70 -4.18800 139.34000 6321 90 468
WW71 -4.31900 139.86700 5297 120 600
WW72 3.52100 116.54600 62 120 600
WW75 2.25800 99.69200 287 90 732
WW76 2.31500 99.82500 60 90 580
WW77 0.74900 116.61500 86 70 458
WW78 -1.49900 110.67700 222 130 600
WW79 0.97300 111.10100 125 50 425
WW80 0.76800 111.58200 164 140 397
WW81 -0.30100 99.81600 3 170 750
WW82 -1.66100 136.10200 20 180 500
WW83 -3.23400 140.03200 766 60 397
WW84 -9.19800 124.34300 1 90 846
WW85 -9.21700 124.32100 48 70 500
WW86 -6.28500 138.43300 56 20 397
WW88 -4.83500 139.71400 502 170 458
WW89 -4.76400 140.50400 6742 150 397
WW90 -7.05300 115.65500 9 130 824
WW91 0.37800 109.48900 180 10 500
WW92 0.43100 109.67000 273 180 400
WW93 -4.55300 139.73300 6482 20 488
WW94 -6.17200 120.43500 12 160 885
WW95 0.11800 110.88300 109 180 397
WW96 0.10200 112.00200 238 150 397
WW98 -0.95400 117.15600 67 30 735
WWLD -32.88300 151.65800 20 30 755
WX01 -6.06500 139.26600 50 20 447
WX02 -4.29500 140.63900 820 20 511
WX03 -4.33100 137.83300 2782 180 549
WX04 -4.26000 137.89400 3305 30 366
WX05 -1.27600 132.19200 990 10 500
WX06 -5.60900 139.61900 47 130 580
WX07 -4.66900 140.57300 6330 160 580
WX08 -3.63000 140.96100 2198 170 488
WX09 -0.33200 111.11600 238 170 375
WX10 -4.20000 139.43500 4850 90 488
WX11 0.53700 109.73800 149 80 519
WX12 3.07500 115.83400 1637 160 335
WX13 -3.87900 139.31000 3100 170 628
WX14 -4.08300 135.53200 2965 120 366
WX15 -4.06500 135.55900 5200 50 397
WX16 -2.28800 139.62300 26 130 488
WX17 -5.49500 138.08100 18 60 638
WX18 -2.18300 138.43300 298 40 385
WX19 -1.31400 132.66400 601 30 488
WX20 1.34100 109.91400 131 80 519
WX21 -2.71600 122.00200 16 130 500
WX22 -0.14900 111.14900 121 170 397
WX23 -0.56100 111.31800 508 80 397
WX24 -0.42200 111.21400 329 110 400
WX25 0.38500 111.42800 94 50 488
WX26 -2.98200 137.78400 256 70 427
WX27 -3.96000 139.89900 1522 80 427
WX28 1.03900 100.00200 341 160 702
WX29 -6.05700 138.38200 20 140 525
WX30 -2.12100 139.25600 49 150 500
WX31 0.66900 116.83100 177 140 600
WX32 2.71600 117.12700 54 30 915
WX33 -0.24900 110.98200 409 140 360
WX34 -2.98400 140.91600 352 10 458
WX35 0.91600 113.50900 934 180 400
WX36 0.92200 109.91700 2364 40 427
WX37 -3.81500 137.42500 6230 160 445
WX38 3.92300 115.83800 2605 60 480
WX39 -2.14700 121.28000 170 60 550
WX42 -4.48400 140.22000 4600 180 498
WX43 -4.72200 140.79200 5568 180 532
WX44 3.71600 115.85200 2550 70 397
WX45 5.20000 96.69700 61 80 600
WX46 3.73700 96.78900 3 150 766
WX47 -2.87800 137.76700 499 150 450
WX48 -4.69500 139.91200 4944 30 568
WX49 -3.95800 135.94100 4995 40 458
WX51 -4.39500 140.43500 3100 60 670
WX52 -2.70500 139.90200 1749 180 488
WX53 -3.62400 136.59400 6360 240 481
WX54 -2.33900 138.04900 314 180 390
WX55 -6.44900 140.59200 145 110 400
WX56 -6.18400 138.38500 36 20 549
WX58 -5.92600 138.62900 19 110 580
WX59 -3.30900 137.94300 277 20 637
WX60 -4.54700 139.43500 3635 80 427
WX61 -2.46900 138.01500 1243 30 625
WX62 -3.88100 138.66000 7034 50 795
WX63 0.59800 109.64100 186 120 450
WX64 0.25600 115.48200 123 110 550
WX65 2.00900 115.15100 1801 150 397
WX66 -3.17300 137.25100 559 100 732
WX67 -4.85500 139.48400 195 70 488
WX68 -3.02000 137.28300 339 180 458
WX69 -3.86500 138.55000 8364 170 400
WX70 -3.98100 136.04800 5527 120 580
WX71 -3.26200 138.14600 277 100 488
WX72 -0.86500 122.21400 183 120 580
WX73 -2.54000 140.46600 383 120 476
WX74 -4.07300 136.71300 4794 240 350
WX75 -3.95000 136.33600 5868 80 575
WX76 -4.45200 140.02300 5813 180 380
WX77 -4.22500 139.88000 3682 50 400
WX78 0.34900 100.83200 547 50 370
WX79 0.98000 110.02700 2154 80 427
WX80 -3.71200 136.01800 2300 160 375
WX82 -3.73800 138.74800 5247 70 549
WX83 -2.63100 138.10800 356 90 488
WX85 -0.80900 132.43100 1415 130 519
WX86 -3.06500 139.09900 238 180 488
WX87 -2.98800 133.49900 187 10 488
WX90 0.37100 110.07200 145 160 427
WX91 0.64200 116.62800 73 80 440
WX92 -4.64900 138.75200 198 180 427
WX93 0.46300 111.07100 101 160 427
WX94 -8.13800 114.61500 56 140 671
WX95 -2.70100 139.76400 1256 180 397
WX96 -4.58600 139.75000 8347 180 488
WX97 -3.04400 133.87700 68 40 397
WX98 -2.81300 138.11000 235 180 500
WX99 0.44900 111.38200 149 60 325
WXW0 -8.45300 126.98600 1360 20 1055
WXW1 1.93600 115.06900 1850 270 345
WXW2 3.71400 115.84900 2635 70 485
WXX0 -3.98200 139.40300 4508 220 346
WXX1 -3.30600 137.70200 1820 240 248
WXX2 -4.37600 140.69600 1117 20 603
WXX3 -4.49200 140.65600 3345 100 370
WXX4 -4.79600 140.69600 7452 120 393
WXX5 -4.29200 140.69000 1013 260 363
WXX6 -4.07500 140.66200 900 10 535
WXX7 -3.99400 137.91300 9209 100 651
WXX8 -3.71900 136.41200 5840 250 713
WXX9 -3.14700 137.43400 279 150 627
WXY0 -4.76600 138.98000 75 110 540
WXY1 -3.86900 137.46700 7750 250 500
WXY2 -1.82000 133.04800 81 100 723
WXY3 -3.61800 136.26500 2700 100 354
WXY4 -3.84600 139.20500 3770 180 406
WXY5 -3.16100 137.09800 380 220 394
WXY6 -4.02400 137.95200 9180 240 494
WXY7 -3.11500 137.19400 340 150 430
WXY8 -2.78200 137.31100 543 160 456
WXY9 -2.97200 137.22000 420 110 836
WXZ0 -1.75200 132.97800 289 170 682
WXZ1 -2.99600 140.03900 795 180 824
WXZ2 -3.11500 137.22800 423 240 314
WXZ3 -2.25700 137.01300 122 260 595
WXZ5 -1.83900 137.96600 40 260 417
WXZ6 -4.28400 134.97100 132 270 661
WXZ7 -3.29500 138.46300 234 20 397
WXZ8 -4.20200 137.22800 6850 100 555
WXZ9 -3.37700 138.00700 875 240 472
WY00 43.97000 -107.38800 4609 100 1538
WY01 43.39400 -105.55400 4800 50 667
WY02 43.19400 -104.94100 4400 130 793
WY05 41.21800 -104.59400 5838 80 1225
WY06 44.83900 -109.62300 6600 80 395
WY07 43.32200 -105.68000 5077 10 1193
WY09 43.50900 -104.88800 4190 140 982
WY11 41.16400 -106.56000 7880 140 1722
WY12 43.92300 -105.65800 4905 30 916
WY13 43.78700 -105.66700 4919 50 752
WY14 44.64000 -104.69300 3960 110 887
WY16 42.25800 -105.86500 7240 50 1216
WY17 42.01800 -106.43100 6530 50 758
WY18 43.56700 -106.01600 5020 30 1287
WY19 41.10600 -104.21500 5295 90 1463
WY22 43.94800 -105.93700 4500 30 610
WY23 44.07100 -106.26700 4331 10 610
WY25 42.29900 -104.94000 4490 120 717
WY27 42.58800 -105.54600 7560 80 902
WY28 41.82800 -104.51900 4564 90 868
WY29 41.61800 -104.79100 5550 60 1015
WY30 43.37900 -110.11600 8750 140 1139
WY31 43.41400 -110.77500 6075 140 590
WY33 42.81600 -110.29200 7470 70 2280
WY34 43.34400 -107.68900 5350 90 967
WY36 44.79000 -108.73900 4350 70 763
WY37 44.84300 -106.82600 3681 140 595
WY38 43.62100 -107.41000 5277 40 971
WY39 42.97600 -110.96800 6210 150 1546
WY44 41.25200 -105.07800 6870 70 1610
WY45 41.15800 -104.71100 6085 70 589
WY51 41.17800 -106.61600 7545 110 290
WY55 44.42200 -104.59800 4950 140 1015
WY58 43.76700 -105.29100 4915 60 788
WY59 41.93300 -105.09100 5110 70 923
WY60 42.86100 -110.90200 6440 40 987
WY61 42.86200 -107.49300 6960 50 1598
WY63 41.24900 -105.73200 7205 160 671
WY64 42.96000 -110.98300 6000 180 393
WY65 44.34900 -105.34600 4500 90 898
WY66 42.75500 -105.62500 5237 80 421
WZ01 -4.20000 138.98000 7390 30 549
WZ02 -1.22900 133.94600 6943 120 366
WZ03 -3.73500 137.11600 5050 250 440
WZ04 -3.73600 139.28300 2012 40 427
WZ05 -3.68300 140.23100 575 160 488
WZ06 -0.03100 110.11400 39 90 350
WZ07 -4.47900 139.27300 3610 130 470
WZ08 4.83500 97.91400 3 120 610
WZ09 -1.37300 133.37700 3878 180 519
WZ11 -4.00100 137.65100 7600 50 616
WZ12 -3.83600 138.92100 6500 100 549
WZ13 0.60300 111.16500 111 40 397
WZ14 -3.23600 137.33400 350 180 478
WZ15 -1.32600 133.91500 6413 40 641
WZ16 -0.88800 133.63600 2586 180 580
WZ17 -5.14000 140.71800 782 60 458
WZ18 -1.21500 133.79000 6089 180 427
WZ19 0.35500 110.34500 223 170 519
WZ20 -4.24600 137.59400 4299 130 427
WZ21 -4.85900 137.70100 50 20 565
WZ22 2.52600 117.39400 1601 30 700
WZ23 -3.96700 138.94900 5518 20 580
WZ24 -7.10800 140.12300 30 100 636
WZ25 -2.98700 138.10600 194 100 550
WZ27 -3.71700 137.65100 4878 220 488
WZ28 -3.66800 138.35900 4999 60 732
WZ29 -1.71700 119.88100 4135 80 500
WZ30 -3.47600 132.86400 15 60 1001
WZ31 -2.30300 138.03300 81 180 450
WZ32 -3.46800 140.36200 653 180 427
WZ33 -5.62800 140.23700 115 70 397
WZ34 -5.16500 140.38000 491 130 379
WZ36 0.59400 111.30200 138 20 427
WZ37 -2.01600 139.05500 63 110 549
WZ38 -4.04400 135.55800 5150 140 396
WZ39 0.24000 111.21400 75 240 522
WZ40 0.63500 110.40500 135 140 397
WZ41 -4.60100 138.38300 435 50 629
WZ42 0.09500 111.90700 149 130 427
WZ43 -4.71400 140.73800 5410 250 442
WZ44 -3.66700 139.06200 3155 270 818
WZ45 -3.80100 136.47500 5810 240 551
WZ46 -4.33500 139.81700 5111 50 366
WZ47 -3.02800 137.35800 290 220 396
WZ48 -4.47700 139.64900 5884 160 427
WZ49 -4.14200 139.52100 5214 30 427
WZ50 1.86600 100.11500 59 70 854
WZ51 1.73300 100.29500 374 70 610
WZ52 -5.80300 140.21400 65 110 760
WZ53 0.20100 111.76500 656 110 425
WZ54 -0.58500 110.47200 221 110 427
WZ55 4.34300 98.05900 45 90 702
WZ57 -2.74900 137.92100 341 90 488
WZ58 -4.68800 139.75400 5154 150 450
WZ59 -2.64200 138.41000 220 30 427
WZ60 -4.02700 138.20300 9244 70 702
WZ61 -2.47600 137.98700 1255 30 610
WZ62 0.60700 111.86100 117 90 450
WZ63 0.63300 111.83100 190 90 427
WZ64 -3.81900 139.24200 3340 160 433
WZ65 -4.67700 139.97400 6427 160 427
WZ66 4.87800 97.89700 3 30 610
WZ67 3.78100 115.63200 3366 30 549
WZ68 1.28300 128.69400 451 90 641
WZ69 -3.75900 134.10300 34 120 307
WZ70 1.02100 110.05000 1675 130 488
WZ71 2.93300 115.85200 1240 180 397
WZ72 3.08200 116.43200 352 40 397
WZ75 2.63300 116.70200 687 120 450
WZ77 2.23400 116.75900 224 180 400
WZ79 3.12400 116.46100 191 10 600
WZ80 3.60900 115.69900 2965 10 550
WZ81 1.42400 115.38900 1645 120 793
WZ82 0.83500 116.51700 132 180 400
WZ83 4.04400 116.12800 1509 80 340
WZ85 2.58900 115.79800 775 20 385
WZ86 3.59800 115.84000 2874 30 400
WZ87 0.80200 116.81500 330 140 450
WZ88 1.74900 115.71500 2739 50 360
WZ89 1.38200 115.70700 2015 20 427
WZ90 3.96700 115.76700 3060 60 314
WZ91 -4.21700 140.56000 838 160 499
WZ93 0.93800 109.46400 328 80 425
WZ94 4.30300 116.21400 670 40 486
WZ95 -3.66800 137.80600 4900 60 366
WZ96 -0.86400 111.66100 357 100 397
WZ97 -3.53100 139.23500 818 180 580
WZ98 -3.98900 135.85500 5270 40 450
WZ99 1.40300 115.32500 1745 110 641
X4IN 53.53500 -3.03300 15 70 386
X6AB 57.07400 -2.84400 459 50 523
X6FE 57.75900 -3.95600 25 110 1131
X6GI 55.65400 -5.76000 46 70 677
X6IN 57.31200 -2.65300 500 110 536
X6KF 57.59000 -4.46100 589 90 643
X6KT 55.87200 -3.40300 665 60 801
X6MU 56.51600 -5.91900 14 70 791
X9JR 55.87300 -5.92500 12 90 360
XA05 34.10200 -102.63100 3819 90 1204
XA08 28.17300 -99.09100 340 180 1468
XA64 28.96500 -99.38900 780 130 1159
XA66 28.07900 -99.29300 482 120 1524
XA89 28.21500 -100.02300 768 140 1620
XA93 28.62600 -99.65500 550 170 1437
XBAD 51.54700 -2.31200 495 70 1338
XBEL 21.36200 -157.72100 13 10 2440
XBID 52.13600 -1.85400 135 60 684
XBRE 53.80300 -0.92000 20 110 553
XBRO 57.25100 -5.83400 23 80 794
XCHA 55.70500 -2.38700 350 70 1364
XCHI 52.95000 -3.04700 448 170 407
XCUR 54.93000 -1.85300 800 60 1113
XDAV 50.64100 -4.63000 969 120 1738
XDBM 52.07500 11.62200 268 270 703
XDOR 57.86900 -4.03100 3 100 845
XHAN 52.29700 -2.47300 645 50 583
XHIN 52.02600 -1.21400 505 60 695
XIAB 51.40600 109.88200 2598 90 2502
XIAD 51.92100 113.10400 2283 110 2492
XIAG 50.39400 116.33000 2191 80 2543
XIAI 52.08300 113.42100 2129 150 2699
XIAS 51.01700 115.41100 2083 80 2493
XIAT 52.11000 113.49600 2329 90 957
XIID 50.67000 106.12500 1889 60 2494
XIIO 52.54700 104.45200 1482 70 763
XIUW 51.84800 107.72100 1689 80 2654
XLED 52.00000 -2.48000 250 70 836
XLIT 52.24000 -0.37300 225 70 1550
XMUL 55.02800 -6.59600 33 180 367
XPLO 57.33300 -5.67400 80 20 590
XPOK 53.93100 -0.79400 87 130 1096
XS01 30.45300 -98.88600 2060 180 610
XS03 30.48500 -98.28100 1140 80 763
XS05 29.60100 -98.17300 751 140 641
XS06 32.30100 -97.15100 665 150 671
XS07 28.95200 -96.06200 47 130 641
XS08 30.87400 -99.20100 1840 10 671
XS10 28.12300 -96.80200 10 50 1427
XS11 29.77900 -99.36400 1660 110 974
XS12 30.67700 -98.02200 1161 100 913
XS13 29.81900 -99.19900 1595 140 671
XS14 32.97700 -96.07000 487 180 1617
XS15 30.77200 -99.90500 2200 90 915
XS17 30.71400 -96.90200 460 170 1068
XS18 30.39000 -96.22500 198 170 1220
XS19 26.20800 -98.40300 115 140 610
XS20 30.15900 -99.30000 2058 160 1131
XS21 29.33400 -95.70700 100 130 763
XS22 30.20100 -99.67500 2136 10 644
XS23 30.13000 -99.47200 2200 160 793
XS24 29.83100 -97.10300 370 100 824
XS25 29.38700 -95.68300 70 170 580
XS27 30.04000 -94.39600 45 170 506
XS28 30.03000 -94.46300 42 170 671
XS29 29.99300 -94.42300 35 170 549
XS30 33.60800 -95.48200 484 170 641
XS31 33.70500 -96.83200 695 170 641
XS33 30.06400 -93.86800 10 110 793
XS34 30.07500 -101.43300 1975 50 915
XS35 28.74300 -96.21900 18 170 763
XS36 28.68900 -96.32500 15 180 805
XS39 29.53700 -95.26700 49 90 610
XS40 28.80300 -99.00400 666 130 915
XS42 28.93200 -99.08200 651 140 641
XS43 29.66400 -98.95700 1220 100 610
XS44 31.01500 -104.22200 4408 80 1916
XS46 28.43000 -96.44800 8 20 732
XS47 29.00300 -98.57300 447 140 610
XS48 31.28100 -94.98900 290 180 793
XS49 29.48900 -97.12600 400 70 824
XS50 27.38400 -98.31500 272 90 1072
XS51 27.40600 -98.14900 172 110 985
XS53 28.60000 -99.57300 532 150 976
XS56 26.44800 -97.79600 30 80 793
XS58 30.04700 -94.70600 70 170 671
XS59 28.28600 -97.21500 38 150 1420
XS60 33.32100 -96.90600 605 100 549
XS61 31.11000 -99.00600 1388 20 1281
XS62 29.63100 -99.73600 1586 70 1578
XS63 26.23100 -97.56000 30 180 549
XS64 26.25200 -97.56500 25 180 641
XS66 27.80700 -97.74300 83 160 671
XS67 27.95000 -96.99000 10 140 1530
XS68 30.25900 -96.33000 290 140 549
XS69 29.91000 -100.00100 1829 20 427
XS71 28.75400 -98.04500 385 170 1223
XS72 30.47900 -94.83600 85 20 1098
XS73 29.87500 -97.29500 520 100 1369
XS74 29.35400 -95.45300 50 140 991
XS75 30.46000 -98.49000 1470 170 1205
XS76 29.72600 -93.87200 6 140 555
XS77 29.46700 -94.63000 9 120 671
XS78 29.47700 -98.13800 576 130 671
XS79 29.26100 -98.45800 540 170 549
XS80 29.27000 -98.46900 520 140 778
XS86 29.26800 -98.92800 880 100 458
XS89 29.62100 -98.46000 971 80 763
XS90 29.76600 -97.78000 460 50 976
XS91 32.09100 -95.60000 580 170 978
XS92 33.14800 -97.71600 800 120 763
XS93 26.72100 -98.56300 420 120 1297
XS94 27.11900 -99.42400 360 170 1682
XS95 29.68000 -96.97200 365 150 702
XS96 29.52800 -97.87700 496 150 610
XS99 30.47300 -94.91600 80 110 793
XSAC 52.26400 -0.49400 250 130 1078
XSBY 52.82700 -0.72400 480 70 1801
XSTR 56.32500 -3.75200 120 100 659
XUBS 54.82400 32.00500 0 80 2507
XX00 64.54700 -160.79400 100 10 1631
XXLY 64.38200 -161.52900 0 10 314
YAAL -16.44400 130.87300 322 260 1254
YABA -34.94000 117.80400 233 50 1797
YABF -21.67300 145.26300 733 230 719
YABG -27.33500 147.26500 881 170 1099
YABI -17.60700 143.18100 547 90 1041
YABL -23.34800 134.72800 1866 130 1168
YABS -27.28300 120.38200 1673 10 2056
YABU -23.33700 133.16900 2067 130 897
YACD -24.27300 145.48500 989 210 1003
YACI -25.20600 148.66800 1129 170 970
YACS -31.42100 141.90200 617 140 1373
YADA -25.90000 144.56400 812 100 1367
YADD -31.80900 125.91600 400 70 1173
YADE -21.94500 148.27800 853 260 1235
YADG -35.28600 138.49100 108 30 879
YADH -23.40200 117.07800 773 130 1364
YADL -15.52600 123.15500 2 180 872
YADM -21.27900 146.98400 608 230 1310
YADN -25.02900 132.27000 1724 120 1374
YADO -25.40400 135.28800 553 130 1023
YADR -26.66100 150.19500 1002 10 410
YADS -26.54300 139.26500 104 10 1151
YADU -31.65000 150.03900 1725 150 819
YADY -35.99900 148.80300 3350 90 816
YAGD -18.51600 139.87900 90 20 1839
YAGN -12.14000 142.14600 157 140 1441
YAHD -23.37800 117.02000 773 100 1251
YAKG -27.94300 134.74100 466 130 1263
YALA -27.32600 133.62800 1076 180 1896
YALC -22.79800 134.39800 2002 130 1219
YALD -19.29100 136.07500 710 270 899
YALG -18.69700 138.52300 432 240 1115
YALH -24.70700 144.28900 759 120 816
YALM -24.26200 134.40200 1265 160 832
YALN -30.37400 142.61100 424 130 797
YALP -20.97900 137.83000 656 150 1266
YALR -22.64700 133.34500 2185 150 1133
YALT -35.37000 136.85900 284 110 520
YALX -19.06600 136.71400 778 140 920
YALY -22.49300 139.66300 738 180 1001
YAMB -27.63500 152.71200 87 40 3194
YAMC -22.95500 145.24400 760 40 1197
YAMJ -21.65000 135.22700 1286 140 1281
YAMK -30.43300 137.13700 250 150 1203
YAML -17.95600 139.75600 0 250 1243
YAMM -21.74400 135.24300 1299 10 1116
YAMN -32.53300 137.69300 158 170 981
YAMT -26.09200 131.19900 2279 140 1376
YAND -21.67400 140.98200 820 240 1178
YANG -23.14100 118.70100 2346 30 1696
YANJ -26.17700 130.21100 2188 100 1547
YANK -28.90000 136.17000 312 170 758
YANL -18.01800 135.53500 732 110 1492
YANN -21.83800 133.12400 5807 10 1466
YANO -24.73900 143.72300 653 120 1119
YANR -12.88100 131.68600 61 20 655
YANW -21.19300 136.44800 902 150 1252
YAOR -21.64600 139.19200 956 150 1135
YAPA -19.26700 121.50300 56 100 1843
YAPH -23.66000 146.58100 1255 10 1462
YAPK -13.08000 131.03100 392 130 1842
YAPO -38.78500 143.64100 0 130 585
YARA -37.30800 142.98500 1006 40 1238
YARC -13.44100 142.92800 348 10 1052
YARD -21.67200 136.67500 906 140 1249
YARG -16.64500 128.44600 522 20 2488
YARI -19.52100 141.35500 278 10 1229
YARK -30.40900 139.34400 797 210 818
YARM -30.53300 151.60900 3556 50 1730
YARN -24.08900 132.26700 2123 120 1075
YARP -22.28300 135.72400 1273 120 642
YARS -34.44300 137.88600 317 150 1043
YARY -26.69600 141.04200 334 160 1418
YASF -29.31800 151.05100 0 260 1119
YAST -24.61900 149.74900 397 20 1566
YATL -23.27600 136.34200 961 140 1159
YATN -17.25100 145.50900 2450 150 1387
YATP -34.35700 142.16900 180 180 703
YATU -24.04100 148.40200 673 240 1357
YATY -28.22800 119.01800 1578 80 993
YAUA -25.75600 146.58700 1337 140 1410
YAUB -25.94000 150.61000 973 160 993
YAUG -34.32400 115.15500 109 150 1125
YAUR -13.34800 141.71800 20 160 1271
YAUS -20.48700 137.76400 674 160 1280
YAUT -23.15100 145.19800 778 240 724
YAUV -15.68500 130.00800 72 170 1283
YAVD -20.03200 137.51800 794 150 1161
YAVE -38.03600 144.49100 32 170 1002
YAVM -36.56400 144.58600 449 20 813
YAVN -36.00300 146.74100 0 120 936
YAWT -24.19800 151.88900 30 140 1227
YAYE -25.17800 130.96700 1625 130 2598
YAYR -19.59500 147.31600 41 10 1462
YBAA -12.82400 132.81300 129 270 1394
YBAB -24.19000 149.82100 348 270 952
YBAD -30.95200 149.08400 990 30 1830
YBAF -27.57000 152.99700 62 40 1479
YBAH -15.25800 135.51000 26 40 1071
YBAK -35.33200 139.42900 42 10 819
YBAL -32.34300 123.61000 571 130 1536
YBAN -16.74600 125.90100 1330 220 1570
YBAR -23.57300 145.30000 877 10 1708
YBAS -23.80100 133.89300 1789 120 2437
YBAU -10.14800 142.17100 45 120 850
YBAW -20.49000 138.47100 808 150 1442
YBAY -13.14500 135.81400 79 110 864
YBBA -30.38800 150.59600 1672 160 1248
YBBC -20.95200 120.15900 704 30 1676
YBBE -27.33200 117.66600 1197 60 1497
YBBH -16.48400 139.28200 19 240 1264
YBBL -27.41300 115.83600 842 20 1080
YBBN -27.40300 153.11800 12 10 3597
YBBO -30.41200 135.47700 515 150 1114
YBBS -13.37600 131.49200 399 110 1136
YBBT -36.13600 143.71700 294 100 1118
YBCA -15.76600 130.04700 102 140 1090
YBCB -30.81700 117.86400 1120 140 1107
YBCF -23.32100 144.58600 697 120 824
YBCG -28.16400 153.50600 20 140 2342
YBCK -24.43500 145.42100 928 60 1689
YBCM -27.38800 152.46200 314 50 993
YBCR -13.05100 131.02400 361 130 1573
YBCS -16.86600 145.74400 10 120 3206
YBCV -26.40800 146.25800 1003 120 1527
YBCX -27.34300 153.42400 26 150 697
YBDD -24.81200 143.00600 484 20 581
YBDF -17.28000 127.46500 1749 10 1802
YBDG -36.73300 144.32900 705 50 1221
YBDI -40.32200 147.87900 41 90 499
YBDM -31.80300 148.16100 704 140 1314
YBDP -41.02200 147.41200 54 100 1051
YBDS -30.28300 134.53200 602 20 1642
YBDU -18.38000 129.44700 1217 240 1816
YBDV -25.88500 139.34100 157 30 1736
YBDX -22.86300 114.95800 295 270 1362
YBEA -20.30600 142.19900 440 150 409
YBEB -17.54300 128.29900 805 100 1258
YBEC -30.47000 117.88000 1300 180 1285
YBEE -30.19700 139.55300 381 10 1484
YBEF -37.44500 143.25100 1180 180 800
YBEG -19.65500 146.28600 1015 250 1708
YBEL -42.36900 147.02000 1189 90 500
YBEO -25.69700 140.73300 248 230 1111
YBES -14.58600 133.11300 489 10 1171
YBET -29.91600 149.78500 731 220 853
YBEV -32.12200 116.94700 747 80 1320
YBEW -31.91300 144.64700 546 10 934
YBEY -21.62300 144.17400 843 120 1271
YBFB -41.26000 144.88400 833 50 436
YBFM -33.75300 122.35600 332 270 1268
YBFT -37.49200 143.42600 1174 120 810
YBG1 -16.94700 122.49300 10 90 1030
YBGB -17.01700 122.64100 118 80 1160
YBGD -22.54100 117.26500 1856 80 1651
YBGE -33.82600 115.10100 380 20 509
YBGH -16.27800 135.71700 326 170 982
YBGI -31.15200 125.65000 528 70 1251
YBGO -20.14700 127.97200 1440 150 1728
YBGP -36.05000 146.71200 519 10 1109
YBGR -36.61900 143.94700 500 90 1133
YBGT -25.36100 143.78600 685 210 1158
YBGY -29.49700 150.19300 785 10 1020
YBHB -43.42000 146.16000 14 120 465
YBHI -32.00900 141.46100 958 50 2513
YBHK -21.25600 139.71500 1265 120 1072
YBHM -20.35100 148.94700 14 140 1765
YBIA -29.81300 150.52700 950 110 1406
YBIC -13.77700 136.19600 63 120 1265
YBID -34.30800 149.35900 2500 120 824
YBIE -24.34000 139.45600 300 140 1502
YBIG -15.63900 136.35500 11 250 818
YBII -16.71700 135.73800 254 10 1133
YBIK -29.91700 136.18900 393 150 1135
YBIL -19.56200 127.66300 997 100 1907
YBIN -25.52500 152.04200 388 220 966
YBIR -36.00000 142.91400 341 210 1044
YBIU -30.59500 116.77500 950 50 921
YBIY -12.81600 136.46800 52 100 816
YBIZ -14.73400 144.12000 63 10 1429
YBJP -13.21700 136.39000 42 110 1186
YBJW -27.68100 121.61600 1458 90 1317
YBKA -22.64700 150.08500 75 270 917
YBKD -17.03200 143.92200 682 140 741
YBKE -30.04200 145.95500 352 50 1828
YBKL -12.95800 136.59700 46 100 756
YBKM -22.38300 117.36400 1921 140 1673
YBKS -19.70000 135.81000 761 120 1340
YBKT -17.75500 139.53100 21 130 1376
YBKU -26.44000 150.51600 1103 10 1211
YBKW -19.21500 140.35500 265 10 1364
YBLA -36.55200 146.00700 569 80 1043
YBLB -26.81700 114.61100 444 170 1116
YBLC -30.53800 139.33300 474 230 1265
YBLD -31.82300 116.79400 558 100 1071
YBLG -28.97900 140.85600 313 160 1356
YBLH -27.01000 142.95800 497 140 1122
YBLI -30.32700 152.45700 4042 150 816
YBLL -28.05200 147.48100 603 230 126
YBLM -31.11600 138.72400 1972 40 1159
YBLN -33.69500 115.39800 55 30 1800
YBLP -19.19200 146.49300 116 10 1124
YBLS -30.45900 150.64600 1793 220 623
YBLT -37.50500 143.78700 1433 50 1381
YBLU -27.62300 120.59300 1552 10 2058
YBLV -31.79300 116.01600 77 60 670
YBLW -21.61600 146.63800 687 120 1125
YBMA -20.65500 139.48600 1121 160 2700
YBMD -15.87100 145.32600 57 120 1051
YBME -34.14100 147.32500 812 10 705
YBMI -28.72300 149.59600 613 10 298
YBMK -21.16300 149.17700 18 50 1986
YBMM -36.25500 144.62700 347 260 811
YBMR -34.25700 140.45700 104 20 266
YBMT -17.34800 146.01500 35 150 1540
YBMY -14.51800 132.87800 706 110 936
YBNA -28.83600 153.55200 6 60 1902
YBNC -28.49500 120.95400 1309 230 1413
YBND -26.50700 149.39700 1053 140 1048
YBNI -13.19500 136.22300 7 120 1103
YBNM -17.91800 136.89100 919 90 1324
YBNP -17.33800 145.56500 2549 130 403
YBNS -37.88300 147.56500 165 40 1096
YBNY -18.86900 134.48900 773 270 1285
YBOA -28.02100 152.67200 320 40 975
YBOB -31.20700 120.31400 1366 260 1004
YBOC -32.88400 138.36600 1500 170 1281
YBOE -22.26900 121.37800 1453 140 1483
YBOG -30.73400 150.03700 802 210 858
YBOI -9.23200 142.21500 10 90 721
YBOK -27.40800 151.73100 1335 50 1648
YBOL -28.61800 150.33900 733 270 382
YBOM -36.90500 149.18000 2297 100 844
YBON -31.29500 116.26600 1018 220 683
YBOO -31.34000 116.18000 939 90 1507
YBOP -33.89200 116.45000 820 170 1027
YBOR -36.26600 140.72200 265 130 1159
YBOS -18.11200 125.63600 381 250 1395
YBOT -27.27200 146.89500 875 240 1354
YBOU -22.90800 139.89800 542 140 1279
YBOV -31.64800 129.01000 315 90 1409
YBOY -27.75500 119.90100 1715 10 1083
YBPI -20.80000 149.27700 37 140 826
YBPK -42.16200 146.49400 2216 170 947
YBPN -20.49100 148.54400 82 60 2073
YBRA -36.96200 147.69500 2308 140 1287
YBRC -21.53800 133.86600 1722 120 1097
YBRD -15.34500 130.27400 93 120 1323
YBRE -12.08400 136.80700 27 120 827
YBRI -34.29200 140.61100 62 120 411
YBRJ -30.15400 148.97100 544 150 1355
YBRK -23.38200 150.46500 34 40 2635
YBRL -16.08100 136.30000 54 20 1302
YBRM -17.94600 122.21600 56 100 2537
YBRN -34.61900 143.57800 210 80 1189
YBRO -31.89000 118.10600 947 130 1174
YBRS -38.25900 144.42700 50 10 744
YBRT -31.96300 139.09900 985 120 510
YBRU -18.63100 135.93900 692 140 1618
YBRW -29.98100 146.81000 414 30 1389
YBRY -22.67200 119.15700 2002 100 1997
YBSG -12.61600 142.07600 145 120 3075
YBSN -16.64800 135.84400 215 130 727
YBSP -23.52400 133.85300 2398 120 1993
YBSS -37.74000 144.41900 520 10 1565
YBST -33.71700 147.50400 681 160 1498
YBSU -26.59400 153.09400 14 120 1803
YBTC -24.18200 142.88100 654 130 600
YBTD -23.35100 141.55600 378 210 945
YBTG -27.13200 153.36100 20 180 946
YBTH -33.40100 149.65100 2435 80 1708
YBTI -11.75900 130.61200 66 150 1475
YBTK -17.08300 139.56500 43 170 1017
YBTL -19.25800 146.76500 18 10 2448
YBTN -30.52400 132.67100 512 100 936
YBTP -19.42900 145.84600 1014 150 689
YBTR -23.59600 148.80700 657 180 1556
YBTU -18.70800 134.07400 1073 120 1835
YBTV -12.66000 142.67100 282 250 1149
YBUD -24.89700 152.31700 106 70 1536
YBUG -28.48300 119.74600 1438 170 1265
YBUH -22.07000 139.74700 833 10 1247
YBUL -30.18100 134.90600 531 110 1253
YBUN -33.38100 115.67300 52 70 1214
YBUO -28.52200 142.95700 336 10 1056
YBUR -12.30800 135.95800 93 130 813
YBUT -31.76300 149.42000 1388 110 980
YBUY -36.13200 149.13700 2584 100 1262
YBVA -34.08800 138.33600 160 130 1174
YBVE -16.51200 144.17900 591 100 946
YBVL -31.58300 150.17500 1405 10 950
YBVY -15.47300 129.76000 26 40 1570
YBWG -27.36600 121.02400 1645 90 2036
YBWI -20.60000 147.09500 533 10 1113
YBWM -16.88100 143.48000 466 140 893
YBWN -20.02300 148.20900 25 40 1343
YBWO -22.46200 144.99400 767 120 938
YBWP -12.67300 141.91600 63 120 1647
YBWR -17.38400 144.17400 1037 220 1198
YBWT -18.07200 138.27000 314 150 1334
YBWX -20.86900 115.40300 26 30 1904
YBXH -37.84600 141.72400 483 10 571
YBYA -25.51400 118.80200 1751 100 1333
YBYD -22.17000 119.92900 1650 90 1248
YBYI -43.23200 147.37800 50 130 657
YBYL -29.21200 152.61300 398 160 1499
YBYM -12.68700 136.62700 40 120 1203
YBYN -16.56800 145.15200 1169 130 1167
YBYO -27.22800 151.61100 1357 130 820
YBYR -30.65500 146.39000 525 120 1205
YBYS -16.72800 125.43800 1260 160 1157
YBYW -25.42000 145.61100 1259 90 1568
YCAB -27.07800 152.98000 79 60 1209
YCAC -17.60400 131.54600 636 130 1283
YCAE -41.97500 147.52900 708 180 1521
YCAG -32.28500 125.47300 287 40 1274
YCAH -31.77400 149.61000 1654 40 1064
YCAI -30.12100 120.56400 1610 260 1380
YCAJ -18.69200 125.88500 523 100 1803
YCAL -37.13400 144.15800 965 10 909
YCAM -21.89400 140.91300 833 10 1187
YCAN -12.35100 132.94600 45 10 1053
YCAR -24.88700 113.66400 13 40 1641
YCAS -28.88000 153.05600 85 100 1097
YCAW -34.82900 150.57600 164 130 695
YCBA -31.54200 145.78700 724 50 1518
YCBB -31.33500 149.27000 2117 10 1519
YCBC -30.33300 148.46600 466 130 1141
YCBE -19.47400 140.92600 226 160 1121
YCBG -42.82800 147.47100 66 80 1129
YCBL -17.98700 124.15400 186 260 1891
YCBN -40.39000 148.00900 152 30 1030
YCBP -29.04400 134.71400 739 40 1429
YCBR -29.51800 148.57800 500 40 1041
YCBS -30.94800 146.31100 578 140 1020
YCBT -31.52600 145.81300 773 10 723
YCBY -16.21100 145.43000 42 210 1698
YCCA -26.76800 150.61400 1028 30 1070
YCCF -16.68300 135.72900 256 160 1100
YCCK -20.63100 135.58600 1125 160 1369
YCCR -13.00400 131.12900 175 170 1084
YCCT -10.04900 143.06800 10 90 746
YCCY -20.66000 140.49900 616 60 1999
YCDB -31.05700 135.86300 520 150 776
YCDE -38.31900 143.05800 460 180 1048
YCDH -27.91200 134.06000 941 140 1324
YCDO -33.07000 147.21100 650 10 1372
YCDR -26.80500 153.10300 37 50 800
YCDS -25.25100 152.33100 157 100 971
YCDT -21.97300 138.60300 572 250 1243
YCDU -32.12800 133.69800 77 110 1737
YCDV -25.11000 146.82600 1774 100 1430
YCED -24.58000 150.19700 750 20 976
YCEE -33.71000 136.49900 589 80 1346
YCEL -23.09900 148.00500 827 10 1004
YCEM -37.73200 145.40900 301 170 805
YCES -38.15000 144.26200 1058 180 807
YCFD -17.02500 131.32500 420 40 1487
YCFE -21.71200 143.37800 853 100 1208
YCFH -27.01100 138.89700 98 40 1229
YCFL -14.96700 145.30800 46 130 1123
YCFN -27.92900 151.84400 1450 60 805
YCFS -30.33800 153.10700 18 30 2082
YCGA -27.93900 153.11800 202 150 716
YCGI -25.79100 122.94200 1500 110 1850
YCGL -24.68200 147.15300 1326 120 1093
YCGO -17.13300 144.52800 1110 170 990
YCGR -29.86600 133.57000 612 150 1486
YCHA -20.43300 143.84900 1159 250 797
YCHB -28.42900 152.08500 2199 110 856
YCHE -28.95200 119.56500 1502 260 1084
YCHI -13.28500 136.35300 101 140 778
YCHL -36.28600 143.33500 458 30 1140
YCHP -31.55200 115.65200 110 70 761
YCHQ -21.60500 147.60600 795 170 706
YCHS -19.64400 144.13900 2819 150 1810
YCHT -20.04800 146.26600 955 10 1740
YCHY -32.42800 150.07400 944 240 1380
YCIG -32.33800 117.82100 1116 220 1290
YCII -22.24000 150.29700 30 260 945
YCIL -15.49900 128.53000 48 120 1051
YCIN -17.57600 123.81500 300 110 3046
YCIP -18.56400 145.00000 1871 100 1475
YCJU -18.68500 144.75200 1678 260 714
YCKD -40.52100 148.11900 185 60 688
YCKI -11.15700 132.47700 49 130 1561
YCKN -15.44100 145.17600 26 110 1627
YCKY -32.04600 126.08400 290 230 1316
YCLE -37.23500 140.44200 125 10 1040
YCLH -19.81100 140.16300 417 170 1509
YCLI -26.33800 142.57800 480 220 858
YCLM -29.45100 148.72400 484 240 966
YCLO -33.60000 145.31600 354 110 1405
YCLQ -16.39700 122.92800 55 130 1271
YCLR -24.24900 145.22600 837 20 1097
YCLS -27.48100 151.38100 1177 270 889
YCLW -21.50100 130.95700 1614 250 1076
YCLY -34.79700 145.84800 390 10 1233
YCMA -24.22600 142.27000 551 10 1276
YCMC -23.34200 149.87300 191 240 1200
YCMD -31.23400 138.38100 373 250 819
YCMH -31.66300 152.73900 7 120 1017
YCMK -18.85900 145.47100 1458 70 1050
YCMM -34.25000 135.71200 207 270 1595
YCMT -22.76700 147.61700 908 10 1315
YCMU -28.02700 145.62000 630 60 1734
YCMW -19.91000 138.12100 1300 130 1246
YCNA -23.13300 143.43900 765 270 979
YCNF -21.66900 121.58700 992 120 1821
YCNG -36.82200 140.27400 77 10 1046
YCNH -29.68300 115.88600 903 150 922
YCNK -32.79000 151.33900 214 170 1100
YCNM -30.98600 148.36900 604 50 1527
YCNN -31.02400 123.15200 1148 130 1526
YCNO -35.32300 145.10300 304 240 1201
YCNP -13.14300 130.14200 95 160 2061
YCNQ -37.27400 140.81200 192 10 569
YCNR -37.50800 149.16800 361 20 734
YCNW -20.97000 147.39000 950 220 978
YCNY -18.75400 138.70500 416 140 1753
YCOB -33.06400 151.45000 98 60 1066
YCOD -26.74000 140.63600 240 150 1385
YCOE -13.76100 143.11200 532 110 1205
YCOF -34.58900 135.50900 20 220 1183
YCOG -20.68400 119.66100 266 240 637
YCOH -35.82300 144.21200 270 150 960
YCOI -33.35900 116.19600 779 100 1194
YCOL -36.60700 141.69500 531 270 1526
YCOM -36.29000 148.97500 3106 140 2123
YCOO -12.90300 132.52500 43 90 1548
YCOR -35.98300 146.34600 469 50 1825
YCOS -27.99100 122.90300 1663 10 1352
YCOT -19.52400 146.34100 1053 20 1272
YCOW -18.97100 140.52500 156 220 1266
YCOY -23.12300 113.78200 4 10 1251
YCPC -23.49300 151.23500 2 180 765
YCPD -11.30600 131.82900 103 150 1955
YCPH -27.95000 134.32900 748 160 1204
YCPI -26.63000 145.01100 870 20 1443
YCPN -18.71300 144.31000 1586 150 1314
YCPW -13.83700 141.48500 36 210 860
YCPX -12.58100 131.30900 46 10 1136
YCRA -30.46000 147.70400 435 250 1288
YCRB -31.89400 132.29400 24 110 436
YCRG -36.18500 147.87900 962 60 1396
YCRK -18.87400 125.92600 537 140 1866
YCRL -34.49900 149.45500 2942 100 1023
YCRN -41.15900 147.01300 345 140 614
YCRP -20.60000 140.24200 693 220 931
YCRS -24.23400 148.47200 741 110 851
YCRT -32.40000 138.51700 1386 160 1249
YCRY -18.21800 142.24700 350 90 1462
YCSA -23.65900 115.14400 685 220 1194
YCSB -26.08600 115.21400 656 260 1257
YCSC -27.34700 115.16900 850 100 1134
YCSD -21.44000 115.94400 153 140 1109
YCSE -22.46500 115.24500 186 130 1246
YCSF -24.83900 115.28300 537 130 1227
YCSI -21.25500 143.01300 770 130 1162
YCSK -66.28800 110.73800 1179 270 2000
YCSL -24.64600 148.47300 786 20 1537
YCSM -22.89500 144.58400 734 240 2854
YCSP -25.33000 131.75400 1617 120 1293
YCSV -20.60200 147.84700 591 60 1409
YCSW -19.42100 146.54100 1836 10 632
YCTC -22.81500 122.58000 1250 120 1266
YCTH -21.96700 140.30400 844 210 982
YCTI -16.09400 123.60800 365 120 894
YCTM -34.61700 148.03600 1110 100 1413
YCTN -37.60700 141.36100 503 160 1351
YCTP -13.95700 143.17700 651 260 1132
YCTS -20.14700 139.40600 1195 150 1042
YCTW -28.32400 122.39700 1570 250 1878
YCUA -33.27700 148.76300 1576 240 1417
YCUD -25.59500 141.50200 407 110 1604
YCUE -27.45800 117.91000 1453 220 2127
YCUM -23.57300 144.92200 924 130 663
YCUN -31.62700 117.21100 699 140 1850
YCUS -34.21100 135.63400 197 80 1320
YCUW -25.15300 141.35000 324 10 1352
YCVD -35.16100 148.21600 790 180 841
YCVG -34.69500 138.57900 46 20 694
YCVH -17.20400 137.35000 535 140 954
YCVK -23.31100 138.58500 489 150 1351
YCVM -31.83900 115.96900 87 50 1391
YCVS -30.48900 115.08700 10 160 943
YCWA -22.96800 118.80400 2300 90 2073
YCWC -12.65900 131.71100 31 10 988
YCWD -17.94700 135.90600 723 270 1642
YCWE -11.00300 136.75900 32 120 354
YCWG -16.79800 145.69000 44 100 324
YCWH -29.95200 134.15200 604 140 1230
YCWI -27.70400 138.32600 52 160 1757
YCWL -33.66300 136.88700 127 40 1598
YCWN -26.46500 143.37000 500 10 819
YCWO -37.83700 142.71800 630 10 753
YCWR -33.83900 148.64500 966 150 1635
YCWW -33.53600 148.66500 1073 10 1551
YCXA -25.97200 153.00300 34 170 988
YCXR -15.86500 134.55700 683 140 877
YCYE -19.89500 128.86600 1372 250 1455
YCYH -17.99600 124.71400 317 10 1866
YCYT -17.37600 144.45000 1405 170 1127
YCYV -14.06700 142.98300 650 100 1151
YDAG -17.94000 143.59000 1004 90 973
YDAJ -21.70000 139.52900 1095 110 1196
YDAL -34.56700 146.18300 460 90 1253
YDAR -42.57300 148.06800 60 50 556
YDAY -27.15400 151.25900 1137 40 1269
YDBG -20.25000 147.30000 209 160 655
YDBI -28.59200 148.21600 567 10 1223
YDBR -16.04700 142.38900 164 90 1061
YDBY -17.36900 123.65300 24 50 1735
YDDF -16.05400 143.00900 305 240 1094
YDDP -27.32400 147.01200 818 20 1224
YDDY -13.85500 131.20400 152 10 2137
YDEA -13.66800 134.28700 471 270 1002
YDEG -37.06700 148.94000 2543 10 941
YDEK -34.94500 117.39100 230 100 1040
YDEL -41.51700 146.63200 927 140 554
YDEN -32.37300 150.61300 402 130 1297
YDEV -21.21400 140.23200 920 10 898
YDGA -27.82800 117.30900 1454 110 1670
YDGI -28.13800 140.87800 292 10 1517
YDGN -15.38800 126.29800 1276 240 1246
YDGR -27.79600 116.99000 1422 210 1200
YDGT -25.27800 116.20000 965 270 835
YDGY -20.18300 119.19900 55 130 818
YDHA -12.54700 136.73900 8 10 226
YDHI -12.25000 135.09300 64 110 828
YDHJ -12.88800 135.46200 329 270 1047
YDHP -13.05300 136.16600 49 100 1127
YDII -12.62800 130.36800 20 150 1317
YDIM -17.12500 145.09300 1551 140 934
YDIX -15.11900 143.31000 574 250 987
YDKI -17.93600 146.13900 20 140 773
YDLC -26.64200 149.72500 1059 80 1139
YDLD -22.45700 134.88100 1637 120 1313
YDLG -24.88000 147.78800 2525 150 900
YDLH -26.42800 135.50600 381 30 1294
YDLK -29.00800 138.48100 112 90 1368
YDLL -36.84800 143.69500 718 100 1000
YDLO -27.86800 121.26400 1472 130 2001
YDLQ -35.56100 144.94000 316 60 1217
YDLT -16.99200 141.31600 50 90 1188
YDLV -12.54700 130.68300 112 120 1193
YDLW -16.25700 133.37700 692 130 2139
YDME -30.40100 119.82300 1652 270 1197
YDMF -29.67100 119.29100 1449 10 1174
YDMG -17.93300 138.80800 153 120 1656
YDMN -13.74700 130.68900 47 120 1137
YDMR -15.62200 131.64100 732 80 1721
YDNA -42.76300 146.55600 935 90 715
YDNB -22.06200 146.23600 838 20 1422
YDNI -9.57800 143.77700 220 100 469
YDNK -32.88200 143.57700 272 260 1357
YDNV -28.08700 144.36500 498 10 1129
YDOC -32.65400 151.20800 185 180 980
YDOD -36.36000 143.00500 409 90 1163
YDON -31.17200 117.04200 1021 60 1079
YDOO -18.71300 140.55100 123 30 1246
YDOP -19.60000 146.83800 250 110 1076
YDOR -16.54800 141.81900 90 140 1598
YDOT -19.62500 146.29200 966 210 1153
YDPD -24.14900 141.10900 312 30 946
YDPO -41.17000 146.41900 33 60 1833
YDPR -22.61400 135.19600 1575 120 731
YDPT -31.57400 125.18500 488 150 1232
YDPW -24.29900 134.13800 1444 70 938
YDRA -29.29200 114.92700 23 170 1257
YDRC -25.26700 115.86700 801 110 900
YDRD -15.71800 126.37600 1204 50 1423
YDRE -22.90300 143.97700 731 240 644
YDRG -23.74600 149.66100 452 20 2038
YDRH -27.07800 141.89700 380 70 1069
YDRI -25.68800 140.22300 190 170 1189
YDRL -26.43300 133.26000 1355 170 1332
YDRV -18.78100 144.69000 1674 210 1087
YDTY -17.50600 145.41300 3222 140 1015
YDUK -27.98100 122.28600 1581 240 2057
YDUM -33.32300 117.73900 891 270 963
YDUN -27.51500 153.42600 250 150 869
YDUP -12.66800 135.37100 231 270 796
YDVE -32.27500 116.53300 991 150 990
YDVR -24.85900 129.11400 1942 90 1543
YDWF -15.74700 131.91300 730 90 1197
YDWG -32.69700 116.07000 912 40 1327
YDWP -16.69500 123.07200 16 130 533
YDWU -30.19400 116.65000 1076 140 1302
YDYD -22.07000 135.33600 1332 130 1520
YDYS -22.61700 148.35900 670 140 1553
YEBV -33.89100 115.03800 321 160 779
YECH -36.15800 144.75900 323 170 1103
YECL -31.70800 128.86600 26 120 1370
YECT -31.69600 128.82100 16 80 1249
YEDA -28.73500 138.58800 43 90 1279
YEDE -37.02400 141.26600 518 10 1003
YEDM -23.77400 116.09400 1110 140 2029
YEEB -29.83800 115.24200 268 210 1415
YEES -32.59900 151.33800 115 100 685
YEGA -29.31400 145.85200 457 230 1206
YEGF -21.48300 147.69300 860 210 963
YEGS -22.00200 146.91500 670 10 535
YEIN -18.51000 144.09400 1489 170 1345
YELA -17.92100 124.82400 441 110 1127
YELC -25.30000 153.22100 4 10 425
YELD -12.01800 135.56800 101 100 1436
YELE -26.36500 118.03500 1422 80 1203
YELI -17.55900 124.83100 362 120 1363
YELK -21.16800 135.44000 1188 130 1267
YELL -17.52100 133.52600 722 140 1416
YELM -36.49500 144.64000 436 20 1038
YELN -33.64500 134.89900 20 180 1344
YELR -15.11700 145.08800 117 10 1753
YEMC -20.93500 120.08000 641 250 809
YEMG -26.71200 143.26100 545 100 1575
YEMJ -28.63300 132.20300 841 10 1672
YEML -23.57200 148.17100 623 60 1896
YEMM -27.98200 120.50200 1681 150 1508
YEMP -23.25200 150.81400 44 170 869
YEMU -13.15400 134.84700 210 210 1012
YEPA -28.73100 140.04000 95 180 1071
YEPB -29.56200 139.93700 20 130 1237
YEPC -30.35200 139.65600 148 260 1209
YEPD -31.18500 139.38000 195 10 1054
YEPE -31.97600 139.20800 677 10 1210
YEPL -28.30400 141.22700 395 220 970
YEPR -20.44200 135.24900 1020 170 1446
YEQO -15.99500 127.97000 331 140 1359
YERA -25.50200 117.17100 1435 100 876
YERH -25.61300 121.57700 1693 10 1372
YERI -35.06700 147.68200 652 240 1162
YERL -25.20600 133.24800 1378 90 1310
YERN -26.26800 132.17100 2319 50 1294
YERO -25.55500 116.65700 1305 150 1152
YERS -20.58100 141.08400 403 10 907
YERU -31.42900 139.42800 235 140 1234
YERY -29.96500 146.43400 378 120 812
YESC -17.72100 139.41500 50 170 1225
YESD -25.35600 151.10700 880 160 1192
YESE -20.96600 140.99800 642 140 2382
YESN -31.83100 151.30600 1691 10 876
YESP -33.68000 121.81600 470 30 1497
YEUA -36.74800 145.51000 583 140 1166
YEUD -24.44200 115.60300 771 10 732
YEUG -25.51600 153.12500 5 20 925
YEUK -19.87000 141.48200 328 160 984
YEUL -26.62100 148.22800 1206 250 1591
YEUO -28.17300 145.03600 500 40 1495
YEVA -17.99700 134.86200 705 160 860
YEVD -29.09400 153.42000 20 180 1153
YEVM -23.03800 143.71100 687 10 907
YEVP -27.03700 132.68100 1588 110 1584
YEVV -14.26400 132.82600 754 110 1182
YEWO -30.23500 147.51400 423 10 1036
YEXM -22.04800 114.10000 2 20 1649
YEYD -28.20400 134.48800 604 70 1642
YFBS -33.36200 147.92100 760 90 1262
YFCN -20.48700 140.57800 539 10 1391
YFCU -21.28700 116.12900 159 130 962
YFDF -22.29000 119.43400 1565 120 720
YFDN -35.01500 147.37200 710 20 632
YFFT -33.84400 138.77500 1342 150 718
YFIL -35.66100 145.55800 375 60 903
YFLI -40.09400 147.99300 33 50 1787
YFLO -18.29800 128.45000 1215 260 1399
YFLR -14.45600 131.68700 227 20 698
YFLS -33.73300 134.50000 41 10 1014
YFLT -15.77600 144.05400 614 170 931
YFMA -41.58600 147.97200 800 90 699
YFNE -25.59000 134.58100 915 150 1090
YFON -42.35500 147.59400 1260 180 972
YFOR -25.33800 118.37100 1667 260 1458
YFOS -18.15000 125.78300 413 120 1122
YFRD -31.22000 139.77900 139 10 621
YFRG -26.78000 132.01800 1732 170 1295
YFRH -27.60800 152.37000 333 210 730
YFRI -41.99800 148.25200 79 110 1036
YFRK -34.42400 117.01700 800 60 1735
YFRS -25.93600 147.86700 1318 10 878
YFRT -30.83300 128.11300 510 180 1523
YFRV -15.16100 127.83700 20 140 1207
YFSA -18.58600 143.56100 1378 270 1202
YFSK -37.67700 144.21600 1462 90 808
YFSR -13.56100 132.63000 294 130 1078
YFTA -32.57600 119.70300 1358 140 1687
YFTC -21.56500 148.44600 755 240 820
YFTN -29.91000 139.47500 810 10 1203
YFTZ -18.18900 125.55800 368 10 1308
YFWD -22.29200 145.79800 950 220 1135
YFWY -13.98200 127.17400 382 260 980
YGAD -32.24200 115.68300 7 50 451
YGAI -12.31700 134.69900 122 100 1282
YGAM -16.54500 143.66300 435 260 1241
YGAN -13.04400 135.94100 77 120 1271
YGAR -23.79500 113.52800 26 170 860
YGAS -27.59300 152.25600 460 20 899
YGAT -27.56000 152.34400 320 90 759
YGAW -34.60200 138.71500 165 130 1215
YGAY -25.61800 151.61500 368 60 1265
YGBI -11.64900 133.36800 62 100 1505
YGBO -37.56700 149.90800 93 250 616
YGBS -19.21600 143.66100 1906 20 1294
YGBW -35.96300 144.37800 287 140 795
YGCR -32.05000 151.97600 383 170 668
YGDA -29.07000 147.38100 459 120 1015
YGDD -21.33300 148.08800 1086 240 1093
YGDH -30.95400 150.24100 863 10 1648
YGDI -28.52700 150.31600 714 40 1339
YGDL -30.29600 121.77800 1267 100 1236
YGDN -18.68800 128.58900 1139 10 1664
YGDO -35.05500 149.25500 1895 90 1101
YGDR -23.29100 134.43800 2185 140 1077
YGDS -18.62200 139.23200 170 170 1347
YGDT -33.28800 138.32300 705 20 551
YGDV -20.25100 142.43600 642 240 825
YGEE -14.20700 127.35000 383 120 1235
YGEI -36.38000 148.18000 1389 150 415
YGEL -28.78800 114.70200 121 30 1986
YGFN -29.74700 153.03200 110 180 1712
YGGE -28.76100 116.96500 1185 120 1400
YGGG -32.29800 149.55500 1443 270 1489
YGGI -34.00000 145.71300 374 210 1147
YGGL -14.85000 143.27000 645 110 1472
YGGO -31.31500 150.91200 1496 120 931
YGGR -30.04300 121.13800 1244 270 1082
YGGS -19.71000 144.36400 2525 260 1511
YGHG -18.25200 145.12500 2155 10 853
YGIB -16.42000 126.44000 1669 70 1262
YGID -27.27400 119.39100 1714 240 1878
YGIF -24.04400 116.21400 1056 130 905
YGIG -31.46700 115.85300 249 80 1913
YGIL -31.69100 148.63400 1050 80 1217
YGIR -22.68300 114.36900 70 10 1135
YGKL -23.18200 150.93800 85 120 848
YGLA -23.86700 151.21700 64 100 1631
YGLB -34.81300 149.72100 2141 40 1279
YGLC -31.62100 148.19300 733 130 1213
YGLD -30.97800 135.77600 512 160 1064
YGLE -24.80500 139.60000 277 150 1406
YGLG -38.22800 144.33300 118 10 963
YGLI -29.67300 151.68000 3433 100 1793
YGLN -32.25800 138.64100 1605 130 886
YGLO -22.89000 138.81800 519 160 1355
YGLR -17.31100 126.06900 874 130 1809
YGLS -25.03600 128.28700 1904 150 1751
YGLX -43.22900 146.99700 664 120 597
YGMD -12.09600 133.67600 67 260 846
YGMG -12.05400 134.75900 97 110 993
YGMP -37.05100 142.26400 743 240 1256
YGMW -12.64700 134.06800 251 270 1174
YGNA -20.08500 140.35900 479 20 1776
YGNF -33.99800 148.13800 1114 10 626
YGNV -18.99300 145.01000 1473 130 1107
YGNW -33.97500 118.00700 907 120 1410
YGOM -31.36200 116.88700 825 60 437
YGON -19.77300 139.39900 878 270 1162
YGOR -15.48100 133.17300 640 120 1880
YGPA -13.46900 132.26600 349 140 891
YGPE -22.61700 149.94500 30 20 1413
YGPI -23.29100 119.14000 2397 260 1744
YGPT -11.40400 130.42200 89 40 1266
YGRK -12.14500 135.56000 48 130 745
YGRL -37.84200 147.99700 260 80 1176
YGRN -22.93500 149.34000 341 120 1113
YGRP -25.67100 121.36200 1748 160 1954
YGRS -28.75500 122.43400 1451 150 2023
YGRT -36.84700 144.93200 481 240 1022
YGRU -18.08300 145.40300 2115 210 1280
YGSC -25.05100 115.19800 489 130 1199
YGTA -12.76000 136.56700 50 130 657
YGTE -13.97100 136.45000 52 100 1902
YGTH -34.25600 146.05400 439 60 1501
YGTJ -12.25000 133.80100 337 110 908
YGTN -18.30500 143.52600 995 60 1161
YGTO -41.08000 146.83300 131 60 1005
YGUB -12.32600 133.98900 113 270 942
YGUL -28.64600 116.30500 1034 150 1045
YGUM -12.59200 136.22500 50 100 841
YGUW -17.94700 145.16400 2027 150 917
YGWA -35.48500 138.74300 104 10 1154
YGWD -25.18100 142.68900 434 150 1388
YGYM -26.28500 152.69900 260 30 1394
YHAA -23.44800 131.84600 2269 120 1439
YHAB -20.10100 148.44400 36 150 547
YHAC -13.57500 131.41600 364 130 2376
YHAE -34.56300 148.38800 1432 260 963
YHAF -34.95500 147.53100 885 270 1666
YHAG -31.00700 126.07000 579 260 1400
YHAW -31.86000 138.46800 1052 180 1224
YHAY -34.53700 144.82400 305 40 1459
YHAZ -27.05100 153.05100 20 180 846
YHBA -25.31600 152.87100 60 110 1999
YHBD -23.03400 139.23600 439 160 809
YHBK -35.68300 147.31800 875 40 794
YHBR -16.48900 130.62500 396 270 1237
YHBY -24.58200 133.23100 1401 110 1074
YHCS -18.95400 138.06300 810 10 1100
YHDD -15.21900 134.06800 213 270 1033
YHDY -21.30900 138.29500 609 170 1763
YHEC -27.76600 153.33400 10 100 717
YHEG -17.45500 138.34300 251 270 1454
YHEL -15.68500 145.20900 460 100 1559
YHEW -23.22700 150.59600 114 170 1181
YHEY -41.10100 145.98100 539 90 449
YHFD -16.73300 133.50100 769 130 1265
YHGR -24.44200 133.70100 1457 130 1442
YHGS -30.71700 129.51500 465 170 1241
YHHY -16.42200 143.14100 323 110 1069
YHID -10.58100 142.28900 43 80 1391
YHIL -21.71900 119.43600 957 80 1660
YHIV -16.54500 132.90300 865 110 1101
YHKI -11.98200 143.26500 49 100 719
YHKT -22.93600 135.44400 1440 140 1346
YHLC -18.24100 127.66100 1346 40 1477
YHLD -20.50200 140.23800 681 250 1063
YHLM -33.27000 116.81600 847 30 1446
YHLN -18.43700 133.87800 963 160 1024
YHLS -33.49600 145.51700 403 60 1303
YHMB -23.92400 132.80300 1945 110 1254
YHMD -21.40300 142.40000 605 170 712
YHML -37.64100 142.06200 802 100 1410
YHMT -26.72200 135.07100 568 30 1129
YHMY -22.28200 117.66500 1952 250 1294
YHOA -12.09400 135.36000 34 110 820
YHOL -14.16100 142.67400 475 250 1590
YHON -31.76000 140.66300 419 10 1434
YHOO -18.33300 130.63500 1037 100 1685
YHOT -37.04500 147.32800 4260 110 1459
YHPE -33.89700 120.16100 70 10 1234
YHPN -35.72100 142.35800 256 20 1198
YHPV -15.29100 145.09900 208 100 1006
YHRD -28.99600 144.44700 600 90 1108
YHSC -13.76700 135.79800 46 270 1441
YHSL -25.34200 118.61600 1667 110 1659
YHSM -36.66900 142.17100 445 80 1319
YHTA -32.13600 135.11000 623 60 1763
YHTF -35.17100 138.49100 8 10 887
YHTL -11.73500 142.57100 418 100 1499
YHTN -17.42600 145.39600 2983 150 849
YHTR -40.52400 144.74100 100 90 566
YHTS -22.98400 134.91700 2001 140 1389
YHUG -20.80800 144.21900 1043 120 1644
YHVH -20.69800 146.64400 613 150 1392
YICE -40.86300 148.14100 108 90 1217
YIDK -26.96200 133.31500 1316 110 1356
YIDR -25.06000 133.73400 1188 90 971
YIFF -22.23200 148.42900 574 130 1145
YIFL -17.55400 146.00700 46 140 1471
YIFY -18.89600 141.20800 140 120 681
YIGM -18.66800 146.13900 49 50 1531
YIGR -29.62400 134.78500 509 90 1092
YIKL -22.75300 136.16100 1160 170 1488
YIKM -16.22900 141.42900 20 100 1084
YILA -36.46100 146.43100 500 20 1002
YILF -23.50000 144.51400 680 110 1018
YILW -28.41800 151.09100 933 260 1038
YIMA -25.13500 132.56600 1663 140 932
YIMB -33.09900 136.46100 764 30 1576
YIMP -25.15900 133.57200 1280 50 1794
YIMT -27.74100 140.74500 268 100 1008
YIMY -15.46300 143.28300 451 170 741
YING -25.00000 148.32800 1067 230 1228
YINJ -25.84600 148.54600 1317 140 1199
YINN -27.69800 140.73300 178 20 1405
YINO -29.77400 151.17100 2282 90 1019
YINV -18.00800 140.52700 75 140 2200
YINW -17.83700 129.63900 1342 130 1403
YISD -24.21300 144.62100 724 120 1014
YISF -24.25400 144.42100 694 140 1371
YISV -15.37800 131.26700 741 100 1229
YITT -36.51100 147.35900 820 140 936
YIVL -29.87900 151.14300 2666 40 2091
YIVO -32.88100 144.31000 330 160 1248
YJAB -12.65800 132.88800 84 90 1523
YJAK -27.63700 142.40400 351 170 1948
YJAM -25.86800 127.67800 1768 20 1696
YJBO -37.85700 146.91400 317 150 706
YJBR -26.96000 151.23200 1240 160 806
YJBY -35.14200 150.69500 200 80 1531
YJCO -42.36800 147.33500 1389 10 660
YJDA -24.84300 143.05900 476 10 1382
YJED -25.08900 143.54900 525 140 1009
YJEM -33.40900 147.65700 714 10 1252
YJER -35.37800 145.72100 358 20 1241
YJEY -29.41100 121.26800 1348 220 950
YJGP -33.91400 118.89800 1049 120 1590
YJIB -12.28900 134.62500 59 130 1304
YJIG -23.36600 120.75900 1726 130 1474
YJIN -36.42600 148.59600 3375 90 1005
YJIR -12.05500 134.61500 33 100 1017
YJLC -20.66600 141.71200 404 100 1400
YJNB -30.30800 115.05300 49 20 1007
YJNK -22.92800 135.73000 1274 160 1546
YJNY -16.51000 144.38700 716 250 1270
YJOH -35.80900 137.73600 70 140 949
YJRK -17.88800 145.81900 100 10 961
YJRO -23.59000 146.13200 1152 10 1427
YJRX -28.33800 121.98700 2346 120 3141
YJSR -11.50900 131.02100 29 120 905
YJST -33.18600 138.61400 1532 160 1281
YJUK -24.36400 128.73500 1510 150 1848
YJUN -26.42300 120.56700 1845 80 2092
YJVM -22.64600 136.26400 1165 10 1004
YJVS -22.91000 136.11800 1102 150 1083
YJWB -15.73100 144.26900 536 220 1120
YKAE -30.35700 117.11900 1069 140 1092
YKAJ -20.02900 140.03000 509 100 1247
YKAL -14.28700 126.62900 66 100 1156
YKAN -30.89400 124.86100 636 100 1171
YKAP -34.24400 138.91300 1193 150 631
YKAR -29.18300 116.84300 350 70 2386
YKAT -33.66900 150.31700 3232 60 980
YKAY -30.68100 142.53600 598 120 1343
YKBG -30.83700 119.52700 1197 120 1128
YKBL -31.18500 121.59500 1057 160 1242
YKBN -28.08500 152.84000 314 120 1394
YKBO -31.00700 126.58100 559 10 868
YKBR -27.69900 114.25900 514 180 1606
YKBS -17.40300 124.35200 196 130 1236
YKBY -32.83200 134.28700 69 50 1349
YKCA -24.25600 131.48400 2067 120 1487
YKCH -31.02900 124.18000 654 260 1305
YKCK -39.84800 147.85200 100 90 1372
YKCS -24.41900 131.81200 2021 100 1650
YKCY -26.97100 152.56300 382 270 815
YKDI -33.97200 137.65400 138 50 1192
YKDL -32.02000 134.86200 499 180 1325
YKDM -16.11700 130.94700 290 70 1099
YKDN -32.47100 118.27000 986 170 1102
YKEB -31.61500 117.71300 849 100 1023
YKEL -30.81900 150.35200 1018 10 774
YKEN -26.33600 132.47100 1995 90 1069
YKEP -30.89200 150.52600 1150 20 1575
YKER -35.74800 143.93400 254 50 1068
YKEY -29.49300 149.51000 600 20 1263
YKGA -30.90200 135.30500 491 140 1693
YKHA -36.21300 148.11000 966 140 503
YKIA -17.24200 136.17800 742 130 973
YKIB -16.70200 123.83500 172 160 898
YKIC -22.81200 127.72600 1422 260 1753
YKID -18.87200 144.17100 1620 30 1223
YKIG -36.82400 139.86800 11 100 1009
YKII -39.87300 143.87000 131 60 1580
YKIL -16.42600 129.61300 289 160 1053
YKIN -32.46900 142.34100 221 20 1113
YKIR -17.78600 129.21000 1359 10 1469
YKIU -23.08500 149.43500 478 130 1187
YKJN -15.88500 143.50700 470 270 784
YKKG -17.43300 130.80700 646 30 1253
YKKH -31.27700 135.23600 512 100 1579
YKKN -34.37900 116.32400 406 90 829
YKLA -15.92200 142.43200 163 130 1329
YKLB -15.32200 143.95200 317 220 1004
YKLE -16.24600 131.74300 633 130 1163
YKLG -15.20800 143.84200 279 230 1684
YKLI -16.13100 123.77600 458 230 819
YKLL -21.75800 138.88800 725 110 2523
YKLN -15.42700 143.49800 533 140 777
YKLP -23.77200 144.75400 820 120 1075
YKLR -27.71600 138.26100 30 170 702
YKMB -17.45600 140.83000 18 30 1398
YKML -19.36100 140.04700 300 140 1858
YKMN -27.37100 141.92800 327 250 567
YKMP -31.07700 152.75800 54 40 1643
YKNA -26.53100 125.61100 1587 100 1595
YKNC -13.84800 141.58700 30 240 757
YKNG -33.70000 117.65800 950 60 1503
YKNM -26.26700 117.78800 1506 260 844
YKNP -31.12000 117.90000 929 120 1330
YKNT -23.26500 129.37200 1506 80 1396
YKOJ -33.75600 117.13400 907 160 1513
YKOK -29.35000 121.48300 1416 130 1389
YKOL -32.41700 136.29300 675 10 888
YKOW -15.48200 141.74700 35 120 1379
YKPG -12.57200 132.32500 114 10 1062
YKPI -16.68000 144.78300 936 110 851
YKPN -42.53300 147.19300 683 110 434
YKPR -14.88800 144.21600 82 110 1294
YKRE -30.97000 122.53800 1167 150 1630
YKRJ -16.26700 127.18600 1064 140 1434
YKRK -28.68500 117.75300 1167 120 2099
YKRL -25.90700 142.79800 451 250 1240
YKRV -13.75000 142.13100 120 180 1210
YKRW -22.50200 149.13500 559 120 1126
YKRY -26.57200 151.83800 1492 50 1607
YKSC -35.72100 137.52300 24 10 1403
YKTH -36.10600 140.23800 96 270 604
YKTN -37.22600 144.44800 1650 90 703
YKUB -10.22400 142.21600 14 110 999
YKUL -25.84400 133.28600 1680 70 1217
YKUP -27.19300 151.11100 1089 100 966
YKUR -20.50500 134.66900 1329 160 1029
YKUT -25.84400 133.39200 1647 120 2089
YKUW -38.04700 143.14700 525 10 998
YKUY -28.22000 148.57600 635 130 957
YKVA -15.71200 143.74200 642 260 1248
YKWG -31.77900 135.63300 686 10 1217
YKYB -36.33500 144.96600 370 10 909
YKYN -21.60100 141.93900 666 240 821
YKYW -22.25500 143.61000 777 160 873
YLAB -26.82200 152.97400 102 100 766
YLAE -13.11000 130.49400 119 120 1153
YLAG -42.88900 147.95200 9 230 617
YLAH -18.57000 138.63300 400 40 1229
YLAK -20.68400 148.62600 175 40 1091
YLAM -26.92300 134.05200 912 20 1230
YLAN -31.43700 142.13600 445 10 814
YLAO -35.37300 140.45800 302 170 1538
YLAP -28.02900 150.02200 874 10 1042
YLAQ -20.61000 148.65300 85 210 629
YLAW -28.09000 120.52800 1600 100 2115
YLBD -16.51400 122.91800 138 100 1197
YLBG -23.24500 131.25300 2031 80 1334
YLCG -33.28600 146.36900 555 60 1324
YLCK -19.39100 145.84900 1095 160 1228
YLCS -36.82100 145.34600 540 10 1669
YLDB -40.19600 148.23700 43 70 1363
YLDG -40.20600 148.23100 10 100 969
YLDL -16.66300 128.58800 356 250 1343
YLDN -25.95000 150.54300 994 170 1236
YLDO -25.11400 116.94000 1212 10 1456
YLDS -22.20200 138.70500 545 110 1691
YLEA -29.97400 114.98000 14 20 1253
YLEC -30.59600 138.42400 856 110 1707
YLED -37.92000 144.09700 787 10 1272
YLEE -34.49100 146.44000 479 100 1541
YLEG -38.49900 145.85700 263 40 1034
YLEM -42.32200 147.61700 1268 10 731
YLEO -28.88900 121.30600 1217 40 2018
YLEV -12.49800 135.80100 256 80 1156
YLFD -14.92300 144.19900 98 230 1050
YLGA -22.10500 118.46800 1355 250 1072
YLGB -18.68700 121.80600 97 90 1190
YLGC -33.10500 118.38300 926 100 1414
YLGD -41.68600 147.14100 522 150 1078
YLGL -22.48600 146.66400 790 170 1020
YLGN -30.93700 127.01800 598 100 1334
YLGU -15.21400 129.44400 85 110 858
YLHI -31.53700 159.07200 16 100 884
YLHR -12.78200 143.29900 77 120 1995
YLHS -19.18900 144.37000 1957 160 1393
YLIL -37.69900 145.36600 237 180 859
YLIM -17.23400 129.87700 1218 100 1049
YLIS -28.82400 153.25500 35 150 1652
YLIT -13.43000 130.49500 57 120 2046
YLJN -32.32300 120.54600 1000 50 1437
YLJY -36.37400 148.60000 3154 220 646
YLKD -18.90100 144.98700 1429 130 2205
YLKE -37.85200 147.94900 198 270 780
YLKN -20.97600 137.91500 636 110 1231
YLKS -31.71100 152.72400 1 170 885
YLLA -29.79400 133.34600 600 50 1089
YLLC -25.50400 133.99600 1132 260 2448
YLLE -27.41200 141.80400 385 30 1801
YLLL -34.45600 138.52500 145 230 785
YLLT -34.51800 138.42500 55 10 934
YLMA -13.24600 135.84300 39 100 1269
YLMB -31.10500 149.93900 1010 10 1050
YLMR -36.37800 141.08100 413 110 222
YLMU -33.74300 143.00100 279 160 1063
YLND -15.83500 144.84700 905 160 1393
YLNR -24.93000 116.96200 1331 100 1175
YLOC -20.74700 120.98400 589 110 1957
YLOD -36.81100 145.46300 619 140 1107
YLOH -30.53100 145.12300 350 90 1101
YLOK -33.54500 135.68600 384 70 1205
YLOO -22.69300 116.23200 520 140 1152
YLOR -18.98000 139.89900 200 150 1634
YLOU -18.71200 126.70400 822 250 1102
YLOV -17.04800 141.37200 57 260 942
YLOX -34.46900 140.66300 125 80 1323
YLPS -41.10000 145.18300 600 40 728
YLRA -15.55600 144.44900 327 140 1114
YLRD -29.45000 147.97000 539 40 1404
YLRE -23.43800 144.27200 627 40 1935
YLRG -26.22900 121.55100 1657 100 1196
YLRN -19.00500 139.89500 208 110 1508
YLRS -15.18100 144.34100 151 110 1148
YLSM -37.92700 143.34200 654 80 715
YLST -27.84300 120.69500 1631 100 1793
YLSY -27.03900 129.89800 1988 20 1353
YLTH -41.53300 146.88300 554 120 1201
YLTN -28.61700 122.42100 1530 70 1797
YLTT -24.11600 152.71500 6 170 615
YLTV -38.21000 146.47000 179 30 1468
YLUC -22.46600 136.27200 1083 130 1093
YLUI -36.97200 140.34300 89 260 1565
YLUL -31.63900 140.51200 344 120 1233
YLUN -23.25400 149.55400 270 260 2224
YLUW -34.01700 115.04600 278 170 517
YLV1 -37.86800 144.74800 62 50 1551
YLVA -14.48900 143.67500 87 120 865
YLVD -31.73500 135.02700 459 170 1140
YLVT -37.86800 144.74800 62 50 1551
YLVY -32.72600 119.50400 1165 150 1153
YLWY -26.94300 120.47100 1640 130 1223
YLYD -26.82900 151.22500 1286 240 1341
YLYH -30.26900 138.36200 482 130 1224
YLYN -23.63700 115.23400 730 100 1371
YLZI -14.67000 145.45100 70 120 989
YMAA -9.94800 142.19400 29 150 465
YMAC -27.26700 135.63600 354 20 1220
YMAD -31.88800 127.01900 326 10 1278
YMAE -9.91300 144.05300 329 140 527
YMAG -35.04700 142.86000 182 150 1072
YMAI -28.98500 134.39100 659 100 1264
YMAJ -12.23800 134.06300 73 120 901
YMAK -28.93000 134.32800 551 30 1112
YMAL -30.76400 150.72400 1194 10 756
YMAP -12.25500 135.44000 101 270 983
YMAR -14.92000 133.04500 468 130 1171
YMAU -24.29400 116.89100 1273 100 1578
YMAV -38.02700 144.46900 35 180 3050
YMAW -22.40600 148.92600 426 130 1051
YMAX -14.59300 132.18400 451 130 1973
YMAY -36.06800 146.94900 539 70 1896
YMBA -17.06800 145.41700 1560 100 1503
YMBD -35.06800 139.22400 180 20 1074
YMBE -31.34100 116.01200 610 40 1232
YMBL -21.16300 119.82500 637 90 1652
YMBN -12.85200 131.57200 82 220 1010
YMBO -23.30800 143.44000 723 100 895
YMBP -33.87300 122.61000 174 140 912
YMBR -28.26400 134.14800 908 170 1314
YMBT -36.72700 147.16600 1107 140 830
YMBU -37.03300 143.70900 766 170 1043
YMBZ -25.16700 132.63800 1571 120 1277
YMCE -25.09000 117.58900 1377 160 1258
YMCF -27.34700 151.51100 1210 120 934
YMCK -21.28500 141.29700 578 10 1121
YMCL -21.39000 147.32600 785 60 1294
YMCO -37.60400 149.72000 102 180 1146
YMCR -22.09300 137.98200 614 150 1245
YMCS -20.01500 146.47300 870 250 1918
YMCT -37.58400 140.36000 56 80 1192
YMCW -18.20200 127.48900 1406 210 1310
YMDA -25.59500 151.31800 400 180 941
YMDB -20.51400 118.05900 38 10 1096
YMDD -29.70700 138.22800 262 180 1010
YMDE -21.66300 140.51600 1110 160 2276
YMDG -32.57000 149.60200 1545 40 1737
YMDI -19.73600 120.83300 32 110 1013
YMDK -23.04000 134.69500 1985 130 1189
YMDN -31.52000 118.32200 1300 100 1616
YMDO -36.09000 144.98400 320 270 1302
YMDR -21.99400 115.04500 75 260 1784
YMDS -22.46200 135.23900 1486 230 1083
YMDT -31.82100 128.22800 46 170 1375
YMDV -26.17200 129.12900 2067 150 1829
YMDW -16.22100 144.70000 1594 110 1181
YMDX -19.76500 140.37900 385 100 717
YMDY -12.88700 131.90400 150 120 1211
YMDZ -21.19000 115.98400 49 100 1103
YMEB -30.18000 135.66900 522 100 1254
YMED -32.37200 142.40100 240 10 1201
YMEE -16.81600 136.32700 632 130 1330
YMEG -35.70100 139.34500 13 140 951
YMEI -23.97600 131.55900 2410 120 1513
YMEK -26.60900 118.53500 1713 90 2177
YMEL -37.62000 144.56000 670 40 968
YMEN -37.72000 144.90100 281 80 1918
YMEO -36.96600 145.70500 1105 130 633
YMEP -13.72800 142.41000 287 10 1107
YMEQ -22.73600 143.31100 883 100 2185
YMER -36.91300 149.89700 6 30 1600
YMES -38.10600 147.13800 22 40 2434
YMEU -13.06400 142.44800 279 270 1166
YMEW -29.26300 115.44300 1007 170 1302
YMFD -37.06800 146.11800 1050 150 1372
YMGB -12.09200 134.88700 53 110 1414
YMGD -12.05300 134.23300 122 140 1533
YMGE -11.93700 132.82000 68 250 1085
YMGF -34.25100 142.05500 164 50 1594
YMGG -30.23200 133.98600 690 180 1566
YMGI -28.96300 149.04800 600 10 1397
YMGJ -12.65200 135.19200 49 120 829
YMGL -17.45400 141.16400 28 260 854
YMGM -17.82000 134.54800 779 110 1242
YMGN -31.46000 137.16500 344 100 1096
YMGO -27.37300 116.41000 1007 210 1185
YMGR -18.62400 126.87500 949 70 1263
YMGS -28.78500 122.03500 1403 150 1116
YMGT -33.93500 115.09800 374 20 1081
YMGV -14.78200 143.50400 275 10 1250
YMHA -21.01200 139.39700 1222 10 1004
YMHB -42.82900 147.50200 12 120 2249
YMHE -26.02700 117.33100 1321 120 1221
YMHL -32.10900 119.75900 1489 130 1471
YMHN -23.11700 144.74400 736 110 773
YMHO -17.04700 125.71700 948 120 997
YMHT -16.82800 124.91100 644 20 1301
YMHU -16.44400 136.07700 131 60 1464
YMHW -26.49700 142.28100 345 90 1642
YMIA -34.22600 142.07400 166 90 1825
YMIB -27.33300 133.29700 1200 50 1365
YMIG -34.45200 150.49100 1889 60 1218
YMIJ -11.16300 132.53500 39 60 1224
YMIN -34.73700 137.52600 108 160 1581
YMIO -23.32300 150.69600 183 160 543
YMIP -14.79400 125.81900 1077 60 1700
YMIR -17.32700 141.88100 174 110 1158
YMIS -26.38900 120.98000 1824 140 1614
YMIT -26.48400 147.93700 1144 110 1457
YMIU -23.26800 145.27400 806 250 867
YMIV -32.44000 136.06800 575 170 1030
YMIX -23.90600 114.76100 432 270 868
YMJD -18.84100 124.92000 392 110 1677
YMJE -24.63500 116.93900 1466 250 1677
YMJM -34.26300 116.13400 940 120 1219
YMKA -14.92500 133.13300 424 150 943
YMKB -30.91700 118.24900 974 110 1453
YMKC -17.09000 129.04300 510 110 828
YMKT -12.61200 131.04700 69 70 1278
YMKV -12.47900 133.06500 66 100 1082
YMLA -20.88300 118.03300 175 100 745
YMLD -34.38600 137.70800 545 180 1236
YMLE -19.58200 145.25600 1513 230 1010
YMLI -24.90300 114.21100 171 140 806
YMLK -18.18400 145.09000 2169 100 1330
YMLL -19.85200 141.55400 336 120 1934
YMLN -30.20000 143.21100 456 110 860
YMLO -20.01000 147.24500 148 110 983
YMLR -29.24000 137.90700 47 140 1381
YMLS -26.81100 150.16300 996 40 1084
YMLT -41.53700 147.20400 562 140 1982
YMLV -14.06200 129.91000 45 110 821
YMMA -12.25700 133.65300 110 260 1196
YMMB -37.97200 145.09900 50 40 1338
YMMH -16.37700 143.98500 531 260 1154
YMMI -28.71200 121.88400 1535 30 2003
YMML -37.65300 144.83500 433 90 3659
YMMN -27.85600 151.26800 1312 130 1255
YMMR -12.47200 132.48900 40 180 1384
YMMT -26.91300 143.31900 566 10 1307
YMMU -22.79800 148.69900 547 110 1666
YMMY -12.53900 134.10900 133 100 1049
YMNA -22.26900 132.21000 2251 170 1135
YMNB -28.23300 134.96900 404 110 1235
YMND -32.70100 151.49100 85 40 1127
YMNE -27.28400 120.54600 1792 110 1794
YMNF -26.44800 116.54100 1026 110 1005
YMNG -36.89600 145.18700 467 10 2023
YMNK -24.81600 140.55500 350 150 1948
YMNL -11.54900 132.91300 57 270 1523
YMNN -22.13400 132.06600 2149 130 1103
YMNO -23.37200 143.89100 624 230 1004
YMNP -29.59100 139.05200 312 10 928
YMNS -22.57900 135.02700 1649 130 1568
YMNT -17.39200 126.22100 955 270 1218
YMNU -14.05000 134.09100 359 130 1054
YMNX -28.91700 121.79600 1383 210 982
YMNY -25.35600 141.42700 340 110 1476
YMOE -31.96500 135.87300 548 10 1073
YMOF -21.20400 143.79400 924 140 735
YMOG -28.10800 117.83700 1354 40 1804
YMOM -35.06400 144.01700 235 10 1872
YMOO -25.24500 140.97100 280 50 1811
YMOR -29.50600 149.84300 701 10 1613
YMOT -12.43900 142.63500 158 140 1270
YMOU -24.60200 149.99300 482 160 1608
YMOY -25.08000 142.88900 446 210 1251
YMPA -32.83200 135.14400 509 170 1494
YMPC -37.92400 144.75200 14 40 1375
YMPE -20.52000 146.78900 832 170 803
YMPK -23.35500 132.99700 2080 110 1350
YMPN -12.04700 141.90400 51 140 1013
YMPS -29.08800 146.17800 465 250 615
YMQA -22.80300 137.24600 887 80 1166
YMRA -30.15200 131.62500 842 170 2137
YMRB -22.05100 148.07500 770 160 1535
YMRD -30.18100 119.29600 1435 130 1014
YMRE -29.66800 138.06100 164 40 1347
YMRG -26.25100 151.92700 1019 120 751
YMRL -12.83800 133.91800 800 270 742
YMRN -12.12600 133.85500 221 270 1001
YMRS -27.93100 121.30100 1535 260 946
YMRT -17.70500 145.14300 2159 270 1232
YMRV -31.00900 116.80700 876 20 1060
YMRW -29.20300 116.01800 886 140 1910
YMRX -23.50100 115.53800 773 130 1709
YMRY -35.90200 150.14500 14 50 1489
YMSE -19.51600 138.36600 838 10 1436
YMSF -16.97300 130.55200 759 120 1102
YMSP -18.13500 144.28400 1443 220 1097
YMSS -26.88500 115.95500 956 130 1446
YMST -21.62600 117.07600 1011 110 1358
YMSW -22.44300 116.04000 489 150 1069
YMSX -11.93200 135.08100 47 270 1354
YMTA -18.80100 137.08100 863 110 954
YMTB -22.59000 144.52000 753 40 1256
YMTC -28.82800 134.34900 722 10 1337
YMTD -16.05300 144.50900 1131 150 1206
YMTG -37.74600 140.77900 212 60 1526
YMTI -16.66100 139.16300 33 90 1515
YMTJ -16.64900 131.75800 573 10 859
YMTM -12.07600 136.26500 42 100 954
YMTN -24.51800 150.00900 417 140 812
YMTO -24.88600 151.10000 757 160 1323
YMTS -33.53100 119.94300 1007 110 1179
YMTW -31.46600 139.10700 564 110 1172
YMTX -26.05100 135.24200 515 150 1669
YMTZ -16.40700 126.11000 1858 220 1950
YMUA -24.88600 151.91100 159 20 997
YMUC -20.66000 120.06100 307 260 1131
YMUD -14.37900 132.39200 393 170 1508
YMUE -12.09800 132.89000 135 100 1124
YMUG -28.00300 138.65600 193 170 1284
YMUH -12.16000 136.17200 29 260 616
YMUJ -22.36100 118.67600 1500 120 1322
YMUK -28.34400 138.64500 177 120 1157
YMUL -32.51200 115.83700 90 50 1144
YMUM -12.36000 134.13700 99 250 793
YMUN -13.80700 134.42800 248 250 996
YMUP -25.86100 131.64500 2008 70 980
YMUR -28.33700 153.41100 19 180 1130
YMUS -24.40800 147.24100 1088 110 1075
YMUX -26.35600 117.33700 1329 170 3190
YMUY -18.63400 133.92600 984 100 947
YMVG -25.97400 133.20800 1746 10 1387
YMVH -31.47000 119.52600 1429 220 1449
YMVM -33.29000 151.21100 1027 10 1168
YMVN -26.40200 147.12000 1444 230 1731
YMVY -14.08400 133.80900 486 260 1078
YMWA -28.47900 115.51200 950 50 1513
YMWC -20.46600 147.47700 279 230 941
YMWE -22.73600 132.15300 1857 160 924
YMWM -40.90100 148.16800 235 180 817
YMWN -24.38600 148.32200 858 220 1091
YMWO -31.71300 136.42600 469 150 1163
YMWR -31.95700 116.18500 823 110 534
YMWT -29.90700 139.76000 262 40 1051
YMWX -23.36100 139.64700 413 130 1054
YMXC -11.55800 130.58000 102 210 1973
YMYA -12.66200 134.77400 155 100 733
YMYB -25.50600 152.71300 37 120 1592
YMYH -16.96100 135.77500 640 140 1348
YMYI -25.09800 119.75700 2105 130 1573
YMYP -11.59400 136.07900 20 110 621
YMYR -18.12400 124.26500 178 270 1131
YMYT -28.58800 140.30100 108 20 1321
YMYU -33.79600 121.94900 43 40 1378
YMYV -24.64500 134.02200 1266 120 1298
YMYW -21.04300 134.68400 1348 150 1258
YMYY -15.04900 143.75300 224 240 1080
YMZI -29.68100 121.02500 1414 140 1065
YNAA -30.67600 152.98200 6 20 819
YNAB -12.30400 133.30400 269 100 1648
YNAL -12.53900 135.17400 255 120 726
YNAM -12.16400 134.01800 181 270 735
YNAN -26.69300 151.98400 1194 230 1178
YNAP -27.55000 141.15800 180 50 1173
YNAR -34.69300 146.50500 472 50 1613
YNAT -15.58600 135.42800 162 160 1420
YNAU -34.02600 115.73600 498 170 1552
YNBH -24.09400 143.15600 574 100 1205
YNBR -30.32800 149.82400 788 90 1526
YNCD -27.80700 142.59200 320 140 1617
YNCS -25.67600 134.83300 731 120 1016
YNCW -17.37500 133.39800 691 100 1152
YNDG -33.10100 119.01500 1061 140 1447
YNDR -31.80000 132.21600 98 10 1077
YNDS -21.09000 146.14600 732 270 1127
YNDW -24.22400 147.61400 986 160 994
YNES -17.29200 129.26900 843 130 1502
YNGB -36.74000 145.12400 450 20 1035
YNGT -12.56200 134.26800 203 110 1268
YNGU -14.72100 134.74100 45 110 1527
YNHL -36.31000 141.64200 454 90 1222
YNHM -31.68100 116.62000 964 170 671
YNHP -28.34400 114.71200 916 240 1140
YNHV -22.72500 131.14400 1827 130 1108
YNIC -18.04600 128.89900 1289 120 1903
YNIG -32.52300 136.49300 661 10 1060
YNKA -18.48500 124.84900 266 160 2185
YNLD -34.68700 139.66500 185 250 1541
YNLH -17.61300 126.74000 1185 260 578
YNMN -19.20700 145.76800 1087 160 1978
YNMY -20.58500 139.33800 1283 160 873
YNNG -38.06700 145.57400 148 100 739
YNNM -30.17000 143.89400 363 270 823
YNNR -37.77800 143.02000 768 10 882
YNNT -22.53400 115.48200 268 100 1476
YNOB -28.30000 153.32500 68 10 898
YNOC -27.72000 142.70300 370 140 1088
YNOF -19.31800 138.33300 790 170 895
YNOO -28.04300 143.55800 399 10 833
YNOR -28.67100 146.36500 506 120 1544
YNPA -28.48700 135.91200 563 160 1553
YNPB -22.52900 132.75900 2129 120 977
YNPD -17.31600 124.81500 272 110 1269
YNPE -10.93800 142.44800 33 130 1871
YNPJ -32.57900 115.88000 25 100 918
YNPU -30.60100 138.89500 1886 230 991
YNQI -30.89900 140.95400 217 160 1358
YNRB -32.11500 118.40600 1000 10 1077
YNRC -36.98800 140.72400 169 20 1117
YNRG -32.92700 117.08300 1080 100 1526
YNRL -28.55700 141.91600 348 120 945
YNRM -32.21500 148.22400 782 40 1525
YNRN -25.68500 150.85400 970 230 1344
YNRR -22.64500 130.56500 1732 70 1323
YNRV -33.80200 120.20000 209 60 1676
YNSH -26.42100 153.06100 0 110 913
YNSM -32.21600 121.75000 863 40 1417
YNTI -28.29800 113.59400 28 140 469
YNTJ -21.51400 133.98800 1585 160 1185
YNTM -31.62800 116.68600 500 140 950
YNTN -17.68100 141.06700 36 140 1669
YNUB -31.44100 130.90000 220 100 1056
YNUD -22.42000 117.35600 2020 270 823
YNUE -23.99300 135.41900 1017 150 1452
YNUJ -17.96800 137.96300 368 110 1035
YNUL -21.90600 120.19400 1257 140 1340
YNUM -14.26400 135.71200 31 150 1326
YNUN -30.80500 142.48300 687 130 1284
YNUR -30.29900 149.49300 660 10 1101
YNUT -15.80300 134.14500 479 160 986
YNVD -20.60100 146.30800 863 170 1132
YNVE -36.92200 143.08700 750 40 738
YNWL -30.83700 135.29700 500 140 1207
YNWN -23.42400 119.79500 1724 50 2073
YNWT -23.22900 132.62700 1916 70 920
YNWY -30.68400 148.12700 475 130 1207
YNYG -23.04100 115.05000 383 10 588
YNYM -32.05500 146.30800 1012 140 1068
YNYN -31.55400 147.19500 569 50 1641
YNYP -26.17700 130.21100 2185 100 1547
YOAD -25.36900 135.42100 507 140 1837
YOAF -12.47400 134.95500 34 100 796
YOAM -30.57100 150.66000 1393 160 778
YOAP -16.44800 123.06300 31 240 1244
YOAS -34.08800 150.55900 879 180 971
YOAY -23.05000 148.49400 581 150 1504
YOBM -24.52800 149.55300 431 100 615
YOBR -31.96800 152.59100 37 10 593
YOCR -13.20800 143.02600 608 250 1243
YODA -30.45600 131.81700 367 90 1275
YODL -25.36700 142.64200 446 160 1178
YOEN -12.32300 133.00100 30 120 1319
YOGD -20.40300 143.18500 787 170 620
YOIT -22.06400 144.13400 820 250 1264
YOKE -22.29800 145.98100 947 110 822
YOKH -31.66400 137.05900 315 100 908
YOKV -29.50000 130.86700 751 160 1539
YOLA -38.28500 143.67100 450 90 885
YOLD -30.48700 136.86800 343 60 1588
YOLW -21.67800 115.10800 16 30 1658
YOLY -31.00800 147.71000 510 160 1294
YONE -23.29700 145.01500 816 170 811
YOOB -16.76800 123.98100 36 220 1036
YOOD -27.55800 135.43800 386 40 1413
YOOK -30.61600 130.41000 400 90 1447
YOOM -28.09400 140.19100 143 120 1716
YOOO -16.32900 131.49600 489 120 1281
YOPC -12.58300 131.72900 48 20 713
YOPT -12.32600 133.04100 46 260 926
YORA -31.69400 126.58800 347 130 870
YORB -37.79000 148.60600 92 70 932
YORC -24.95700 153.31200 63 130 680
YORG -33.37800 149.12400 3114 40 1674
YORL -33.78800 122.94100 271 130 1714
YORO -14.81600 133.69700 227 110 1090
YORP -31.44300 138.73100 2193 10 1083
YORR -32.78600 138.66700 1358 140 1493
YORT -21.90300 136.07200 1066 130 1072
YORU -28.61700 151.11700 977 100 1068
YORV -17.34700 128.91500 540 10 1363
YORW -29.20100 121.43400 1343 230 1335
YOSB -22.07600 140.55000 935 120 2002
YOSN -23.82500 150.81500 125 250 1906
YOTN -17.43900 144.64400 1538 130 1125
YOUN -28.61300 118.84300 1506 100 1220
YPAC -25.24400 152.54100 16 20 1002
YPAD -34.95900 138.51700 20 50 3100
YPAG -32.49800 137.71100 56 150 1653
YPAJ -10.70100 142.53800 1 150 822
YPAL -16.10600 144.77200 1383 100 476
YPAM -18.75100 146.57800 29 140 1137
YPAS -22.90700 118.68800 2386 250 1341
YPAY -23.23700 131.90300 2035 130 1225
YPBH -38.60700 142.89900 108 90 732
YPBO -23.17500 117.73700 1406 60 2130
YPCC -12.18200 96.82800 10 150 2450
YPCE -33.37600 142.58100 164 30 1178
YPCH -35.36500 142.19400 242 170 957
YPCM -11.75500 130.87800 294 160 1635
YPCS -28.19600 120.42900 1407 100 866
YPDA -35.79900 137.26200 540 160 1438
YPDD -11.33800 132.58800 24 160 1208
YPDE -33.66100 136.13600 388 270 968
YPDI -26.11800 139.40100 121 150 1183
YPDN -12.40900 130.86500 102 110 3351
YPDO -20.10900 119.58200 42 120 1661
YPDY -36.60700 140.50000 133 160 919
YPEA -31.66200 116.01400 150 50 2445
YPEC -33.06600 151.64200 10 70 874
YPED -34.71100 138.61700 67 40 2566
YPEF -37.51500 144.69900 1150 10 1365
YPEP -14.14500 130.08500 79 250 1211
YPFT -36.22500 149.15100 2700 120 762
YPGH -16.80200 131.21900 370 170 1343
YPGP -23.40700 117.88100 1283 210 1240
YPGV -12.26300 136.81000 179 130 2210
YPHU -11.69300 130.19400 46 240 1145
YPID -38.52800 145.32200 43 40 1221
YPIN -15.69300 143.56100 619 230 1064
YPIR -33.23800 137.99100 39 30 1093
YPIX -27.18100 116.28300 1000 130 1667
YPJI -29.42300 116.28000 966 140 1556
YPJN -15.97000 125.05000 560 20 1195
YPJT -32.10000 115.87200 99 60 1391
YPKA -20.71400 116.76500 29 80 2219
YPKE -28.24400 135.88900 335 40 1035
YPKG -30.78800 121.45400 1202 110 1996
YPKH -32.72700 148.21100 943 180 726
YPKI -30.40100 136.39200 284 140 898
YPKL -37.00000 145.06100 550 30 763
YPKS -33.13700 148.23100 1069 40 1682
YPKT -14.24400 129.52700 91 160 1410
YPKU -15.77400 128.70200 145 120 1828
YPLC -34.61300 135.87700 35 10 1492
YPLD -18.48300 139.28800 212 160 1567
YPLG -30.36200 148.90500 535 170 1055
YPLI -29.44500 153.26600 6 90 899
YPLL -25.61300 118.68900 1874 250 1672
YPLM -22.21900 114.09100 19 180 3214
YPLP -31.96000 115.86500 6 110 822
YPLU -25.32100 119.41400 1893 70 2125
YPMB -32.05100 139.86700 813 100 1162
YPMH -29.72500 135.52300 564 10 1683
YPMP -14.89100 141.60600 10 140 1364
YPMQ -31.44100 152.85800 12 30 1591
YPNC -13.82400 131.84200 647 110 856
YPND -20.53200 145.37800 1374 240 1333
YPNG -31.92600 133.00100 82 10 996
YPNI -26.53100 122.81100 1568 10 1430
YPNN -35.25200 140.94500 250 180 1353
YPNW -21.62600 116.31400 661 110 1368
YPOD -38.31900 141.46300 264 80 1613
YPOK -36.72200 146.88900 956 180 910
YPOO -28.46700 134.19300 884 150 1091
YPOP -29.77900 122.26100 1191 240 1671
YPPA -24.81700 141.46500 386 120 569
YPPD -20.37400 118.62200 33 140 2504
YPPF -34.80400 138.63100 57 30 1350
YPPH -31.94100 115.95900 70 30 3471
YPPR -30.63300 147.95500 458 250 1289
YPPS -13.15700 142.77200 403 230 1214
YPRA -36.30900 144.14000 356 40 751
YPRD -29.87600 151.47500 2936 100 1383
YPRE -31.46400 149.90600 1215 10 979
YPRS -35.63000 138.46600 10 100 548
YPSH -35.75900 137.95800 493 230 1257
YPSI -40.49800 148.33700 121 140 907
YPTB -32.99900 138.84900 1827 180 1149
YPTH -23.10800 143.61400 726 10 1034
YPTJ -24.61100 126.32100 1515 140 1912
YPTL -24.13100 144.59300 717 210 1053
YPTN -14.51200 132.36900 443 140 2749
YPUA -14.34600 129.86400 60 10 1496
YPUG -16.72100 137.41600 80 80 1687
YPUK -19.44500 146.41400 1138 100 998
YPUN -22.05200 123.14800 841 130 1338
YPVD -26.67600 142.57800 456 10 1012
YPVI -16.00500 144.07300 704 170 741
YPWF -34.19000 138.15600 26 170 484
YPWR -31.13500 136.81400 548 120 2381
YPXM -10.44100 105.69000 916 180 2113
YPYD -36.05600 144.12700 295 170 1267
YPYF -29.25600 117.67500 1136 170 1856
YQDG -32.00500 117.41400 796 230 1400
YQDI -31.50200 150.51300 1054 60 1769
YQLP -26.60900 144.25000 655 90 1488
YQNS -42.07400 145.52200 866 90 1402
YQRN -32.33000 138.10600 881 180 1224
YQUE -30.32200 143.15700 488 10 1126
YRAG -37.92000 143.73200 590 20 900
YRAK -11.61700 130.29200 109 110 1196
YRAM -26.13900 143.02800 469 220 663
YRAT -28.72200 113.78400 12 10 430
YRAV -33.52900 119.94300 996 110 1329
YRAW -31.01300 125.32000 598 270 1275
YRBB -25.84800 153.06800 32 160 981
YRBE -37.17700 139.80400 20 20 651
YRBM -17.18800 137.76200 628 110 1306
YRBN -34.64600 150.63900 1820 60 565
YRBR -16.71300 136.94000 249 130 1264
YRBT -20.18600 130.00700 1119 120 1517
YRBY -13.64100 142.63800 351 130 1204
YRDM -21.97800 119.00900 1253 260 1551
YRDN -17.12100 144.39000 1172 140 1094
YRDS -20.57400 143.30000 892 160 764
YRDY -27.12200 118.27900 1596 10 1717
YRED -27.20600 153.06400 6 70 851
YREN -34.20000 140.66000 115 70 1827
YRES -25.21700 143.28200 496 10 1152
YRHL -21.97200 116.05800 491 240 1020
YRIA -12.00700 136.46500 73 110 915
YRID -37.48100 144.71900 1121 20 720
YRIM -31.20200 147.92500 568 150 1066
YRIN -13.13200 131.37300 112 160 1363
YRIO -27.54800 152.38800 263 270 801
YRIS -40.69200 145.02500 60 40 873
YRKD -18.95200 135.19600 737 130 1140
YRKP -31.67400 138.63900 1479 120 1022
YRKS -19.86500 138.10400 785 160 1164
YRLE -22.88200 117.44000 1424 100 934
YRLH -19.02800 138.73400 461 120 935
YRLL -24.45700 148.62500 700 140 1024
YRLO -35.03900 139.18600 374 10 987
YRMD -20.70000 143.10600 676 90 1519
YRNG -12.35600 134.88500 206 90 1499
YRNW -23.82900 134.95900 1333 10 1378
YROB -18.84800 143.70600 1509 160 1296
YROE -20.77200 117.15500 35 10 1851
YROI -34.64700 142.77000 282 10 1139
YROK -35.92200 136.71700 354 140 1081
YROM -26.55100 148.77400 1032 90 1508
YROS -20.32000 140.16800 657 10 1344
YROT -29.29100 116.88400 1090 110 1329
YROV -23.59600 134.51300 1660 110 1408
YROX -22.52000 138.83200 499 120 957
YRRB -14.73000 134.52000 70 130 1473
YRRG -23.10000 119.35000 2185 100 1897
YRRR -12.33600 135.99200 86 100 1342
YRSB -25.82300 139.62500 180 110 1424
YRSK -18.78400 128.62100 1238 110 1178
YRSV -27.15100 145.90900 807 10 1260
YRSY -37.39000 144.73700 1488 30 694
YRTI -32.00600 115.53300 12 90 1289
YRTP -15.64200 141.84000 50 120 1089
YRUD -22.55700 122.15000 1285 150 1510
YRUL -12.90900 136.25100 155 140 747
YRUN -24.09600 150.81800 274 10 569
YRUR -12.19100 136.29100 79 110 707
YRUS -40.89400 147.98500 108 70 811
YRVE -17.90200 130.20600 1152 260 1630
YRVW -20.10400 146.90500 950 240 978
YRWA -31.03100 125.19400 613 10 1095
YRXB -30.70800 136.70800 344 90 837
YRYH -22.62200 119.95600 1362 130 1061
YRYK -31.65700 138.60600 1384 30 1110
YRYW -36.53300 144.24100 435 170 1352
YSAD -19.46000 141.77600 331 160 563
YSAG -24.05000 139.06900 307 120 2051
YSAH -22.79500 119.61800 1379 260 1492
YSAN -27.97200 119.28700 1727 10 1201
YSAR -27.04100 135.24300 482 160 1071
YSBE -37.52900 144.74300 927 270 855
YSBK -33.91900 150.98300 29 110 1384
YSBO -21.57400 139.70400 1060 100 1177
YSCA -33.20800 141.16500 180 80 1984
YSCB -35.29100 149.19400 1887 120 3289
YSCC -35.08700 138.66000 1110 160 1119
YSCN -34.04100 150.68000 229 60 1493
YSCO -32.03500 150.82600 745 110 1398
YSCR -31.23400 119.34900 1162 90 1435
YSDL -12.71200 142.36500 209 120 1333
YSDN -34.56800 139.29700 307 230 544
YSDU -32.22300 148.56900 935 50 1708
YSDW -37.73400 141.13200 232 110 401
YSEA -34.56900 139.33100 289 120 945
YSED -28.68800 120.96500 1227 120 1079
YSEK -26.29200 148.45700 1304 230 978
YSEN -32.39800 115.86800 49 50 908
YSER -14.83300 144.94700 91 30 1252
YSEW -30.15300 153.16100 104 130 907
YSFI -19.77100 121.08400 108 90 1305
YSFS -33.72000 150.86600 72 30 1249
YSFY -42.98200 147.20700 635 100 611
YSGD -14.79000 142.42600 256 130 1146
YSGE -28.04700 148.58900 656 110 1522
YSGR -29.70900 152.92800 10 80 924
YSGT -32.59900 151.18800 150 100 984
YSGW -25.67500 142.08300 380 80 1293
YSHG -20.42600 120.14800 561 100 1909
YSHK -25.88900 113.57700 110 180 1691
YSHN -34.75000 116.49000 283 20 901
YSHR -20.27400 148.75300 60 140 1100
YSHT -36.42100 145.39300 374 180 1305
YSHW -33.99400 150.94900 250 110 666
YSIA -32.56200 136.70500 601 140 1071
YSIE -21.50400 144.98800 1005 160 1411
YSII -9.37600 142.62200 14 110 749
YSKF -19.58200 146.77900 295 160 835
YSKI -12.22800 136.70200 20 20 1201
YSKR -11.86400 142.00500 78 110 1429
YSLD -20.21800 142.43100 633 10 750
YSLE -38.17100 144.68800 53 10 701
YSLG -17.05200 125.24100 1009 140 1271
YSLK -35.53000 142.88400 184 90 1163
YSLN -15.89800 143.38100 424 130 1204
YSLV -23.55700 120.04300 1950 270 1017
YSLW -22.37400 149.45600 58 110 995
YSMB -33.37100 151.30000 840 40 657
YSMH -22.73600 150.65000 116 140 1316
YSMI -40.83900 145.07500 31 60 1597
YSMK -24.13100 150.44200 530 150 1662
YSMR -17.86000 142.55300 417 110 961
YSMT -17.39900 144.88000 1962 110 1015
YSMY -14.87900 142.79500 347 120 1129
YSNB -11.41400 130.64400 172 130 1445
YSNF -29.03600 167.93000 371 40 2008
YSNW -34.94800 150.52700 400 30 2093
YSOB -27.67100 151.73100 1753 10 490
YSOE -25.22000 148.75700 1005 140 812
YSOH -32.18800 122.84000 1211 170 1396
YSOW -14.51900 142.03900 168 100 1093
YSPE -28.62000 151.97200 2938 80 1709
YSPF -17.98300 144.43300 1636 170 1361
YSPI -24.13000 148.08600 1209 130 1211
YSPK -18.62000 144.56700 1700 80 853
YSPT -27.92600 153.36900 9 10 915
YSPV -23.54800 140.70100 434 10 1187
YSPY -34.66400 136.33900 52 10 1045
YSRD -29.09500 122.46500 1350 60 1978
YSRI -33.60200 150.77100 67 100 2132
YSRK -20.89800 117.64800 102 100 1025
YSRN -42.15000 145.29100 66 180 1221
YSRT -27.16000 149.07100 830 260 1046
YSSY -33.92900 151.17200 21 70 3971
YSTA -36.63600 143.18500 639 90 1015
YSTB -14.47600 142.82100 441 110 1018
YSTC -29.71400 137.05600 103 210 1323
YSTD -19.34400 146.16400 1077 210 773
YSTH -41.33700 148.27900 158 80 1069
YSTN -41.03300 146.99200 171 100 678
YSTO -24.36000 143.28600 538 40 1264
YSTP -20.35600 146.79900 650 210 697
YSTR -31.75500 140.34100 465 150 1082
YSTT -24.11500 134.38500 1424 100 1135
YSTW -31.08100 150.83300 1334 60 2200
YSUJ -19.26500 129.94300 1434 120 1420
YSUN -30.45200 150.98100 3022 120 1399
YSUR -43.28800 147.07100 229 90 499
YSUT -21.33900 147.97400 1054 180 1175
YSVH -20.59500 143.07500 743 140 749
YSVN -14.87000 142.96500 426 170 1028
YSVP -13.97600 143.55000 41 250 973
YSWA -42.10200 148.06700 20 40 900
YSWB -29.05000 153.30300 14 110 466
YSWE -17.12100 139.60000 23 130 1159
YSWG -35.16700 147.46000 724 50 1764
YSWH -35.37500 143.52500 234 80 1488
YSWI -40.72900 148.11400 41 90 420
YSWK -30.92900 153.02600 2 10 964
YSWL -37.07900 142.74100 807 10 1401
YSWR -34.55700 139.59100 39 230 684
YSXB -20.01100 142.47800 623 250 1419
YSYN -35.31400 138.99900 70 100 902
YTAA -27.16900 150.47600 1180 170 1200
YTAB -17.29500 126.90700 1480 10 1198
YTAL -35.40000 149.16500 2044 210 527
YTAM -25.79900 149.89400 787 120 1249
YTAN -20.57100 129.73600 1138 110 1147
YTAP -25.68900 147.29300 1778 160 1337
YTAR -30.70200 134.57600 397 220 1365
YTAV -41.80900 147.73900 725 180 543
YTBB -34.35600 136.09400 36 150 1220
YTBG -35.58500 148.28800 1348 230 674
YTBI -12.20500 134.00800 56 270 791
YTBM -35.76900 147.88600 1993 10 1331
YTBP -25.58500 153.06200 329 140 920
YTBR -15.61900 130.44200 51 100 1181
YTBX -28.15600 120.92800 1704 70 2117
YTCF -22.31200 122.06000 1220 100 1405
YTCK -20.78300 145.00300 1575 260 2272
YTCL -23.76100 143.49600 632 10 995
YTCU -22.67900 143.34300 884 130 664
YTCY -26.75300 133.35300 1261 130 1365
YTDM -27.11800 134.77000 610 40 993
YTDN -38.21400 145.42800 10 40 953
YTDR -24.98100 150.09300 560 170 1362
YTEA -23.96200 148.77200 922 260 1238
YTEE -21.82800 140.88200 891 140 1929
YTEF -21.71000 122.22200 970 120 1999
YTEL -29.60100 149.40600 572 10 1295
YTEM -34.42600 147.49500 920 50 2036
YTEP -28.06800 141.83900 253 220 1064
YTEX -28.83400 151.14800 979 270 930
YTFA -34.39700 139.38000 233 30 772
YTFD -28.99200 151.92300 2617 260 1270
YTGA -27.13300 153.36400 27 170 956
YTGG -37.35200 145.70000 700 20 792
YTGI -31.98200 148.00300 695 10 1591
YTGM -27.98100 143.80700 433 40 1465
YTGT -20.54400 130.34000 1296 110 2436
YTGW -22.46500 144.45400 775 160 1145
YTHD -14.79400 126.49500 700 210 980
YTHI -35.02700 136.17300 49 70 1407
YTHM -40.45200 144.90900 250 60 904
YTHR -25.14200 119.09700 1719 240 1915
YTHS -29.53300 115.85800 882 10 1131
YTHT -29.98300 135.39600 619 170 1150
YTHV -21.45900 115.00900 9 270 1007
YTHY -26.09600 143.46600 540 160 1778
YTIB -29.45700 142.05400 584 20 1657
YTII -25.58600 143.90100 944 150 1100
YTIT -22.12100 133.42200 1808 170 1394
YTIW -27.66200 140.09500 133 170 1601
YTIY -12.97100 136.50000 75 130 743
YTJI -26.00300 125.45000 1431 100 2262
YTJU -29.34800 127.10200 740 240 1195
YTKS -21.03300 141.79300 420 130 548
YTKY -17.04600 128.20200 686 210 1405
YTLE -30.32100 145.39100 333 240 1625
YTLH -27.07300 152.37800 303 240 1043
YTLI -28.05500 151.92800 1533 260 701
YTLP -30.92300 144.41400 280 90 997
YTLT -22.63100 136.80700 943 140 970
YTLW -18.63100 140.25200 120 210 871
YTMA -24.64900 149.62000 491 270 1187
YTMB -24.83900 146.28700 1300 90 1305
YTME -23.41000 143.82800 697 160 1011
YTML -26.65400 113.74100 20 10 2139
YTMN -19.96100 129.72100 1400 130 1522
YTMO -21.80200 139.91600 949 140 1905
YTMS -31.31900 149.83800 1207 10 1596
YTMU -35.26300 148.24100 877 170 1062
YTMY -22.25600 137.95000 574 90 932
YTNC -32.20600 152.47400 22 50 1654
YTNG -24.49300 150.57200 644 100 1534
YTNK -19.63600 134.17000 1236 70 1955
YTNR -16.45700 134.64800 897 130 1235
YTOA -28.42000 140.80700 194 10 1547
YTOC -35.80200 145.60600 372 90 1462
YTOG -30.08200 149.53100 629 270 1160
YTOK -25.13200 147.16200 1709 10 714
YTOL -25.88000 148.04200 1540 10 1325
YTOT -32.26100 147.36400 780 30 977
YTPA -13.72400 131.02400 235 110 2110
YTQY -38.29200 144.36500 30 90 709
YTRB -36.06300 144.53300 304 170 925
YTRC -24.07600 143.39200 545 10 930
YTRE -31.89300 152.51000 37 40 1507
YTRF -40.63200 144.68500 218 100 355
YTRK -23.62200 118.64500 1740 160 1293
YTRN -22.07900 144.01300 819 170 842
YTRP -29.27500 124.67700 1150 120 1514
YTRW -17.36300 143.74500 688 270 1239
YTST -14.08400 126.37600 175 120 1501
YTTB -28.38400 121.19900 1582 170 1534
YTTD -10.95300 142.70100 35 110 625
YTTE -13.97700 141.65400 33 170 1412
YTTI -13.74800 126.14600 27 140 1100
YTTS -22.95500 149.42700 326 20 1580
YTUA -42.51100 147.89500 35 30 670
YTUC -27.47600 118.13200 1526 230 1317
YTUG -24.49400 149.20800 770 260 1201
YTUN -42.10900 147.36100 735 140 1134
YTUY -17.94000 145.93700 53 10 1131
YTWB -27.54000 151.91200 2085 70 1121
YTWD -28.49900 149.45200 625 220 1451
YTWE -22.83300 146.72400 974 160 968
YTWN -31.44600 148.89300 1380 140 1302
YTYA -38.27200 145.18000 88 170 1129
YTYH -28.59700 153.54700 15 240 927
YTYN -26.21500 133.89900 1227 170 1123
YUAN -20.11000 127.61300 972 250 1246
YUBK -13.87800 136.78000 77 240 2159
YUBT -30.23700 139.10100 1738 230 1014
YUCH -17.67000 134.23600 764 110 1289
YUDA -18.18800 144.60300 2450 110 1902
YUDG -21.59000 138.36600 620 180 1081
YUDL -19.62600 138.63300 844 10 774
YULC -22.03500 145.97200 942 20 1262
YUMB -25.74300 133.69600 1490 120 975
YUMU -26.48800 132.03100 1916 80 1856
YUND -29.59200 146.61100 394 170 1002
YUNG -36.26700 143.78100 364 250 798
YUNY -24.51400 139.61100 307 240 1325
YUOF -38.21900 147.16600 171 270 608
YUPG -14.70400 134.55800 52 100 1094
YUPH -30.08000 150.64700 2227 160 514
YURL -22.45200 137.71900 640 160 1243
YUSL -26.16600 113.39300 53 10 1724
YUTP -22.05900 134.78900 1512 10 1429
YUTS -22.22900 134.57500 1624 120 1228
YVIV -30.57900 135.72000 507 100 1199
YVLG -18.67300 145.08800 1598 270 1375
YVNS -22.34700 130.86200 2019 140 1418
YVRD -16.40200 130.99800 289 90 1483
YVRS -16.95600 141.95000 140 150 1251
YVSH -11.13800 131.97900 10 150 1386
YVVA -37.17800 142.33700 727 170 1060
YVVL -14.73200 143.58400 206 110 793
YWAB -24.72100 117.33600 1558 60 1365
YWAC -20.63800 134.20300 1184 100 1378
YWAF -30.93100 150.79600 1188 100 1360
YWAG -29.70700 144.17100 360 170 1140
YWAH -24.45500 144.10800 637 20 1149
YWAL -19.77400 120.64500 31 140 1440
YWAT -12.63500 143.03700 277 110 944
YWAV -17.38900 131.11500 658 140 1385
YWAX -25.28800 127.55500 1889 170 1776
YWBA -24.11900 149.47500 689 10 1202
YWBB -25.74700 148.09500 1671 140 2425
YWBE -37.85500 144.61300 141 10 863
YWBI -20.99600 134.39100 1258 120 1193
YWBL -38.29000 142.44100 242 40 1370
YWBN -34.17700 150.80900 875 170 977
YWBR -26.11800 126.58400 1500 180 1595
YWBS -10.20600 142.82100 10 120 720
YWBV -32.13400 116.73100 952 160 800
YWBY -22.92900 144.41200 681 270 1092
YWCA -31.52600 143.37500 250 30 948
YWCH -31.00300 151.55200 3788 140 1596
YWCK -28.14800 151.93500 1500 90 1640
YWCM -20.09800 129.12000 1522 90 1506
YWDA -28.47400 122.23900 1435 140 1786
YWDC -21.14500 118.69300 524 10 964
YWDE -30.58500 148.31200 470 240 1412
YWDG -30.03000 119.37800 1535 100 1849
YWDH -25.41400 142.66300 452 40 1375
YWDI -34.47900 137.35700 69 230 1154
YWDJ -17.42100 124.91900 301 270 1247
YWDL -18.57100 140.89100 1050 110 1051
YWDR -34.93900 149.40500 2293 270 1197
YWDT -18.75300 144.83400 1533 100 1136
YWDV -19.66800 144.88100 1895 110 994
YWDY -25.93400 152.96300 109 130 832
YWEA -21.89800 148.36500 0 70 1461
YWEB -33.71700 148.88900 1947 120 842
YWEC -25.53900 145.13500 1074 170 1643
YWEE -27.10000 116.14900 968 210 1110
YWEL -32.45600 148.98400 1398 130 1451
YWEO -30.64400 139.33700 363 110 1532
YWER -18.13000 139.95500 59 10 1206
YWEX -22.38300 124.81300 1169 120 1375
YWGA -16.32500 145.41900 23 210 1131
YWGE -23.76500 114.55000 323 140 565
YWGI -35.15100 136.45400 5 260 950
YWGM -31.86400 116.93100 958 80 681
YWGN -33.31400 117.35900 837 50 1037
YWGT -36.41900 146.29900 504 180 1641
YWGW -26.11800 121.95100 1505 170 1606
YWHA -33.05100 137.51800 41 50 1688
YWHC -30.84900 143.06700 530 10 1080
YWHG -36.68300 145.23200 407 60 806
YWHI -41.58500 146.93300 614 110 541
YWHL -17.77400 135.65300 740 120 1427
YWIB -27.97200 134.14400 922 160 1218
YWID -32.52500 150.34400 652 10 994
YWIE -21.12300 147.26700 956 110 1495
YWIG -11.77700 136.53800 43 150 820
YWIL -31.29000 142.65000 660 10 774
YWIN -27.72600 152.64300 170 180 973
YWIO -34.21600 150.66800 610 150 915
YWIR -31.18500 136.22000 459 60 1332
YWIS -22.46700 150.17500 114 140 1804
YWKB -36.32200 142.41300 397 80 1368
YWKD -13.86900 129.98300 84 240 1134
YWKH -20.67900 117.12000 45 40 1248
YWKI -34.18700 140.02400 138 20 958
YWKM -31.20300 117.37200 1000 90 1434
YWKR -40.62000 144.93400 4 20 722
YWKS -66.68800 111.45000 2533 270 3202
YWKU -11.62900 130.30300 85 110 1264
YWKW -32.54500 151.01500 250 100 1443
YWLA -21.27600 132.62300 1521 120 1561
YWLB -27.33200 134.07700 1020 70 1371
YWLF -25.17100 143.33100 501 10 959
YWLG -30.03700 148.11800 439 50 1625
YWLM -32.78900 151.82500 31 120 2438
YWLN -30.42000 139.43800 266 100 1058
YWLO -15.28600 131.57900 558 170 1383
YWLU -26.62600 120.21700 1649 150 1815
YWMA -30.63100 142.32900 611 160 904
YWMC -28.90600 136.34000 242 110 1320
YWMG -29.24000 146.92200 429 10 1083
YWML -17.31500 138.23600 205 160 1206
YWMP -16.66100 143.99500 500 60 973
YWMR -16.49800 143.72400 448 230 1725
YWMY -23.86000 115.13800 653 110 920
YWNA -30.77200 134.72800 489 30 925
YWND -26.28500 151.86000 1050 180 1530
YWNG -32.45200 141.25600 498 160 1054
YWNI -13.69700 141.55700 30 130 1309
YWNL -26.05800 128.92000 2218 110 1726
YWNN -26.11500 149.95300 853 230 837
YWNO -27.13600 121.33200 1739 110 1283
YWNR -12.36100 131.46500 32 130 755
YWNS -25.03200 143.67300 541 160 859
YWOD -42.17200 147.44400 709 10 973
YWOH -30.88100 116.72400 1054 70 1247
YWOK -33.77300 120.24800 234 240 888
YWOL -34.55200 150.78500 34 90 1823
YWOR -17.22200 137.92600 190 70 1873
YWOU -14.77200 131.04600 599 160 684
YWOV -36.62800 144.18200 494 120 1000
YWOX -32.39400 123.98300 469 110 1184
YWPA -31.13800 138.97400 733 110 1554
YWPD -31.51600 138.62100 1707 100 704
YWPE -34.95000 116.69000 59 130 919
YWPL -23.12000 114.52700 301 10 870
YWRA -20.47700 138.16400 758 120 1048
YWRC -32.42800 118.89800 989 80 1561
YWRK -34.95400 137.31200 66 170 830
YWRL -29.53500 150.53000 1140 90 1145
YWRN -31.73300 147.80300 669 30 1289
YWRR -23.47800 113.79500 32 220 1120
YWRS -19.32300 144.07500 2462 230 1435
YWRT -41.44900 145.54300 2043 70 621
YWRV -13.59800 135.75500 67 100 1189
YWSC -15.66600 132.67000 620 20 1136
YWSD -30.71100 141.40200 349 180 1373
YWSG -27.09400 152.45900 300 40 969
YWSI -29.58000 134.53000 486 50 1317
YWSL -38.09000 146.95700 93 50 1520
YWSX -31.31900 118.67200 1135 10 1187
YWTA -27.73200 134.12200 0 210 962
YWTL -16.62900 129.31700 433 100 1092
YWTN -22.35700 143.08300 638 50 1405
YWTO -34.08700 141.88500 110 90 1234
YWTV -13.22600 142.22800 205 100 1536
YWUD -33.03400 135.44100 310 70 1511
YWUL -12.89000 136.35300 58 100 816
YWVA -33.24400 151.42700 30 20 869
YWVN -13.31300 142.88300 465 110 554
YWWA -30.26000 149.40600 613 230 1163
YWWD -22.75100 144.40100 739 10 766
YWWE -20.29800 146.61400 812 250 799
YWWG -20.84800 120.69900 518 120 1823
YWWH -22.06700 147.72100 847 10 987
YWWI -21.65800 121.23100 921 140 2261
YWWL -33.93800 147.18100 858 40 1581
YWWS -28.01600 153.06500 370 240 1082
YWWX -24.12100 145.58100 1058 130 987
YWYA -27.26600 145.98200 800 90 1333
YWYB -30.55800 133.52700 499 90 1300
YWYF -36.05900 143.23300 350 80 1153
YWYG -14.61600 135.48500 26 270 1271
YWYL -28.75800 151.03100 935 100 1365
YWYM -15.50400 128.14900 14 120 1606
YWYY -40.99700 145.72400 62 50 1646
YXNU -28.16600 153.22100 436 150 438
YYAB -27.55900 120.52800 1565 160 1761
YYAC -21.37800 147.09500 656 100 1109
YYAK -16.73600 145.34700 1270 180 1301
YYAL -28.34800 116.67200 1039 120 1651
YYAM -26.65100 145.28500 855 150 844
YYAN -12.28600 136.65600 34 130 847
YYAW -31.71600 141.80400 712 10 890
YYAY -12.21300 136.23000 32 260 1221
YYBE -23.26600 149.01400 444 20 1044
YYCA -30.50700 142.90700 433 50 978
YYDE -21.37600 118.87700 742 20 1527
YYDN -14.30700 143.30600 809 230 1232
YYEA -37.17200 145.32200 593 150 866
YYER -29.47300 121.83000 1239 10 1503
YYGG -20.88900 127.94200 1302 100 1338
YYIN -24.65300 116.16800 931 110 1057
YYKA -24.90200 144.03700 670 210 1398
YYKI -9.75000 143.40200 10 120 1001
YYLD -30.26300 142.97700 409 10 691
YYLG -27.42300 115.51500 802 150 1488
YYLK -12.26200 136.00600 79 270 1046
YYLL -25.44800 148.44900 1809 270 1420
YYLR -27.26900 120.09400 1611 160 2041
YYMI -9.89800 142.77100 14 110 804
YYND -22.24900 131.77600 2204 120 1446
YYNG -34.26100 148.24500 1267 10 1221
YYNR -22.50800 114.79800 109 170 747
YYOO -31.80000 136.85900 301 130 963
YYOR -34.99800 137.61900 131 180 1143
YYRK -31.85900 116.79400 566 40 1299
YYRM -38.56600 146.74800 50 50 1213
YYRN -28.15200 123.66900 1437 110 1091
YYTA -31.46900 131.81900 210 110 1203
YYUM -28.55900 119.01700 1425 150 975
YYUN -32.56600 139.56300 1007 170 1221
YYWA -27.94500 144.62300 664 140 1428
YYWG -36.03200 146.02300 423 10 1127
YYYA -21.28100 118.38100 439 130 1306
YZAN -31.03600 123.56000 883 90 1527
YZHN -41.88900 145.35000 541 10 514
ZBAA 40.08900 116.59500 116 180 3789
ZBHH 40.84500 111.80400 3556 80 3588
ZBLA 49.20400 119.80700 2169 90 2592
ZBSJ 38.29400 114.68700 233 150 3404
ZBTJ 39.13700 117.33800 10 160 3202
ZBYN 37.75600 112.61400 2575 130 3207
ZGGG 23.37600 113.30500 50 20 3826
ZGHA 28.20100 113.21900 217 180 2609
ZGKL 25.20600 110.03800 570 10 2811
ZGNN 22.60000 108.16300 421 50 2707
ZGSZ 22.65300 113.80300 13 150 3415
ZHCC 34.52500 113.82400 495 120 3394
ZHHH 30.77200 114.19600 113 40 3404
ZJHK 19.93500 110.43800 75 90 3602
ZJSY 18.30100 109.39600 92 80 3383
ZKPY 39.22800 125.67600 117 10 3800
ZLAK 32.70900 108.92300 859 110 1601
ZLDH 40.16000 94.78900 3694 80 2913
ZLGM 36.40000 94.75900 9322 90 4803
ZLJQ 39.86900 98.32600 5124 140 2999
ZLLL 36.53100 103.62000 6388 180 3602
ZLXY 34.43800 108.74000 1571 50 3003
ZMBH 46.17500 100.69700 6085 160 2770
ZMBU 46.67000 113.28300 3205 180 2166
ZMCD 48.14000 114.63000 2457 120 2582
ZMDZ 43.58200 104.42300 4787 30 2350
ZMKD 47.96600 91.62000 4898 160 2849
ZMMN 49.66600 100.08300 4272 100 2404
ZMUB 47.85300 106.75300 4364 140 3095
ZPJH 21.98300 100.75600 1815 160 2205
ZPLJ 26.66800 100.24200 7357 20 2534
ZPPP 24.97900 102.73500 6217 30 3408
ZPZI 26.55200 101.80400 6482 20 2870
ZPZT 27.31500 103.74500 6397 220 2628
ZSAM 24.53500 118.11500 59 50 3397
ZSCN 28.85300 115.89400 143 30 2807
ZSFZ 25.92100 119.65500 46 30 3618
ZSHC 30.22200 120.41800 23 70 3597
ZSJN 36.84100 117.21600 76 10 3608
ZSNB 29.83500 121.44800 13 130 3201
ZSNJ 31.73300 118.84600 49 60 3598
ZSOF 31.79000 117.28800 108 140 3002
ZSPD 31.16100 121.78600 13 160 4008
ZSQD 36.28100 120.37000 33 170 3416
ZSSS 31.21300 121.33500 10 180 3423
ZSWH 37.17600 122.22400 145 20 2614
ZSWZ 27.90300 120.84600 14 30 2402
ZSYT 37.39100 121.36100 59 40 2600
ZUAL 32.11800 80.04200 14015 150 4506
ZUBD 30.57100 97.09300 14219 140 4203
ZUCG 30.93900 104.33300 1555 140 1525
ZUCK 29.70500 106.63700 1365 20 3212
ZUGY 26.52400 106.79800 3736 10 3212
ZULS 29.29800 90.89200 11713 90 3995
ZUNZ 29.29600 94.32200 9674 50 2999
ZUUU 30.56300 103.94000 1625 20 3606
ZUXC 28.00500 102.18400 5112 180 3612
ZUYB 28.78700 104.53400 1082 260 2181
ZWCM 38.14200 85.53100 4081 10 1701
ZWEI 37.99200 102.56700 5111 160 2570
ZWKL 41.69100 86.10400 3051 40 2786
ZWSH 39.54200 76.00100 4529 80 3183
ZWTN 37.04400 79.84800 4672 110 3162
ZWWW 43.90300 87.45300 2125 70 3595
ZYCC 43.98700 125.67000 706 60 3195
ZYHB 45.61200 126.23700 457 50 3198
ZYJM 46.83600 130.45300 262 60 2213
ZYMD 44.51400 129.56200 883 40 2609
ZYQQ 47.25000 123.91200 477 170 2595
ZYTL 38.96700 121.52000 107 100 3292
ZYTX 41.63000 123.46900 198 60 3188
ZYYJ 42.88100 129.43600 624 90 2594
ZYYY 41.77600 123.48900 151 60 2402
